EMPLOYER_NAME,total_matching_lcas,ca_worksite_lcas,median_annual_wage,new_employment_lcas,top_job_titles,worksite_states,h1b_dependent
"AMAZON DATA SERVICES, INC",96,5,130850.0,36,Data Center Infrastructure Engineer II; Data Centre Infrastructure Engineer I; Data Center Infrastructure Engineer I,"CA,GA,OH,OR,TX,VA,WA",No
ASM AMERICA INC.,59,2,90771.0,35,Mechanical Engineer II; Snr Mechanical Engineer I; Field Service Engineer I,"AZ,CA,NJ,OR",No
"HDR ENGINEERING, INC.",44,11,85005.0,30,Water/Wastewater Engineer in Training (EIT); Traffic Engineer in Training (EIT); Bridge Engineer in Training (EIT),"AZ,CA,CO,FL,MO,NE,OR,SD,TX,VA,WA",No
"MICHAEL BAKER INTERNATIONAL, INC.",44,4,83019.0,16,Civil Associate I; Civil Engineer I; Civil Engineer II,"AR,CA,CO,CT,FL,IL,IN,LA,MA,MD,MI,MN,NC,NJ,OH,PA,TX,UT,VA,WI",No
"GOKEN AMERICA, LLC",42,0,70283.0,17,Design Engineer II; Design Release Engineer II; Design Engineer I,OH,Yes
BLACK & VEATCH CORPORATION,40,4,71625.0,28,Electrical Engineer 2; Electrical Engineer 1; Structural Engineer 2,"AZ,CA,CO,GA,IL,KS,MA,MI,MN,NJ,NY,OR,TX",No
MILWAUKEE ELECTRIC TOOL CORPORATION,37,0,95000.0,14,Electrical Engineer II; Firmware Engineer I; Design Engineer II,"IL,MS,WI",No
"ARCADIS U.S., INC.",37,6,83678.0,25,Water Engineer 2; Transportation Engineer 1; Transportation Engineer 2,"AR,CA,CO,FL,GA,IL,LA,MA,MI,NC,NY,OH,PA,TN,TX,UT,VA",
"TESLA, INC.",36,13,93960.0,31,Associate Process Engineer; Associate Manufacturing Equipment Engineer; Associate Mechanical Design Engineer,"CA,NV,NY,TX",No
JACOBS ENGINEERING GROUP INC.,35,2,88400.0,20,Traffic EIT; Highway Engineer Professional Associate; Geotechnical Engineer - Entry Level,"CA,CT,FL,GA,IN,MA,NC,NJ,OH,PA,TN,TX,UT,VA,WA",No
STANTEC CONSULTING SERVICES INC.,34,8,88754.0,19,Civil Engineer - EIT; Civil Engineer- EIT; Associate,"AZ,CA,CO,DC,FL,GA,MA,MD,NM,NY,OR,TN,TX,VA",No
"AMAZON DATA SERVICES, INC.",26,0,140000.0,1,DATA CENTER INFRASTRUCTURE ENGINEER II; TECHNICAL OPERATIONS ENGINEER I; Data Center Infrastructure Engineer II,"AZ,IN,OH,PA,TX,VA,WA",No
AMAZON.COM SERVICES LLC,25,9,140000.0,3,Data Center Infrastructure Engineer II; RESEARCH SCIENTIST II; Hardware Development Engineer II,"CA,MA,NJ,TN,TX,WA,WI",No
"SAMSUNG AUSTIN SEMICONDUCTOR, LLC.",24,0,90000.0,6,Engineer II; Engineer I,TX,No
"AMAZON WEB SERVICES, INC.",24,0,130700.0,4,Data Center Infrastructure Engineer II; Data Centre Infrastructure Engineer I; DATA CENTER INFRASTRUCTURE ENGINEER II,"AZ,GA,IL,MS,OH,TX,VA,WA",No
WSP USA BUILDINGS INC.,22,3,84542.0,15,"Associate Consultant, Mechanical Engineer; Associate Consultant, Electrical Engineer; Assistant Consultant, Electrical Engineering","AZ,CA,FL,GA,IL,MA,MO,NY,TX,VA,WI",No
"RUMMEL, KLEPPER & KAHL, LLP",22,0,92560.0,10,Engineer I; Engineer II; Project Engineer I,"CO,FL,MD,NC,PA,SC,TN,VA",No
WSP USA INC.,19,1,81224.0,11,"Associate Consultant, Civil Engineer; Assistant Consultant, Water Resources Engineer; Assistant Consultant, Environmental Engineering","AL,CA,CO,FL,IL,KY,NC,NY,TX,VT,WA,WI",No
"BOWMAN CONSULTING GROUP, LTD.",19,0,75013.0,10,"Civil Engineer I; Engineer I, Transportation; Civil Engineer II","AZ,FL,NJ,OR,PA,RI,TX,VA,WA",
GULFSTREAM AEROSPACE CORPORATION,19,0,92700.0,14,Engineer II; Technical Specialist II; Completions Technical Specialist II,GA,No
TRANSYSTEMS CORPORATION,18,2,84458.0,9,Civil Engineer 1; Structural Engineer 1; Civil Engineer 2,"CA,CT,FL,KS,MA,MD,MO,TX",
"WALTER P. MOORE & ASSOCIATES, INC.",17,3,86700.0,14,Graduate Engineer II - Structures; Graduate Engineer I - Structures; Graduate Engineer II - Diagnostics,"CA,DC,FL,IL,NV,NY,TX",No
UNIVERSITY OF COLORADO,17,0,85000.0,6,"Research Associate (Environmental Scientist); Research Associate (Photonics Engineer); Research Associate, Mechanical Engineering",CO,No
FLATIRON CONSTRUCTION CORP.,16,6,107222.0,9,Project Engineer II; Field Engineer II; Cost Engineer II,"CA,CO,HI,VA,WA",No
"AECOM TECHNICAL SERVICES, INC.",16,1,80378.0,13,Civil Engineer I; Structural Engineer I; BIM Specialist II,"AL,CA,CO,ID,IL,LA,NY,PA,TX,VA,WA",
MOTT MACDONALD GROUP INC.,16,3,82826.0,16,Engineer II - Water/Wastewater; Engineer II - Tunnels; ENGINEER II - STRUCTURAL,"CA,CO,KY,MA,NC,NJ,NY,OR,PA,TX",
IMEG CONSULTANTS CORP.,15,9,104000.0,3,Project Engineer I; Civil Engineering Graduate- Designer 2; Electrical Engineering Graduate - Designer 2,"CA,MT,NY,TX",No
"SCHWEITZER ENGINEERING LABORATORIES, INC.",15,1,89250.0,14,Associate Application Engineer--Automation; Associate Power Engineer; Associate Application Engineer--Protection,"CA,GA,ID,NH,OH,PA,WA",
"RIVIAN AUTOMOTIVE, LLC",15,12,111384.0,5,Mechanical Engineer II; Virtual Engineer II; Battery Cell Test Engineer II,"CA,IL,MI",No
"BOSTON DYNAMICS AI INSTITUTE, LLC",14,0,183700.0,14,Research Scientist II; Applied Scientist II,MA,
"MITSUBISHI ELECTRIC POWER PRODUCTS, INC.",14,2,98630.0,4,Systems Studies Engineer II; Systems Studies Engineer I; Integration Engineer I,"AZ,CA,KS,MN,PA,TX,VA",No
CAPGEMINI AMERICA INC,14,1,110000.0,1,Mechanical Engineer 2; Electrical Engineer 2,"CA,KS,MI,NC,WI",Yes
"MODJESKI AND MASTERS, INC.",14,0,82500.0,11,Engineer in Training II; Engineer in Training I; Engineer in Training II - Structures,"CO,DC,IL,LA,MI,NC,PA,TX,WV",
ATKINSREALIS USA INC.,14,0,84432.0,9,Engineer II; Engineer I,"AZ,FL,GA,NC,NJ,TX",
ZIMMER GUNSUL FRASCA ARCHITECTS LLP,13,1,79181.0,6,Architectural Designer (Architectural Intern); Intern 2 (Architectural Intern); Architectural Designer 3 (Architectural Intern),"CA,CO,DC,NY,OR,WA",
"CHA CONSULTING, INC.",13,0,78000.0,8,Engineer I; Engineer II,"CT,FL,GA,IN,NY,OH,VA",
"JACOBS ENGINEERING GROUP, INC.",12,0,90158.0,7,Water Resources EIT-Transportation Drainage; Highway Engineering Professional Entry Level; Geotechnical Engineering Professional Associate,"GA,ID,NC,PA,TX,VA,WA",
CDM SMITH INC.,12,0,81827.0,12,Transportation Engineer 2; Environmental Engineer 2; Construction Specialist 2,"NH,NM,NY,TN,TX,VA",
"TRINITY CONSULTANTS, INC.",10,1,82820.0,7,"Associate Environmental Consultant; Associate Environmental Consultant, Acoustics; Associate Environmental Consultant ","AZ,CA,CO,IL,LA,MD,OH,TX",
"SKIDMORE, OWINGS & MERRILL LLP",10,4,65033.0,11,Junior Designer; Junior Structural Designer; Architectural Associate (Project),"CA,IL,NY",No
TEXAS A&M TRANSPORTATION INSTITUTE,10,0,90154.0,3,TTI Assistant Research Scientist; Assistant Research Scientist; TTI Assistant Research Scientist ,TX,No
"NORTH AMERICAN LIGHTING, INC.",10,0,98400.0,5,Design Engineer II; Electronics Engineer II; Optical Engineer II,"IL,MI",
PARSONS TRANSPORTATION GROUP INC.,10,0,85843.0,7,Associate Engineer; Engineer II; Engineer II (Electrical Inspector - Bridge),"CT,FL,GA,NY,OR,TX,WA",No
DETROIT DIESEL CORPORATION,9,0,107000.0,4,Mechanical Product Design Engineer II; Mechanical Product Validation Engineer II; Product Regulatory Affairs Engineer II,MI,
MESABI METALLICS COMPANY LLC,9,0,72000.0,9,Mechanical Engineer I; Mechanical Engineer II; Civil Engineer I (Construction),MN,
"EVS, INC.",9,0,71760.0,5,Engineering Associate I - PV & BESS; Engineering Associate I; SUBSTATION ENGINEER II,"MN,OK",No
"ARDURRA GROUP, INC.",9,0,80000.0,7,Engineer I; Civil Engineer II; Water/Wastewater Engineer I,"AZ,FL,NM,TX",No
"ANSYS, INC.",9,2,89419.0,5,R&D Engineer II; Application Engineer II SCBU; R&D Verification Engineer II,"CA,MD,NH,PA,TX,UT",
MOFFATT & NICHOL,9,5,74422.0,9,Structural Associate II; Civil Associate II; Coastal Associate II,"CA,GA,LA,PA,VA",
"MOLEX, LLC",9,0,90000.0,6,Design Engineer II - KBGFJG270594-2; Design Engineer II - KBGFJG344613-1; Design Engineer I - KBGFJG335118-1,MI,No
"GLOBAL TECHNOLOGY ASSOCIATES, LLC",9,0,84000.0,3,RF Engineer II; RF Engineer Level II; Network Engineer I,"AR,MS,TX,VA,WA",
NEW YORK POWER AUTHORITY,8,0,103000.0,7,R&D Engineer I; Associate Protection and Control Engineer; Electrical Engineer I,NY,
BASTIAN SOLUTIONS LLC,8,0,95984.0,1,Automation Engineer II; Controls Engineer II; Controls Engineer I,"ID,IN,MI,TX",No
GRESHAM SMITH,8,0,90000.0,5,Engineer 1 (Unlicensed); Transportation Engineer I,"FL,GA,IL,LA,TN",
M. A. MORTENSON COMPANY,8,1,88546.0,5,Project Engineer I; MEP Project Engineer II; Electrical Engineer I,"CA,CO,LA,MN,TX",No
"SMITH SECKMAN REID, INC.",8,0,84562.0,3,Engineer in Training I; Plumbing Engineer II; Engineer in Training 1,"FL,TN,TX",No
DLZ CORPORATION,8,0,74000.0,5,Civil Engineer II; Civil Engineer I,"IL,MI,OH",No
"CUDD PUMPING SERVICES, INC.",8,0,107037.0,0,CPS Field Engineer II; Region Engineer I,TX,
CONNECTICUT DEPARTMENT OF TRANSPORTATION,8,0,81047.0,8,Transportation Engineer 1; Transportation Engineer 2,CT,
FREEPORT-MCMORAN MORENCI INC.,8,0,88900.0,6,Geomechanical Engineer I; Mechanical Engineer I; Civil Engineer I,AZ,No
"BEYER BLINDER BELLE, ARCHITECTS AND PLANNERS, LLP",8,0,89000.0,3,Associate; Recent College Graduate (non-licensed); Architect Level I,NY,No
"INTELLIGRATED SYSTEMS, LLC",8,0,89500.0,5,Electrical Engineer II; Electrical Engineer I; Mechanical Design Engineer II,OH,No
"UNIVERSITY OF CALIFORNIA, DAVIS",8,8,93900.0,5,Assistant Project Scientist; Assistant Specialist; Assistant Professional Researcher,CA,No
"TORC ROBOTICS, INC.",7,0,145000.0,2,Systems Engineer II; Safety Investigations Engineer I; Machine Learning Engineer I,"MI,NJ,TX,VA",No
CITY OF PHILADELPHIA,7,0,71841.0,6,Graduate Civil Engineer; Civil Engineer 1; Environmental Engineer 2,PA,
"ARUP US, INC.",7,4,86528.0,7,Associate; Graduate Engineer; Graduate Consultant,"CA,NY",
HARVARD UNIVERSITY,7,0,75000.0,4,Research Associate,MA,
"SEL ENGINEERING SERVICES, INC.",7,0,86993.0,7,Associate Project Engineer--Protection; Associate Project Engineer--Automation; Associate Project Engineer--Security,"GA,MI,NC,TX,WA",
"HAZEN AND SAWYER, D.P.C.",7,2,83741.0,6,Assistant Engineer II; Assistant Engineer I,"CA,FL,NC,NY,TX",
"EXPONENT, INC.",7,4,100000.0,2,Associate,"CA,MA,NY,TX",
UZUN AND CASE LLC,7,0,76502.0,3,Structural Engineer II; Structural Engineer I,GA,
GEORGIA INSTITUTE OF TECHNOLOGY,7,0,90000.0,5,Research Engineer II; Research Engineer I,GA,No
BENDIX COMMERCIAL VEHICLE SYSTEMS LLC,7,0,104619.0,1,"Engineer 2, Controls Vehicle; Engineer 2, Product - VDS; Engineer 2, Quality","IL,KY,OH",No
"TAILSTORM HEALTH, INC",7,0,72696.0,16,Manufacturing Associate; Mechanical Engineer Associate; Engineering Associate,AZ,
"STRAND SYSTEMS ENGINEERING, INC.",7,0,64459.0,3,Civil/Structural EIT; Civil/Structural Junior Engineer; Architectural Intern,TX,
"BURNS ENGINEERING, INC.",6,0,103500.0,1,Engineering Design Associate; Civil Engineering Specialist I; Engineering Specialist I,"DC,NY,PA",No
"TRIAD NATIONAL SECURITY, LLC",6,0,140000.0,2,Scientist 2; R&D Engineer 1,"NM,TX",No
"ASML US, LLC",6,1,79079.0,4,Field Service Engineer 2; CS Competence Engineer 2; Upgrade Install and Relocation Engineer 2,"AZ,CA,OR,TX",No
VIRGINIA POLYTECHNIC INSTITUTE & STATE UNIVERSITY,6,0,81000.0,5,Research Associate; Research Associate - VTTI; Research Assistant Professor,VA,No
UNIVERSITY OF WISCONSIN SYSTEM,6,0,74979.0,2,Scientist I; Research Associate-Postdegree Trainee,"IA,WI",
"ISUZU TECHNICAL CENTER OF AMERICA, INC.",6,0,87589.0,2,"Engineer II, CV Testing & MBD; Engineer II, CV Engineering; Engineer I, Autonomous Driving, Vehicle Motion Control",MI,No
"LUCID USA, INC.",6,2,111436.0,1,"Engineer 2, Closures Mechanism, Plant Vehicle Engineering; Mass Engineer I, Vehicle Integration; Exterior Engineer II, Plant Vehicle Engineering","AZ,CA",
SARGENT & LUNDY LLC,6,0,89617.0,4,Associate 2; Associate 3; Associate 1,"CO,FL,IL,PA",No
"WOOLPERT, INC.",6,0,83034.0,3,Engineer in Training I; Engineer I; Engineer II,"IN,MA,TX",
CLIMAX MOLYBDENUM COMPANY,6,0,95300.0,2,Mechanical Engineer I; Process Automation Engineer II; Mechanical Engineer II,"CO,IA",No
NORTH CAROLINA STATE UNIVERSITY,6,0,75500.0,2,Assistant Research Professor; Research Associate,NC,No
AECOM TECHNICAL SERVICES INC,6,1,88945.0,0,BIM Specialist II; Structural Engineer I; Civil Engineer II,"CA,CT,IL,NJ,NY",No
T.Y. LIN INTERNATIONAL,6,0,94000.0,2,Associate; Transportation Engineer I; Graduate Bridge Designer,"DC,IL,MI,NJ",
SECRETARIAT ADVISORS LLC,6,2,94500.0,6,Associate - Construction Delay-Civil Engineer; Associate - Construction Delay- Civil Engineer; Associate - Construction Delay -Civil Engineer,"CA,GA",
"FLUOR ENTERPRISES, INC.",6,0,95794.0,3,Construction Engineer I; Project Engineer II; Design Engineer II,"SC,TX",
"HVJ NORTH TEXAS - CHELLIAH CONSULTANTS, INC",6,0,64459.0,6,Graduate Engineer,TX,
"CRAWFORD, MURPHY & TILLY, INC.",6,0,87405.0,3,Civil Engineer I; Engineer I; Project Civil Engineer I,"IL,IN,OH",No
JC RESIDENTIAL AND LIGHT COMMERCIAL LLC,6,0,66362.0,6,ENGINEER I; ENGINEER II; Engineer I,"KS,OK",
"RIVIAN AND VW GROUP TECHNOLOGY, LLC",6,6,134564.0,1,"Electronic Design Engineer II; Electronic Test Engineer II; Functional Safety Engineer II, Energy",CA,No
"INTELLIGRATED SERVICES, LLC",6,0,91664.0,2,Mechanical Design Engineer II; Electrical Engineer II; Mech Design Engineer I,"CO,MD,OH",No
TOYOTA MATERIAL HANDLING INC.,6,0,95438.0,2,Electrical Engineer II; Research Engineer II; Electrical Engineer I,"IN,NY",
B.I.G. ARCHITECTURE D.P.C.,5,0,70000.0,5,Junior Designer,NY,
GARMIN INTERNATIONAL INC.,5,0,105000.0,1,Flight Controls System Engineer 2; Flight Control System Engineer 2; Optical Design Engineer 2,"KS,OR",No
"SENSATA TECHNOLOGIES, INC.",5,0,105795.0,1,Mechanical Design Engineer II; Application Engineer II (Clean Energy); Process Engineer II,"MA,MI",
SIMPSON GUMPERTZ & HEGER INC.,5,3,87113.0,4,Associate Project Consultant,"CA,IL,MA",
"KIEWIT ENERGY GROUP, INC.",5,0,101552.0,1,Field Engineer 2; Electrical Engineer 2; Field/Office Engineer 2,TX,No
RESEARCH FOUNDATION OF CUNY,5,0,68942.0,4,Junior Engineer; Research Associate,NY,No
TRC ENVIRONMENTAL CORPORATION,5,0,81869.0,1,Testing & Commissioning Engineer II; Air Quality Engineer II; System Protection Engineer II,"FL,MA,MI,PA,TX",
"RANI THERAPEUTICS, LLC",5,5,119995.0,0,Manufacturing (MFG) Process Engineer II; Manufacturing Process Engineer I,CA,No
ES FOUNDRY CORP,5,0,75600.0,5,Equipment Engineer II; Photonics Engineer I; Equipment Engineer I,SC,
"MILHOUSE ENGINEERING & CONSTRUCTION, INC.",5,0,85000.0,1,Electrical Engineer I; Associate Electrical Engineer; Distribution Engineer II,IL,No
LEAR CORPORATION,5,0,100776.0,0,Engineer II; Wiring Systems Engineer II,MI,No
MICROCHIP TECHNOLOGY INC.,5,1,77625.0,3,Engineer II - Hardware Test; Engineer I - Product; Yield Enhancement Engineer II,"AZ,CA,CO,OR",
EMBRY-RIDDLE AERONAUTICAL UNIVERSITY,5,0,109463.0,1,Assistant Professor of Mechanical Engineering; Associate Professor of Civil Engineering,"AZ,FL",
"M.C. DEAN, INC.",5,0,90000.0,5,Design Engineer Associate; Control Engineer I; Project Engineer Associate,"MD,VA",No
THE UNIVERSITY OF ALABAMA,5,0,76460.0,5,"Assistant Professor, Mechanical Engineering; Teaching Assistant Professor, Civil, Con, and Env Eng",AL,No
"UNIVERSITY OF CALIFORNIA, LOS ANGELES",5,5,89000.0,3,Assistant Project Scientist; Assistant Project Scientist ,CA,
THE UNIVERSITY OF TENNESSEE,5,0,100000.0,4,Research Assistant Professor; Assistant Professor of Mechanical Engineering,TN,No
"BURNS & MCDONNELL ENGINEERING COMPANY, INC.",5,0,97240.0,4,Assistant Electrical Engineer; Associate Electrical Specialist; Associate Technical Consultant,"FL,IL,NC,TN,TX",No
CALIFORNIA ENERGY COMMISSION,5,5,104652.0,4,Electric Generation System Specialist I; Associate Energy Specialist,CA,
THE UNIVERSITY OF TEXAS AT AUSTIN,5,0,92123.0,3,Research Associate; Research Engineering Scientist Associate,TX,No
"ROCKY MOUNTAIN PRECAST, LLC",5,0,48443.0,5,Quality Control Engineer I,GU,
LAWRENCE BERKELEY NATIONAL LABORATORY,5,5,123768.0,3,Optics Scientific Engineering Associate; Scientific Engineering Associate (in Energy Environmental); Scientific Engineering Associate (in Energy Engineering),CA,No
THE UNIVERSITY OF TEXAS AT DALLAS,5,0,53000.0,5,Research Associate,TX,No
WSB LLC,5,0,79268.0,3,Graduate Engineer “ Traffic; Graduate Engineer,"CO,MN,TX",
"WESTWOOD PROFESSIONAL SERVICES, INC.",5,0,75000.0,3,Graduate Engineer; Substation Engineer I - System Protection; Electrical Graduate Engineer,"CO,FL,NV",No
"OLSSON, INC.",5,0,80000.0,4,Associate Engineer; Assistant Engineer,"IN,OK,TX",No
"OPEN SYSTEMS INTERNATIONAL, INC.",5,0,84490.0,3,Power Systems Engineer II; Power Systems Engineer I; Associate Power Systems Engineer,"IL,MN,NJ,TX",
"AG&E ASSOCIATES, PLLC",5,0,85000.0,5,"Graduate Engineer; Graduate Engineer, Precast, Prestressed Engineerin","TX,VA",
"SPX COOLING TECH, LLC",4,0,85694.0,4,Engineer 1; Engineer I - Product Development; Project Engineer I,KS,
BAUER FOUNDATION CORP.,4,0,81250.0,0,Assistant PM/Estimator; Junior QC/Field Engineer,"FL,TX",No
"B/E AEROSPACE, INC.",4,0,79540.0,4,"Engineer II, Reliability Engineering","KS,NC",
"OMRON ROBOTICS AND SAFETY TECHNOLOGIES, INC.",4,4,121826.0,1,Mechanical Engineer II; Test Hardware Engineer II; NPI Manufacturing Engineer II,CA,No
"STIVER ENGINEERING, INC.",4,0,65000.0,2,Engineer I,TX,
ANDERSEN CORPORATION,4,0,83326.0,3,Engineer I; Associate Engineer (RDP); Associate Engineer,"GA,IA,MN,TX",
"FLORIDA ENGINEERING, LLC",4,0,85000.0,2,Assistant Structural Engineer; Junior Structural Engineer,FL,
HL MANDO AMERICA CORPORATION,4,0,95615.0,0,Validation Engineer II; Test Engineer II; NVH Engineer II,MI,No
SOUTHERN METHODIST UNIVERSITY,4,0,80000.0,2,Research Assistant Professor - Mechanical Engineering,TX,
COVIDIEN LP,4,1,94062.0,2,Supplier Quality Engineer II; Systems Engineer II; R&D Engineer II,"CA,CT,MA",
"MAINSPRING ENERGY, INC.",4,4,100553.0,4,Associate Mechanical Design Engineer; Associate Controls Engineer; Associate Test Engineer,CA,
"FREUDENBERG BATTERY POWER SYSTEMS, LLC",4,0,92687.0,1,Battery Systems Validation Engineer I; Battery Systems Validation Engineer II; Electrical Engineer 1,MI,
OREGON STATE UNIVERSITY,4,0,76002.0,4,Research Associate; Assistant Professor,OR,
"LATITUDE AI, LLC",4,2,133280.0,1,Systems Engineer II; Integration & Test Engineer II; Hardware Engineer I,"CA,MI,PA",
"HR GREEN, INC.",4,0,107415.0,0,Project Engineer I,TX,
FREEPORT MINERALS CORPORATION,4,0,98500.0,0,Environmental Scientist II; Project Engineer II; Power Engineer I,AZ,No
"JINKO SOLAR (U.S.) INDUSTRIES, INC.",4,0,66550.0,4,Engineer I; Technical Project Engineer II,FL,
"PENNONI ASSOCIATES, INC.",4,0,71000.0,2,Project Engineer I; Associate Engineer II; Graduate Engineer,"FL,NY,PA",
"BUEHLER ENGINEERING, INC.",4,4,110691.0,0,Associate Engineer,CA,
"HOFFMAN BUILDING TECHNOLOGIES, INC.",4,0,90500.0,4,SCADA Development Engineer Level 1; Direct Digital Controls Engineer Level 2; Direct Digital Controls Engineer Level 1,NC,
DELOITTE & TOUCHE LLP,4,4,69763.0,4,Audit & Assurance Sustainability Assistant; Audit & Assurance Sustainability & ESG Assistant,CA,
RESEARCH CORPORATION OF THE UNIVERSITY OF HAWAII,4,0,70793.0,3,SOEST Assistant Researcher (Climate Variability & Change); SOEST Assistant Researcher (Climate Dynamics); HIMB CORAL RESILIENCE & RESTORATION ASSISTANT RESEARCHER,HI,
EMD MILLIPORE CORPORATION,4,0,102483.0,0,Development Engineer II; Product Development Engineer II,MA,
INFRASTRUCTURE ENGINEERING INC.,4,0,92210.0,1,Civil Engineer II; Civil Engineer I,"IL,NY",No
NEXTEER AUTOMOTIVE CORPORATION,4,0,82883.0,3,Associate Systems Engineer II; System Controls Engineer 2; ASSOCIATE PRODUCT ENGINEER II,MI,
"DKS ASSOCIATES, INC.",4,0,95202.0,1,Transportation Engineering Associate; Electromobility Engineering Associate,"TX,WA",No
CARNEGIE MELLON UNIVERSITY,4,0,90000.0,2,Robotics Engineer II; Engineer II,PA,
"JACOBS CIVIL CONSULTANTS, INC.",4,0,90500.0,3,ASSISTANT RESIDENT ENGINEER; Entry Level Mechanical/Electrical/Systems EIT; ENTRY LEVEL ELECTRICAL ENGINEER,"NJ,NY",
THE GOODYEAR TIRE & RUBBER COMPANY,4,0,76981.0,3,Engineer Associate; Tire Mechanics Test Engineer - Engineer Associate,OH,
"CAS CONSULTING & SERVICES, INC.",4,0,110864.0,3,Professional Engineer II; Engineering Associate II; Professional Engineer I,TX,
YALE UNIVERSITY,4,0,89918.0,3,Associate Research Scientist ; Associate Research Scientist,CT,No
KENNECOTT UTAH COPPER LLC,4,0,86650.0,4,Graduate Mechanical Engineer - KBGFJG275985-2; Graduate - Mechanical Engineer; Environmental Geoscience Graduate - KBGFJG235426-4,UT,
"SAFRAN SEATS USA, LLC",4,0,103800.0,1,Dynamic FEA Engineer II; CERTIFICATION ENGINEER I,TX,
"E-TECHNOLOGIES GROUP, LLC.",4,3,109837.0,2,Controls Engineer II; Engineer I; Automation Engineer II,"CA,NH",
"TELEWORLD SOLUTIONS, INC.",4,0,89340.0,1,RF Engineer II; Field Engineer I; RF Field Engineer I,"OH,TX",
"ROUSH MANAGEMENT, LLC",4,0,87589.0,1,CAE Analyst II; RPG Project Engineer I; ADAS Development Engineer II,MI,No
"EMA ENGINEERING AND CONSULTING, INC",4,0,80299.0,4,Consulting Graduate Engineer; Graduate Engineer,TX,
"TRAYLOR BROS., INC.",3,1,82326.0,2,Field Engineer I; Quality Engineer 2,"CA,TX",No
GROUP-S LLC,3,0,74027.0,2,Mechanical Design Engineer II; Mechanical Design Engineer I; Energy Engineer I,NY,
"NEEL-SCHAFFER, INC.",3,0,100006.0,1,Engineer Intern; Engineer I; Graduate Engineer,"AL,GA,TX",
CLIMATE CONTROL GROUP INC,3,0,78603.0,0,Engineer II- New Product Development; Engineer II – New Product Development,OK,No
GSI ENVIRONMENTAL INC.,3,1,79043.0,2,Environmental Engineer II; Environmental Scientist I,"CA,TX",No
"GANNETT FLEMING, INC.",3,0,74880.0,3,"Associate Designer, Transportation Operations; Associate Designer, Water; Associate Designer, Power","MA,NC,TX",
"KINKISHARYO INTERNATIONAL, LLC",3,3,115000.0,1,Systems Engineer II; Mechanical Engineer II,CA,No
UNIVERSITY OF ALASKA,3,0,117333.0,1,Assistant Professor; Associate Professor of Mechanical Engineering; Research Assistant Professor,AK,
"TOURGEE & ASSOCIATES, INC.",3,0,72800.0,2,Structural Engineer II; Structure Engineer II; Engineer II,MD,
KING'S COLLEGE,3,0,88000.0,3,Assistant Professor of Mechanical Engineering,PA,
"SKYWORKS SOLUTIONS, INC.",3,2,102258.0,1,TEST ENGINEER 2; ELECTRICAL ENGINEER 2; Electrical Engineer 2,"CA,IA",
"CIVITAS ENGINEERING GROUP, INC.",3,0,82722.0,2,GRADUATE ENGINEER; GRADUATE ENGINEER II,TX,
"MEYER, BORGMAN & JOHNSON, INC.",3,0,71760.0,0,Steel Connection Engineer I; Cold Formed Steel Framing Structural Engineer I (Civil Eng),MN,
"GREENMAN-PEDERSEN, INC.",3,0,75026.0,2,Jr. Construction Engineer; Assistant Project Administrator,"CT,FL",
KIEWIT INFRASTRUCTURE WEST CO.,3,3,96821.0,1,Field Engineer 2; Field Engineer 1; Project Engineer 1,CA,No
MCLAREN PERFORMANCE TECHNOLOGIES,3,0,88992.0,3,Product Engineer II,MI,
"TREW, LLC.",3,0,105000.0,1,Controls Engineer II,"FL,MD,TX",
"NOR-CAL CONTROLS ES, INC.",3,3,113600.0,0,Automation Engineer II; Automation Engineer I,CA,
CH2M HILL INC.,3,0,117000.0,0,Water Resource Engineering Professional Associate; CIVIL ENGINEERING PROFESSIONAL ASSOCIATE; ASSOCIATE BRIDGE ENGINEER,"GA,NJ,WA",
TOSHIBA INTERNATIONAL CORPORATION,3,0,100000.0,1,Electrical Design Engineer II; Design Engineer I,TX,No
SOUTH DAKOTA SCHOOL OF MINES AND TECHNOLOGY,3,0,88000.0,2,Assistant Professor of Aerospace and Mechanical Engineering; ASSISTANT PROFESSOR - CIVIL AND ENVIRONMENTAL ENGINEERING; ASSISTANT PROFESSOR - MECHANICAL ENGINEERING,SD,No
SOUTH COAST AIR QUALITY MANAGEMENT DISTRICT,3,3,116962.0,3,Air Quality Engineer II- PRDI; Air Quality Engineer I -TAO; Air Quality Engineer II,CA,
SORTERA TECHNOLOGIES INC.,3,0,73070.0,1,Mechanical Engineer II; Electrical Engineer II,IN,
SOFFA ELECTRIC INC.,3,3,88566.0,3,Automation Engineer I; Control Systems Engineer I,CA,
"MESA ASSOCIATES, INC.",3,0,80891.0,2,Engineering Associate; P&C Engineering Associate; Civil/Structural Engineering Associate,TN,
SOUTH DAKOTA STATE UNIVERSITY,3,0,94000.0,1,ASSISTANT PROFESSOR - CIVIL ENGINEERING; ASSISTANT PROFESSOR - CIVIL ENGINEERING (GEOTECHNICAL),SD,
"CONSOR ENGINEERS, LLC",3,0,81120.0,2,Engineer in Training; Engineer in Training (EIT) Inspector; Engineer in Training – Project Support Specialist,"FL,TX",
"ANALOG DEVICES, INC.",3,2,99275.0,3,"Associate Engineer, Product Marketing; Associate Engineer, Product Applications; Associate Engineer, Reliability Engineering","CA,MA",
QIKCONNEX LLC,3,0,88000.0,3,Electrical Engineer I,NJ,No
STRESS ENGINEERING SERVICES INC.,3,0,120000.0,1,Associate II - Mechanical Engineer; Junior Engineer; Associate,"OH,TX",
NOVANTA CORPORATION,3,0,80138.0,2,Manufacturing Engineer I; Optical Engineer II,"MA,NY",No
NEW YORK INDEPENDENT SYSTEM OPERATOR,3,0,88000.0,3,"Associate Planning Engineer, Interconnection Projects; Associate Market Solutions Engineer; Associate Commitment Analysis Engineer",NY,
WOOLPERT INC,3,0,73008.0,3,Engineer in Training I; Engineer in Training II,TX,
DESIGN COLLECTIVE INC.,3,0,59000.0,3,Junior Architectural Designer,WA,
"WOODWELL CLIMATE RESEARCH CENTER, INC.",3,0,73050.0,1,Research Scientist I [00086501]; Research Assistant II [00076846]; Research Scientist I - Soil Carbon Monitoring [00069727],MA,
THE DENNIS GROUP INC.,3,0,88000.0,3,Mechanical Engineer II,"GA,MA,MI",
"LPA, INC.",3,3,115000.0,0,Project Engineer I,CA,No
POPULUS GROUP LLC,3,0,98842.0,3,Electrical Engineer 2; Capital Project EIT; Dev/Research Engineer I,"CT,IL,TX",
ENGIE NORTH AMERICA INC.,3,3,128149.0,0,Project Engineer II,CA,
"NEYER, TISEO & HINDO, LTD. DBA NTH CONSULTANTS, LTD.",3,0,83065.0,1,Assistant Project Engineer,MI,No
LENNOX INTERNATIONAL INC.,3,0,86466.0,1,Mechanical Engineer II; Power Electronics Engineer II,TX,
PROGRESS RAIL SERVICES CORPORATION,3,0,83600.0,1,Engineer I/Design Engineer; Engineer I,"OH,TX",
TBC - THE BORING COMPANY,3,0,105000.0,1,Electrical Engineer II; Integration Engineer II,"NV,TX",
TECHSERV CONSULTING AND TRAINING LTD.,3,0,66394.0,5,Engineer I; ENGINEER I; Engineer II,TX,
ECOSAVE LLC,3,0,94146.0,1,Energy Solutions Engineer II,PA,No
THE TRUSTEES OF PRINCETON UNIVERSITY,3,0,80572.0,1,Associate Research Scholar; ASSOCIATE RESEARCH SCHOLAR,NJ,No
"CULLERTON GROUP, LLC",3,0,70720.0,0,Process Control Engineer 2; Mechanical Engineer I; Electrical Engineer I,"IL,SD",
"MARTINEZ MOORE ENGINEERS, LLC",3,0,78500.0,1,Graduate Engineer II - Civil; Graduate Engineer I,TX,No
"THORNTON TOMASETTI, INC.",3,0,125000.0,0,"Associate, Renewal; Associate; Associate – Structure","FL,IL,NJ",
COLORADO SCHOOL OF MINES,3,0,45420.0,2,Research Assistant Professor in Civil & Environ. Engineering; Research Assistant Professor “ Mechanical Engineering,CO,
WRIGHT-PIERCE,3,0,73507.0,2,Engineer I; Engineer II,"FL,NY",
COMITO ASSOCIATES PC ARCHITECTURE,3,0,65686.0,3,Intern Architect,NJ,
"PINNACLE STRUCTURAL ENGINEERS, INC.",3,0,72000.0,1,Graduate Engineer,TX,
"FREUDENBERG MEDICAL, LLC",3,3,107625.0,1,Quality Engineer II; Product Development Engineer II,CA,No
"COMPUSOFT INTEGRATED SOLUTIONS, INC",3,0,72800.0,3,CONTROLS ENGINEER 1,IL,
TMEIC CORPORATION AMERICAS,3,0,75005.0,3,Associate Field Engineer; Associate Field Engineer - Metals; Associate Control Engineer,VA,
"THORLABS, INC.",3,0,111000.0,2,Photonics Engineer II; Mechanical Engineer II; Electrical Engineer II,"CO,NJ,VA",
"POPLI ARCHITECTURE & ENGINEERING & LS, DPC",3,0,82700.0,3,"Junior Engineer, Bridge Design; Junior Designer; Junior Engineer, Bridge Inspection",NY,
"RABA KISTNER, INC.",3,0,64459.0,3,Engineer In Training I; Engineer in Training I,TX,
MANNKIND CORPORATION,3,0,114462.0,1,"Engineer II, Automation & Control",CT,No
THE UNIVERSITY OF VIRGINIA,3,0,65000.0,3,Research Associate,VA,No
"L-H BATTERY COMPANY, INC.",3,0,76000.0,2,Engineer I; Equipment Engineer 2; Controls Engineer I,OH,No
AMGEN INC.,3,2,107385.0,2,Engineer II; Associate Mfg Systems Engineer,"CA,OH",
NY DEVELOPERS & MANAGEMENT LLC,3,0,120000.0,1,Junior Project Engineer,NY,
THE UNIVERSITY OF ALABAMA IN HUNTSVILLE,3,0,89250.0,1,Research Scientist II; Assistant Professor of Civil and Environmental Engineering,AL,
"AFFILIATED ENGINEERS METRO DC, INC.",3,0,110000.0,0,BIM Engineer II; Engineer II - Architecture; Engineer II,MD,
"WISS, JANNEY, ELSTNER ASSOCIATES, INC.",3,1,92910.0,2,Associate II; Building Science Associate,"CA,IL,NY",
"HENNINGSON, DURHAM & RICHARDSON, PC",3,0,97926.0,2,Structural Engineer in Training (EIT),NY,
"HKS, INC.",3,0,74506.0,3,Engineer in Training I; Firmwide Practice Technology Specialist II,"IL,TX",
ARCHER DANIELS MIDLAND COMPANY,3,0,85000.0,2,Process Automation Engineer I; Proc Automation Engineer II,"GA,IL,ND",
UNIVERSITY OF MAINE,3,0,94999.0,3,"Assistant Professor Civil and Environmental Engineering; Assistant Professor Civil & Environmental Engineering; Assistant Professor,  Mechanical Engineering",ME,
"PACIFIC FEDERAL MANAGEMENT, INC.",3,0,56202.0,0,Civil Engineer II; CIVIL ENGINEER II,GU,
PACIFICORP,3,0,93436.0,3,Engineer 1; Engineer I,"OR,UT",
"RUTGERS, THE STATE UNIVERSITY OF NEW JERSEY",3,0,105068.0,2,Research Associate,NJ,
"JOSEPH C. LU ENGINEERING, P.C.",3,0,79040.0,1,Assistant Design Engineer,NY,
UNIVERSITY OF MARYLAND COLLEGE PARK,3,0,99538.0,0,Assistant Professor; Faculty Assistant,MD,
"UNIVERSITY OF MARYLAND, BALTIMORE COUNTY",3,0,81933.0,0,Assistant Research Scientist; Faculty Research Assistant,MD,No
"UNIVERSITY OF MARYLAND, COLLEGE PARK",3,0,98000.0,2,Assistant Research Professor; Assistant Research Scientist,MD,No
HEWLETT PACKARD ENTERPRISE COMPANY,3,0,71490.0,3,Electrical/Hardware Engineer I; Electrical/Hardware Engineer II,TX,
"ZF TRANSMISSIONS GRAY COURT, LLC",3,0,86674.0,1,Engineer II - Manufacturing; Engineer II - Controls,SC,No
UNIVERSITY OF NEW HAMPSHIRE,3,0,96878.0,1,"Research Assistant Professor in Sustainable Engineering; Assistant Professor - Dept. of Mechanical Engineering; Assistant Professor, Civil and Environmental Engineering",NH,No
"JOHNSON CONTROLS, INC.",3,0,91894.0,2,CTRLS SYSTEMS ENGINEER I; Systems Engineer II; Controls Systems Engineer II,"NJ,TX,WI",
UNIVERSITY OF SOUTH CAROLINA,3,0,110000.0,2,Assistant Professor/Department of Mechanical Engineering; Research Associate; Research Associate Professor,SC,
"ZF ACTIVE SAFETY AND ELECTRONICS US, LLC",3,0,97760.0,2,Engineer II- Systems; Engineer I - Electronics; Engineer II - Systems,"IN,MI",
UNIVERSITY OF FLORIDA,3,0,99715.0,1,Assistant Engineer; Research Assistant Professor,FL,
"ARDAMAN & ASSOCIATES, INC.",3,0,82035.0,2,Assistant Project Engineer; Assistant/Project Engineer,FL,
"B D G WRAP-TITE, INC.",3,0,69742.0,3,Mechanical Engineer 1,OH,
RESOURCE INNOVATIONS INC.,3,0,85550.0,0,Project (Energy )Engineer II; Engineer II; Project Engineer II - Energy Efficiency,"AZ,IA,IL",No
MISSISSIPPI STATE UNIVERSITY,3,0,85700.0,2,Research Engineer II; Assistant Research Professor,MS,
"PAPE-DAWSON CONSULTING ENGINEERS, LLC",3,0,79310.0,2,Engineer I,TX,No
"GZA GEOENVIRONMENTAL, INC.",3,0,77064.0,3,Engineer I; Engineer II,"MA,NH",
BAKER INGRAM & ASSOCIATES INC,3,0,76000.0,0,Civil Engineer I,PA,
"BAY CITIES EXCAVATORS, INC.",3,3,86528.0,3,Project Engineer I,CA,
RHEEM MANUFACTURING COMPANY,3,0,84843.0,2,Design Engineer I; Systems Engineer II (Electronics); Mechanical Engineer II,"AL,GA,TX",
"SALAS O'BRIEN, INC.",3,0,95000.0,0,Structural Engineer II; Electrical Engineer II,MO,No
HYUNDAI AMERICA TECHNICAL CENTER INC.,3,0,96366.0,0,Safety CAE Engineer I; Safety and Crashworthiness Performance Engineer II; Safety CAE Engineer II,MI,
ZF NORTH AMERICA INC.,3,0,106080.0,0,Controls Engineer II; Engineer II - Mechatronics,MI,No
HWKN ARCHITECTURE DPC,3,0,72000.0,3,Architectural Designer (Jr Level); Architectural Designer ( Jr Level),NY,
"JEFFERSON SCIENCE ASSOCIATES, LLC",3,0,104107.0,1,Electrical Engineer II; Electrical Engineer I; Civil Engineer I,VA,
SETTY & ASSOCIATES INTERNATIONAL PLLC,3,0,115500.0,0,Mechanical Engineer II,"GA,MD",
"HYSTER-YALE MATERIALS HANDLING, INC.",3,0,89760.0,3,Automation Field Engineer I; Electrical Engineer II - Design/Test; Design Engineer I,"MA,NC,OH",
JPC LOGISTICS LLC,3,0,74589.0,2,Mechanical Engineer II; Mechanical Engineer I; Civil Engineer I,NJ,
MICHIGAN STATE UNIVERSITY,3,0,70000.0,2,Research Associate; RESEARCH ASSOCIATE,MI,
"ROGERS, FREELS & ASSOCIATES, INC",3,0,101601.0,0,Embedded Systems Engineer II; Mechanical Engineer 2,"IA,TX",
"H.W. LOCHNER, INC",3,0,91499.0,1,ENGINEER ASSOCIATE II; STRUCTURAL ENGINEER II; ENGINEER I,"IL,IN,KS",
"ISANI CONSULTANTS, L.P.",3,0,75000.0,3,JUNIOR ENGINEER; GRADUATE ENGINEER,TX,
ARAMCO SERVICES COMPANY,3,0,119700.0,3,Lab Scientist II; Engineer II,"MI,TX",
"IPS-INTEGRATED PROJECT SERVICES, LLC",3,0,75816.0,1,"Engineer II, Commissioning/Qualification/Validation (CQV); Engineer I, Commissioning/Qualification/Validation (CQV)",NJ,
"ATLANTIC CITY ELECTRIC, AN EXELON COMPANY",3,0,78166.0,3,Associate Engineer,"DE,NJ",
"PEOPLES ASSOCIATES STRUCTURAL ENGINEERS, INC.",3,3,90000.0,1,Assistant Engineer; Assistant Engineer 1,CA,No
"JUPITER RESEARCH, LLC",3,0,72696.0,3,Jr. Product Development Engineer,AZ,
"INTERNATIONAL FLAVORS & FRAGRANCES, INC.",3,0,117624.0,0,"Scientist II, R&D - ET","NJ,NY",
"ARCBEST TECHNOLOGIES, INC.",3,0,140000.0,3,Robotics Engineer II; Robotics Engineer II - Motion Planning; Robotics Engineer I,AR,
"INTELLIGRATED SYSTEMS, INC.",3,0,92846.0,0,PRODUCIBILITY ENGINEER II,OH,
"HBM ENGINEERING GROUP, LLC",3,0,86736.0,1,ENGINEER II; Engineer I,IL,
"SYNCHROGRID, INC",2,0,72862.0,2,Relay Setting Engineer I,"CO,TX",
"FARGO CONSULTANTS, INC.",2,0,65000.0,2,Engineer - Trainee,TX,
NORTHERN NATURAL GAS COMPANY,2,0,91509.0,2,Engineer II; Engineer I,NE,
STUDIO GANG ARCHITECTS,2,0,82794.0,2,Junior Architectural Designer,IL,
EXPERT GLOBAL SOLUTIONS INC.,2,0,75000.0,2,Mechanical Engineer II,GA,
"O'BRIEN ENGINEERING, INC.",2,0,63336.0,0,Civil Engineer  II; Electrical Engineer II,TX,
EXYTE U.S. INC.,2,0,90000.0,2,Technology Systems Engineer II; Graduate Electrical Engineer,AZ,
STUBBS ENGINEERING INC,2,0,121477.0,0,Associate Engineer,TX,
"ABIOMED, INC.",2,0,107500.0,1,Product Development Engineer II; Electrical Engineer II,MA,
"FALCON ENGINEERING CO., L.L.C.",2,0,80009.0,1,Project Associate,MD,
"TECHNOTHERM, LLC",2,0,85987.0,0,Engineer II,OK,
"RSE ASSOCIATES, INC.",2,0,126922.0,0,Structural Engineer II,MA,
"ILLUMINA, INC.",2,2,109405.0,0,Facilities Engineer 2; Engineer 2 - Development,CA,
"FELSBURG HOLT & ULLEVIG, INC.",2,0,79750.0,2,Advanced Mobility Analyst II; Water Resources Engineer I,"CO,NE",
ENGINEERING SERVICES & PRODUCTS COMPANY,2,0,72500.0,0,Greenhouse Structural Engineer I,IA,
"FERMI FORWARD DISCOVERY GROUP, LLC",2,0,71656.0,2,Research Associate,IL,
"STRATA SOLAR, LLC",2,0,83470.0,0,I&C (Instrumentation & Controls) Engineer 2,NC,
TECHTRONIC CORDLESS GP,2,0,85904.0,0,Electrical Engineer II,SC,
IDCUS INC.,2,0,74000.0,2,Graduate Engineer,TX,
"LANEY LA, INC.",2,2,100000.0,0,Associate Architect; Associate,CA,
PURDUE UNIVERSITY,2,0,64500.0,0,Temporary Research Associate; Assistant Professor of Mechanical Engineering Technology,IN,
"ELECTRIC POWER ENGINEERS, LLC",2,0,99750.0,2,Power Systems Engineer II; Power Systems Engineer I,TX,
"ELECTRIC ERA TECHNOLOGIES, INC.",2,0,140000.0,0,Mechanical Engineer II,WA,
AB ELECTRONICS LLC,2,0,82298.0,2,Jr. Test Engineer,CT,
SYSCON INTERNATIONAL INC.,2,0,84448.0,1,Electrical Engineer II,IN,
ALFRED UNIVERSITY,2,0,88010.0,0,Associate Professor of Mechanical Engineering; Assistant Professor of Mechanical Engineering,NY,
"RIMKUS CONSULTING GROUP, INC.",2,0,80000.0,1,Associate Consultant; Associate Consultant - Architectural Engineering,"IL,NY",
ABB INC.,2,0,80787.0,1,Associate R&D Engineer; Associate Project Engineer,"MI,VA",
S9 ARCHITECTURE & ENGINEERING DPC,2,0,70000.0,2,Junior Architectural Designer,NY,
"ENTEGRIS, INC.",2,1,98832.0,2,"Engineer I, Systems and Controls Engineer; Engineer II, Controls Engineering R&D","CA,TX",
ENERGETICS CONSULTING ENGINEERS LLC,2,0,85450.0,1,Building Energy Analyst II Engineering Track; Building Energy Analyst II Sustainability Track,CO,
"WORLEY GROUP, INC.",2,1,99965.0,2,Graduate Technical Consultant; Flow Assurance Engineer II,"CA,TX",
"QUALSERV SOLUTIONS, LLC",2,0,96500.0,0,Mechanical Design Engineer II,AR,
"NEXTGEN GLOBAL RESOURCES, LLC",2,2,118560.0,0,RF Engineer II,CA,No
"QUATTROCCHI KWOK ARCHITECTS, INC.",2,2,85696.0,0,Junior Designer,CA,
S&ME INC.,2,0,98034.0,0,Project Engineer II; Project Engineer I,"GA,SC",
"SUNDT CONSTRUCTION, INC.",2,0,73976.0,1,Field Engineer II; Project Engineer I (Concrete Division),"AZ,TX",
SUNDT CONSTRUCTION INC.,2,0,2897500.0,1,Field Engineer II; Project Engineer II,"AZ,TX",
SUBSTATION ENGINEERING CO.,2,0,109023.0,0,Electrical Engineer II,TX,
"RRC POWER AND ENERGY, LLC",2,2,104665.0,0,Electrical Engineer II - Power System Study; Electrical Engineer II – Power System Study,CA,No
"LERA CONSULTING STRUCTURAL ENGINEERS, RLLP",2,0,117000.0,1,Structural Design Engineering Associate; Associate Design Engineer,NY,
ENGINETA LLC,2,0,75000.0,2,Associate VDC Engineer,NY,
"SUBARU OF AMERICA, INC.",2,0,79375.0,0,Engineer I,MI,
QUINN EVANS ARCHITECT INC.,2,0,66934.0,1,Architectural Intern,"DC,MD",
"ALLAN MYERS, INC.",2,0,100140.0,2,Assistant Superintendent,VA,
"INFRASTRUCTURE CONSULTING AND ENGINEERING, LLC",2,0,75000.0,0,Graduate Engineer,TX,
"TAP ARCHITECTURE, LLC.",2,0,55550.0,2,Intern Architect II/Project Designer,OK,
"NOVELIS ALR ROLLED PRODUCTS, INC.",2,0,93570.0,0,Mechanical Engineer II; Mechanical Engineer I,OH,
"ENGINEERING CONSULTANTS, INC",2,0,87720.0,0,Junior Electrical Design Engineer,ID,No
EMC CORPORATION,2,0,107151.0,0,Mechanical Engineer 2,MA,
INDIANA STATE UNIVERSITY,2,0,74000.0,2,Assistant Professor of Civil Engineering; Assistant Professor of Mechanical Engineering Technology,IN,
ENERSYS DELAWARE INC.,2,0,91163.0,0,Mechanical Engineer I; Electrical Engineer 1,PA,
ROBERT BOSCH LLC,2,0,156320.0,2,Research Scientist 2; Deep Learning Engineer II,PA,
"KBR TECHNICAL SERVICES, INC.",2,0,80980.0,2,"Associate Technical Professional, Mechanical-KBGFJG341857-1; Associate Technical Professional - Structural - KBGFJG340249",TX,
ZF CV SYSTEMS NORTH AMERICA LLC,2,0,82920.0,2,Engineer II - Customer Applications; Engineer I - Systems,"MI,OH",
FOGARTY FINGER ARCHITECTURE PLLC,2,0,70250.0,2,Architectural Designer (Jr Level); Jr Architectural Designer,NY,
YORK COLLEGE OF PENNSYLVANIA,2,0,83000.0,2,Assistant Professor of Mechanical Engineering ,PA,
KENNESAW STATE UNIVERSITY,2,0,100790.0,1,ASSISTANT PROFESSOR OF CIVIL AND ENVIRONMENTAL ENGINEERING; ASSISTANT PROFESSOR OF MECHANICAL ENGINEERING,GA,
HAZEL & GREY ARCHITECTS LLC,2,0,63086.0,2,Architecture Intern,GA,
AEGIS PROJECT CONTROLS CORP,2,0,71906.0,2,Project Controls Engineer II,TX,
"KENTUCKIANA CURB COMPANY, INC.",2,0,72145.0,2,HVAC Product Engineer I,KY,
"AGILITY ENGINEERING AND MANAGEMENT, INC.",2,0,70400.0,2,Graduate Engineer,TX,
"TEK LABS, INC.",2,0,80829.0,0,Dev/Research Engineer 2; Controls Engineer 2,"AZ,IL",
YORK INTERNATIONAL CORPORATION,2,0,78021.0,1,PRODUCT ENGINEER II; ACOUSTIC ENGINEER II,PA,
HUTEC ENGINEERING INC,2,0,98000.0,1,Design Engineer I; Design Engineer II,PA,
SPACE EXPLORATION TECHNOLOGIES CORP.,2,0,120887.0,1,Electrical Engineer II; Antenna Engineer II,"MA,WA",
KIEWIT ENGINEERING GROUP INC.,2,0,101468.0,0,Civil Engineer 2; Roadway Engineer 2/ Civil Engineer 2,"CO,TX",No
"HELIX ARCHITECTURE & DESIGN, INC.",2,0,56750.0,2,Architectural Associate (Recent Graduate),MO,
AIR WORLDWIDE CORPORATION,2,0,116994.0,0,Engineer II,MA,
"GEORGIA GREEN POWER, INC.",2,0,80080.0,2,Design Engineer II (Mechanical - Power Engineering); Design Engineer II (Electrical),GA,
GEORGETOWN UNIVERSITY,2,0,79442.0,1,Assistant Research Professor; Research Associate,"DC,MD",
"HATCH ASSOCIATES CONSULTANTS, INC.",2,0,86950.0,2,Junior Electrical Engineer,"PA,TX",
"GOETTSCH PARTNERS, INC.",2,0,62775.0,1,Intern Architect,IL,
"SMITHGROUP, INC., SUBSIDIARY OF SMITHGROUP CO., INC.",2,0,102000.0,0,Mechanical Engineer II (non-licensed),AZ,
"HARSHMAN CE GROUP, LLC",2,0,67600.0,0,Engineering Assistant; Civil Engineer – Assistant,PA,
"SMITH & NEPHEW, INC.",2,0,81625.0,0,Design Quality Engineer 2 - KBGFJG107207-3; Packaging Project Engineer 1 - KBGFJG109380-2,"MA,TN",
JSAT AUTOMATION INC,2,0,91894.0,2,Automation and Validation Engineer 2,PA,
GRANITE CONSTRUCTION COMPANY GUAM,2,0,80000.0,1,Engineer II; Engineer I,GU,
GREAT LAKES CHEESE CO. INC.,2,0,98000.0,0,Controls Engineer 2,OH,No
"JULIAN WEBER ARCHITECTURE AND DESIGN, LLC",2,0,74900.0,2,Architectural Associate,WA,
"AFFILIATED ENGINEERS, INC.",2,0,97500.0,1,Commissioning Engineer I,"IL,OH",
"AFFILIATED ENGINEERS W, INC.",2,2,115000.0,0,Electrical Engineer II; Mechanical Engineer II,CA,No
SIMPLE DESIGN STUDIO ARCHITECTS P.C.,2,0,76000.0,2,Architectural Preservation Associate,NY,
"SILICON LABORATORIES, INC.",2,0,133136.0,0,Validation Engineer II; CAD Engineer II,TX,
REHABILITATION INSTITUTE OF CHICAGO,2,0,85582.0,0,Electrical Engineer II,IL,
"REFLECTION WINDOW COMPANY, LLC",2,0,101500.0,0,Architectural Associate; Project Engineer II,IL,
SHURE INCORPORATED,2,0,95868.0,0,"ENGINEER II, EMBEDDED SYSTEMS DEV; Engineer II, DSP",IL,
GULFSTREAM AEROSPACE SERVICES CORPORATION,2,0,138269.0,0,Completions Technicial Specialist II,"GA,WI",
"RATIO STATES, LLC",2,0,72500.0,1,Associate / Architecture; Architectural Graduate,"CO,IN",
"GENTHERM MEDICAL, LLC",2,0,101667.0,0,Engineer II,OH,No
GENERAC POWER SYSTEMS,2,0,100000.0,1,Mechanical Engineer I; Compliance Engineer II,"ME,WI",No
"FREESE AND NICHOLS, INC.",2,0,64719.0,2,Engineer II,TX,
"ZF GAINESVILLE, LLC",2,0,97500.0,0,Engineer II - Customer Quality; Engineer II - Test Systems Service,"GA,WI",
"STEFANINI, INC.",2,0,72800.0,1,Mechanical Engineer II; Mechanical Engineer I,NC,
SANCTITYINTERNATIONAL LLC,2,0,87100.0,2,Mechanical Engineer II,AZ,
"SANDEN INTERNATIONAL (U.SA.), INC.",2,0,92080.0,2,Mechanical Engineer 2; Engineer 1,TX,
"FORGEN, LLC",2,0,77350.0,2,Project Engineer I,"CO,TX",
STATE UNIVERSITY OF NEW YORK - POLYTECHNIC INSTITUTE,2,0,95190.0,0,Assistant Professor of Civil Engineering; Assistant Professor of Mechanical Engineering-Thermal Fluids,NY,No
FOUGERON ARCHITECTURE,2,2,85696.0,2,Architectural Associate,CA,
"JENSEN HUGHES, INC.",2,1,87157.0,1,Associate; Associate (Fire Protection Engineer),"CA,OR",
FREEPORT-MCMORAN BAGDAD INC.,2,0,92100.0,2,Electrical Engineer I,AZ,
FREEPORT-MCMORAN CHINO MINES COMPANY,2,0,86800.0,2,Process Automation Engineer I; Geomechanical Engineer I,NM,
"NICHOLS, MELBURG & ROSSETTO, AIA & ASSOCIATES, INC.",2,2,65468.0,0,Architectural Intern (Project Technician),CA,
HORROCKS LLC,2,0,76018.0,2,Engineer in Training,"AZ,NM",
HOMCO RENAISSANCE INC.,2,0,105000.0,2,Jr. Electrical Commissioning Engineer I; Jr. Electrical Commissioning Engineer II,TX,
FREEPORT-MCMORAN SAFFORD INC.,2,0,88650.0,2,Geomechanical Engineer I; Electrical Engineer I,AZ,
"HOLOGIC, INC.",2,0,103754.0,0,Manufacturing Engineer 2; Electrical Engineer 2,"DE,MA",No
SSOE INC.,2,0,61620.0,2,Engineer 1,"GA,OH",
FREIGHTLINER CUSTOM CHASSIS CORPORATION,2,0,98722.0,1,Design Engineer II; Mechanical Product Design Engineer II,SC,No
HNTB CORPORATION,2,0,109491.0,2,Engineer II,NY,
ZF ACTIVE SAFETY US INC.,2,0,97754.0,1,Braking Controls  Engineer II; Braking Controls Engineer II,MI,No
"SCHNEIDER ELECTRIC BUILDINGS AMERICAS, INC.",2,0,89868.0,0,Energy Engineer II,"KS,NC",
FRIESEN'S INC.,2,0,88026.0,0,Mechanical Engineer II,MN,
"STARKEY LABORATORIES, INC.",2,0,104500.0,1,Mechanical Engineer II; Wireless Systems Engineer II,MN,No
HITACHI RAIL HONOLULU JV,2,0,98082.0,0,Associate Wayside & On Board Service Engineer,HI,
"HITACHI ASTEMO AMERICAS, INC",2,0,105000.0,1,"Engineer II, Design Engineering; Engineer II","MI,OH",
NY DEVELOPERS & MANAGEMENT INC,2,0,115000.0,2,Junior Project Engineer,NY,
"KITTELSON & ASSOCIATES, INC.",2,1,108300.0,1,Engineering Associate,"CA,DC",No
"SDR ENGINEERING, INC.",2,0,75306.0,2,Engineer I; Engineer Intern,FL,
HIGHT JACKSON ASSOCIATES,2,0,61838.0,2,Junior Architectural Associate,AR,
SEAGATE US LLC,2,0,94203.0,2,Engineer II,MN,
"JONES LANG LASALLE AMERICAS, INC.",2,1,94907.0,1,Server Engineer I; Associate Architectural Designer,"CA,NY",
"PSE CONSULTING ENGINEERS, INC.",2,0,82716.0,2,Civil Engineer (Intern); Civil Engineer (Intern) ,OR,
"ATANE ENGINEERS, ARCHITECTS AND LAND SURVEYORS, D.P.C.",2,0,70138.0,2,Junior Architect; Assistant Project Engineer,NY,
EDWARD KOZANLIAN ARCHITECT LLC,2,0,67500.0,0,Junior Associate; Junior Architect,NY,
COLUMBIA UNIVERSITY,2,0,112500.0,2,Assistant Professor of Mechanical Engineering; Associate Research Scientist,NY,No
"PICKARD CHILTON ARCHITECTS, INC.",2,0,68335.0,0,Associate; Architectural Designer/Associate,CT,
TURNAGAIN MARINE CONSTRUCTION CORPORATION,2,0,80558.0,0,Junior Engineer,FL,
TWIN PEAKS INC,2,0,81500.0,0,Junior Mechanical Engineer,NY,
APPALACHIAN STATE UNIVERSITY,2,0,80738.0,1,Assistant Professor of Building Sciences,NC,
U.S. BORAX INC.,2,2,105820.0,2,Electrical and Controls Engineer 2 - KBGFJG186219-3,CA,No
"PETER PENNOYER ARCHITECTS, D.P.C.",2,0,75000.0,2,Associate,NY,No
"C. V. ASSOCIATES NY; PE, LS, P.C.",2,0,76960.0,2,Civil Engineer I,NY,
"BVF ENGINEERING, INC.",2,0,69971.0,2,JUNIOR CIVIL ENGINEER,MD,
"APS CONSULTING, INC.",2,0,82368.0,1,Civil Engineer I,IL,
"UNIVERSITY OF CALIFORNIA, BERKELEY",2,2,88900.0,0,Assistant Project Scientist; Associate Specialist,CA,No
BUILDING MATERIALS MANUFACTURING LLC,2,1,91520.0,2,Maintenance Engineer II; Project Engineer II,"CA,TX",
BRUNSWICK CORPORATION,2,0,95192.0,1,"Technical Associate, Computer Vision; Process Engineer I","IL,TN",
"BROWN REYNOLDS WATFORD ARCHITECTS, INC.",2,0,74500.0,1,Architectural Intern,TX,
BROWN AND CALDWELL,2,0,110240.0,0,"Associate, Environmental Engineering; Associate, Structural Engineer","MI,NY",No
"UNIVERSITY OF CALIFORNIA, SANTA CRUZ",2,2,76000.0,1,Assistant Project Scientist; Assistant Specialist,CA,
UNIVERSITY OF CENTRAL FLORIDA,2,0,100000.0,1,Assistant in Research; Research Associate,FL,
"BRIGHT POWER, INC.",2,0,95897090.0,1,Energy Engineer II; Energy Analyst 1,"IL,NY",
"BRAND SHARED SERVICES, LLC",2,0,72500.0,1,Engineer I,"AZ,NY",No
BRAIN CORPORATION,2,2,135298.0,2,Autonomy Engineer I; Autonomy Engineer II,CA,
WESTERN NEW ENGLAND UNIVERSITY,2,0,93500.0,2,Associate Professor of Civil Engineering; Assistant Professor of Mechanical Engineering,MA,No
PICKNIK INC.,2,0,115000.0,0,Robotics Engineer II,CO,
"CELTIC ENGINEERING, INC.",2,1,110000.0,0,Mechanical Engineer II,"CA,FL",
MATTHEW GUERRERO DESIGN & ARCHITECTURE INC.,2,2,64500.0,0,Junior Architectural Designer,CA,
"CLUNE CONSTRUCTION COMPANY, LP",2,1,87760.0,0,Assistant MEP Coordinator; Assistant Superintendent,"CA,NY",
OMA AMO ARCHITECTURE PC,2,0,65686.0,2,Junior Designer,NY,
"PINI GROUP USA, INC.",2,0,85000.0,2,Junior Geo-Technical Engineer,DC,
"CLIMATEC, LLC",2,2,136590.0,0,System Specialist II,CA,
TRANE TECHNOLOGIES COMPANY LLC,2,0,92020.0,0,Electrical Engineer II; System Design Engineer II,WI,No
CLEMSON UNIVERSITY,2,0,80449.0,0,Research Assistant Professor,"SC,WA",
MATRIX STRUCTURAL ENGINEERS,2,0,76000.0,2,Graduate Engineer,TX,
"CIVILTECH ENGINEERING, INC.",2,0,78520.0,2,Engineer II; Engineer I--Structures,IL,
"ANLARR CONSTRUCTION, LLC",2,0,85426.0,0,GRADUATE ENGINEER,TX,No
"CENTER FOR RELIABLE ENERGY SYSTEMS, LLC",2,0,82000.0,0,Research Engineer II,OH,
CITY OF FORT WAYNE,2,0,72800.0,0,Engineering Research Associate,IN,
CITY OF AUSTIN,2,0,79539.0,2,Graduate Engineer B,TX,
CHIRU CONSULTING LLC,2,0,85800.0,2,ASSISTANT ENGINEER,NJ,
"ANSYS, LNC.",2,1,96803.0,2,Application Engineer II; R&D Engineer II,"CA,TX",
PIKE ENGINEERING LLC,2,0,73160.0,2,Engineer II,FL,
"MEAD & HUNT, INC.",2,0,97590.0,1,Building Performance Sustainability Associate; Sustainability Associate,"CO,VA",
"MEDTRONIC, INC.",2,0,90792.0,0,Mechanical Design Engineer II; Electrical Engineer II,MN,
"CENTERLINE STRUCTURAL ENGINEERING, PLLC",2,0,86000.0,2,Civil Engineer in Training,ID,
BOZ LIFE SCIENCE RESEARCH AND TEACHING INSTITUTE,2,2,56285.0,0,Research Associate,CA,
"BOWMAN ENGINEERING & CONSULTING, INC.",2,0,89928.0,0,Engineer II; Civil EIT,TX,
MICHIGAN TECHNOLOGICAL UNIVERSITY,2,0,86911.0,1,Research Engineer II; Research Assistant,MI,
"VITESCO TECHNOLOGIES USA, LLC",2,0,86950.0,2,Associate Electrical Engineer,MI,
ASCEND ANALYTICS LLC,2,0,94363.0,2,Energy Analyst II,CO,
"ASEC, INC.",2,1,91713.0,1,Engineer I,"CA,TX",
"MOODY ENGINEERING, LLC",2,0,70200.0,2,Civil Engineer in Training,OH,
"AYON STUDIO ARCHITECTURE . PRESERVATION, P.C.",2,0,75000.0,2,Recent College Graduate (non-licensed); Architect Level I,NY,
"PAGE SOUTHERLAND PAGE, INC.",2,0,78266.0,1,Graduate Electrical Engineer; Graduate Mechanical Engineer,TX,
VILLA CIVIL APC,2,2,76960.0,2,Junior Civil Designer,CA,
"AVL MOBILITY TECHNOLOGIES, INC.",2,0,107500.0,0,PROJECT ENGINEER II - ENGINER CALIBRATION; PROJECT ENGINEER II - TRANSMISSION CALIBRATION,MI,
"ASML US, LP",2,1,90958.0,2,Mechanical Engineer 2; Electrical Engineer 2,"CA,CT",
"MOTOR SERVICES HUGO STAMP, INC.",2,0,145244.0,0,Commissioning Engineer Level 1,FL,
"WALTER P. MOORE AND ASSOCIATES, INC.",2,0,83482.0,1,Graduate Engineer II - Civil; Graduate Engineer II - Diagnostics,"NY,TX",
"PACIFIC BIOSCIENCES OF CALIFORNIA, INC.",2,2,124200.0,2,"Engineer II, Optical ",CA,
ASSIST INC.,2,0,66560.0,0,Architectural Design Associate,UT,
AUTOLIV ASP INC.,2,0,102117.0,0,Application Engineer II,"MI,UT",
"VSCE, INC.",2,2,106163.0,1,Assistant Resident Engineer,CA,
PACIFIC BEARING COMPANY,2,0,79588.0,0,Mechanical Engineer II,IL,
W.M. RICE UNIVERSITY,2,0,92150.0,1,Assistant Professor; Research Specialist II,TX,
ASYMPTOTE ARCHITECTURE D.P.C.,2,0,65018.0,6,Intern Architect,NY,
"ATKINS NORTH AMERICA, INC.",2,0,77540.0,1,Engineer II,"GA,NV",
VBFA - BNA CORPORATION,2,0,93597.0,0,Engineer II; Associate,UT,
"ARROW INTERNATIONAL, INC.",2,0,97781.0,0,"R&D Sustaining Engineer II, MDR",MN,
BOURN & KOCH LLC,2,0,117224.0,0,Mechanical Engineer II,IL,
"BIG, NFP",2,0,94702.0,2,Sustainable Engineering Associate,IL,
"MICRON TECHNOLOGY, INC.",2,0,102650.0,0,Facilities Engineer 2,ID,
BORN INC.,2,0,95000.0,1,Instruments and Controls Engineer I; Instruments and Controls Engineer II,OK,
UNIVERSITY OF MARYLAND CENTER FOR ENVIRONMENTAL SCIENCE,2,0,81092.0,1,Assistant Research Scientist,MD,
BOARD OF REGENTS OF THE UNIVERSITY OF NEBRASKA,2,0,88870.0,0,Research Assistant Professor,NE,
"BLUESCOPE BUILDINGS NORTH AMERICA, INC.",2,0,131245.0,2,Professional Engineer II,"PA,WI",
UNIVERSITY OF MOUNT UNION,2,0,78250.0,2,Assistant Professor of Civil Engineering,OH,
UNIVERSITY OF NORTH CAROLINA AT CHAPEL HILL,2,0,89784.0,2,Research Associate/Research Assoc“Dispersion Model Developer; Research Associate,NC,
UNIVERSITY OF SOUTH FLORIDA,2,0,90000.0,2,"Engineer - Scientist II; Assistant Professor, Civil Engineering",FL,
UNIVERSITY OF WISCONSIN-MILWAUKEE,2,0,65582.0,0,Research Associate,WI,
BASTIAN SOLUTION LLC,2,0,108748.0,1,Controls Engineer II; R&D Robotics Engineer II,"GA,ID",
"WDP & ASSOCIATES CONSULTING ENGINEERS, INC.",2,0,99153.0,0,Project Engineer I,VA,
"BECTON, DICKINSON AND COMPANY",2,0,90796.0,1,"Engineer 2, Electrical; Test Engineer II","MD,NJ",
"UT-BATTELLE, LLC (OAK RIDGE NATIONAL LABORATORY)",2,0,112560.0,0,R&D Associate - Water & Wastewater Efficiency Engineer; R&D Associate - Life Cycle Assessment,TN,
"MK AND ASSOCIATES, INC",2,0,64459.0,2,Structural Engineer-EIT,TX,
"WATER WORKS ENGINEERS, LLC",2,0,111600.0,1,Associate Engineer,AZ,
"BCC ENGINEERING, LLC",2,0,103729.0,0,Engineer I; Engineer II,"FL,GA",
MOBILICT TECHNOLOGIES LLC,2,0,82212.0,2,Construction Engineer Level II; Mobility Wireless Engineer Level II,TX,
BATTELLE MEMORIAL INSTITUTE,2,0,75614.0,1,Post  Doctorate Research Associate (Environmental Science); Post Masters Research Associate (Energy & Climate Analysis),"MD,WA",
"MASON TECHNOLOGIES, INC.",2,0,75000.0,2,Junior Mechanical Engineer,NY,
LEMESSURIER CONSULTANTS INC.,2,0,79560.0,0,Structural Engineer in Training,MA,No
THE HASKELL COMPANY,2,0,71719.0,0,Design Engineer II - Packaging; Design Associate - Architecture,"FL,TX",No
CRANSTON LLC,2,0,70075.0,2,Project Engineer I,GA,
"TK ELEVATOR MANUFACTURING, INC.",2,0,90054.0,0,Quality Engineer II,TN,
WHOOP INC.,2,0,144050.0,1,Electrical Engineer II; Signal Processing Engineer II,MA,
THE UNIVERSITY OF IOWA,2,0,92958.0,0,Assistant Professor; Assistant Research Scientist,IA,
LIMBACH FACILITY & PROJECT SOLUTIONS LLC,2,0,118000.0,1,Energy Engineer II,MD,
ATKINS NORTH AMERICA INC.,2,0,88125.0,0,Engineer II,"NV,TX",
THE INTERNATIONAL COUNCIL ON CLEAN TRANSPORTATION,2,2,86500.0,2,Associate Researcher; Transportation and Industrial Policy Associate Researcher,CA,
AMENTUM TECHNOLOGY INC.,2,0,87589.0,0,Engineer II,MI,
LINDE ENGINEERING NORTH AMERICA LLC,2,0,84584.0,2,Civil/Structural Engineer Co-Op,NY,
"DIBBLE & ASSOCIATES CONSULTING ENGINEERS, INC.",2,0,99025.0,0,Structural Project Engineer I,AZ,
"PRACTICE FOR ARCHITECTURE URBANISM, DPC",2,0,75000.0,2,Associate; Associate Architect,NY,
PRESIDENT AND BOARD OF TRUSTEES OF SANTA CLARA COLLEGE,2,2,126963.0,0,"Assistant Professor, Civil, Environmental & Sustainable Eng.; Assistant Professor, Mechanical Engineering",CA,
DELL PRODUCTS L.P.,2,0,111325.0,2,Hardware Engineer 1; Hardware Engineer 2,TX,
THE NATURE CONSERVANCY,2,0,52730.0,1,Climate and External Affairs Associate,IA,
WILLDAN ENERGY SOLUTIONS,2,0,82868.0,0,Energy Specialist II; Project Engineer II,"IA,NY",
"DISH WIRELESS, LLC",2,0,104853.0,0,RF Engineer II,NJ,
LONE STAR GREEN HOMES LLC,2,0,105000.0,0,Engineer in Training (Civil Engineer),TX,No
CURTIS AND GINSBERG ARCHITECTS LLP,2,0,461500.0,2,Junior Architect,NY,
DISTINCT ENGINEERING SOLUTIONS INC,2,0,82160.0,1,Assistant Project Engineer,NJ,
THE CURATORS OF THE UNIVERSITY OF MISSOURI/MISSOURI UNIVERSITY OF SCIENCE AND TECHNOLOGY,2,0,83000.0,2,Assistant Teaching Professor-Civil Engineering; Assistant Professor-Civil Engineering,MO,
THE COLLEGE OF WILLIAM AND MARY,2,0,95000.0,2,Assistant Professor of Environment & Sustainability,VA,
"CYCLONE GROUP, P.C.",2,0,71968.0,2,Building Analyst I; Sustainability Analyst I,IL,
"CYMER, LLC",2,2,130050.0,2,General System Engineer 2,CA,
"DONAN SOLUTIONS, LLC",2,0,107210.0,0,Forensic Engineer I,KY,No
THE RAYMOND CORPORATION,2,0,93300.0,2,Engineer 2,NY,
"DAIMLER TRUCK NORTH AMERICA, LLC",2,0,91522.0,1,Systems Integration Engineer I; Mechanical Product Design Engineer II,"MI,SC",
"THE STATE OF NEBRASKA, DEPARTMENT OF TRANSPORTATION",2,0,85821.0,1,Professional Engineer I; Professional Engineer II,NE,
"DATUM ENGINEERS, INC.",2,0,81702.0,2,Graduate Engineer,TX,
THE CONNECTICUT AGRICULTURAL EXPERIMENT STATION,2,0,93198.0,1,Assistant Scientist 2; Assistant Scientist II,CT,No
"TESSERE, INC.",2,0,58594.0,1,Intern in Architecture,"KS,MO",
"WOOD GROUP USA, INC.",2,0,82180.0,2,Graduate Subsea Engineer - KBGFJG270468-2; Offshore Pipelines Engineer I - KBGFJG272781-1,TX,
THOMSON LINEAR LLC,2,0,104874.0,0,Quality Engineer II,IL,No
"DESIGN, INSPECTIONS, CONSTRUCTION, ENVIRONMENTAL SERVICES, LLC",2,0,72654.0,1,Environmental/Civil Engineer in Training (E.I.T.); Assistant Environmental Engineer,NY,
MARICOPA ASSOCIATION OF GOVERNMENTS,2,0,73840.0,2,Air Quality Engineer II; Transportation Engineer I,AZ,
"MARELLI NORTH AMERICA, INC.",2,0,92817.0,0,Project Engineer 2,MI,
ECHEM CONSULTANTS LLC,2,0,78624.0,2,Non-Destructive Engineer II,NY,
"DI DOMENICO PARTNERS, LLP",2,0,82500.0,0,Junior Designer,NY,
"DEXTERITY, INC.",2,2,118810.0,0,"Robotics Engineer II, Hardware, Mechatronics",CA,
"COREBRACE, LLC",2,0,80500.0,2,Junior Project Engineer,UT,
"THERMO FISHER SCIENTIFIC, INC.",2,0,76513.0,0,"Engineer II, Manufacturing Engineering; Engineer II, Mechanical","NC,NJ",
"WILLDAN LIGHTING AND ELECTRIC, INC.",2,0,74027.0,0,Project Engineer I,NY,
THERMO FISHER SCIENTIFIC INC.,2,0,103217.0,2,"Engineer II, Field Service; Automation Engineer II","IN,MA",
"TIMELINE CONSTRUCTION, INC.",2,2,115128.0,0,Project Engineer II,CA,
PLUG POWER INC.,2,0,104828.0,1,Systems Engineer II,NY,
"E4H – ENVIRONMENTS FOR HEALTH, LLC",2,0,91768.0,0,Project Associate,NY,No
LIBERTY UNIVERSITY INC.,2,0,136918.0,1,Assistant Professor of Civil Engineering; Assistant Professor of Mechanical Engineering,VA,
"ECONOLITE CONTROL PRODUCTS, INC.",2,2,114012.0,0,Traffic Applications Engineer II,CA,No
LUXVIEW LLC,2,0,75000.0,2,Mechanical Design Engineer I; Mechanical Design Engineer 1,TN,
PROMILES SOFTWARE DEVELOPMENT CORPORATION,2,0,92539.0,0,Civil Associate II,PA,
"PROGRESSIVE AE, INC.",2,0,86970.0,0,ELECTRICAL ENGINEER I,MI,
AMETRADE INC.,2,0,72864.0,2,Mechanical Engineer I,FL,
"QUANTA TECHNOLOGY, LLC",1,0,99216.0,1,Distribution Engineer II,NC,
"RESOLUTION GROUP, INC.",1,0,100000.0,1,Civil Engineer II,IN,
PCL CONSTRUCTION INC.,1,1,89400.0,1,Project Engineer II,CA,
"PCL CONSTRUCTION, INC.",1,0,78000.0,1,Project Engineer II,UT,
PBR INC. DBA SKAPS INDUSTRIES,1,0,75691.0,1,Entry Level Engineer - Mechanical,GA,
"PCL CONSTRUCTION SERVICES, INC.",1,0,81600.0,1,Project Engineer II,MT,
"RESTOR3D, INC.",1,0,106090.0,0,Manufacturing Engineer II,MA,
"RGD & ASSOCIATES, INC.",1,0,111240.0,1,Junior Electrical Engineer,FL,
REX ARCHITECTURE PC,1,0,73500.0,1,Junior Architectural Designer,NY,
OSCAR RENDA CONTRACTING INC.,1,0,75000.0,1,Junior Project Engineer,TX,
PATTERN ENERGY GROUP SERVICES LP,1,0,86528.0,0,Project Associate,TX,
"PAPE-DAWSON CONSULTING ENGINEERS, LLC.",1,0,78000.0,0,ENGINEER II,TX,No
"PATH CONSTRUCTION COMPANY, INC.",1,0,72000.0,1,Junior Architect,IL,
"PAGE & TURNBULL, INC.",1,1,70375.0,1,Junior Materials Conservation Specialist,CA,
"ROCKY MOUNTAIN INSTITUTE, INC.",1,0,75000.0,1,Associate,DC,
"ROCKWELL ARCHITECTURE, PLANNING AND DESIGN, P.C.",1,0,65500.0,1,Intern Architect - Recent College Graduate ,NY,
"OTHON, INC.",1,0,70000.0,1,Graduate Engineer,TX,
"ROCHESTER ELECTRONICS, LLC",1,0,89440.0,1,Design Engineer II,MD,
"PAC SEATING SYSTEMS, LLC",1,0,83157.0,0,DESIGN ENGINEER II,FL,
RJM CONSTRUCTION LLC,1,0,79825.0,1,Project Engineer II,MN,
PACCAR INC,1,0,78083.0,1,Associate Test & Development Engineer,WA,
"PROPETRO SERVICES, INC.",1,0,100158.0,1,Technology Engineer I,TX,
"NOVELIS ALR ALUMINUM, LLC",1,0,100800.0,1,Electrical Engineer II,IA,
"PTV AMERICA, INC.",1,0,95000.0,0,Associate Engineer,OR,No
NOVELIS CORPORATION,1,0,82000.0,1,CAE Structural Engineer I,MI,
"OATES ASSOCIATES, INC.",1,0,80825.0,1,Associate Project Designer,MO,
PROCEPT BIOROBOTICS,1,1,100947.0,1,Associate R&D Engineer,CA,
QE SOLAR LLC,1,0,72000.0,1,PERFORMANCE ANALYST I,NJ,
"PAGE SOUTHERLAND PAGE, INC., SUCCESSOR EMPLOYER TO DB STRUCTURES, LLC",1,0,79000.0,0,Graduate Structural Engineer,TX,
RIVERS AND CHRISTIAN,1,1,88715.0,0,Associate,CA,
PANTO ULEMA INC.,1,0,90000.0,0,Architectural Associate,IL,
"PRIME CONTROLS, L.P.",1,0,100000.0,0,Automation Specialist II,IL,
"RHODIUM GROUP, LLC",1,0,115509.0,0,Research Analyst 2,WA,
OREGON INSTITUTE OF TECHNOLOGY,1,0,86508.0,0,"Assistant Professor, Civil Engineering",OR,
PUBLIC SERVICE COMPANY OF NEW MEXICO,1,0,68973.0,1,Engineer I,NM,
NOVINTIX INC.,1,0,122000.0,0,Mechanical Engineer II,PA,
PREDICTANT LLC,1,0,104500.0,0,Product Engineer 1,NC,
"PAPE-DAWSON GEORGIA, LLC",1,0,72000.0,1,Engineer II,GA,
"OSSID, LLC",1,0,79394.0,0,Controls Engineer II,NC,No
"OSSIA, INC",1,0,90000.0,0,System Test Engineer II,WA,
PDQ WORKHOLDING LLC,1,0,68900.0,0,Associate Engineer,IN,
PK ASSOCIATES LLC,1,0,120000.0,0,Associate Engineer,AZ,
"ODA - ARCHITECTURE, P.C.",1,0,70000.0,0,Architectural Designer (Level 1),NY,
REDBUILT LLC,1,0,68994.0,1,Engineer in Training,ID,
RDQ INC.,1,0,106000.0,0,Engineer II,TX,
RCM TECHNOLOGIES (USA) INC,1,0,110000.0,0,Electrical Engineer I,NJ,
PHOENIX CARS LLC DBA PHOENIX MOTORCARS,1,0,88130.0,0,Development Engineer II,SC,
PHOENIX NOISE & VIBRATION LLC,1,0,121743.0,0,Acoustical Engineer II,MD,
"PMCS GROUP, INC.",1,1,125000.0,0,Design Associate,CA,No
"QUINTEC INTEGRATION, INC.",1,0,110000.0,0,Design & Application Engineer II,WI,No
"PHYSICAL ELECTRONICS, INC.",1,0,87381.0,1,Mechanical Engineer II,MN,
PROTERRA INVESTMENT PARTNERS LP,1,0,74194.0,1,Sustainability Associate,MN,
"PICKERING FIRM, INC.",1,0,66040.0,0,Intern Architect,TN,
R.A JONES & CO.,1,0,114915.0,0,Project Mechanical Engineer I,KY,
"R.H. SHEPPARD CO., INC.",1,0,96204.0,0,"Engineer 2, Controls Vehicle",MI,
ONE CLASS GLOBAL LLC,1,0,80000.0,1,Engineer I,TX,
PIGLER AUTOMATION LLC,1,0,57000.0,1,Associate Controls Engineer,NY,
"PMA CONSULTANTS, LLC",1,0,79040.0,1,Junior Scheduler,MA,
"PLUNKETT RAYSICH ARCHITECTS, LLP",1,0,68016.0,1,Project Specialist II,FL,
R.R.P. CONSULTING ENGINEERS LLC,1,0,76939.0,1,Engineer in Training,TX,
R2T INC.,1,0,85000.0,1,ENGINEER 2,VA,
"RBC DEVELOPMENT, LLC",1,0,74263.0,1,Process Engineer II,KS,
PIMA COUNTY GOVERNMENT,1,0,65326.0,0,Engineering Assistant II,AZ,
PLATT BYARD DOVELL WHITE ARCHITECTS LLP,1,0,75000.0,0,JUNIOR DESIGNER,NY,
"RAYCONNECT, INC.",1,0,110080.0,0,Product Development Engineer II,MI,
RANPAK CORPORATION,1,0,101856.0,0,Cold Chain Engineer II,OH,
"OMEGA ENGINEERS, INC.",1,0,87360.0,0,Engineer in Training (EIT),TX,
RAFAEL VINOLY ARCHITECTS P.C.,1,0,94500.0,0,Intern Architect,NY,
NUCOR BUILDING SYSTEMS INDIANA,1,0,86320.0,1,"Design Engineer I, EIT",IN,
PLANEWAVE INC.,1,1,88566.0,1,Antenna Engineer I,CA,
RAN ORON DESIGN CORP,1,0,65686.0,1,Junior Architectural Designer,NY,
PINKARD CONSTRUCTION CO,1,0,74000.0,1,Rotational Engineer,CO,No
OLYMPUS CONTROLS CORP.,1,0,84198.0,1,Electrical Controls Engineer I,OR,
RECARO AIRCRAFT SEATING AMERICAS LLC,1,0,93018.0,0,Project Engineer II,TX,
PHASOR ENGINEERING LLC,1,0,71178.0,1,Electrical EngineerII,FL,
"ORANGEPEOPLE, LLC",1,0,103792.0,0,Systems Design and Architecture Engineer II,TX,
"ONE GROUP DESIGN, LP",1,0,65582.0,1,Junior Architect,TX,
PECGA LLC DBA PALMER ENGINEERING COMPANY,1,0,98200.0,0,Junior Project Engineer,GA,No
"PQH GROUP DESIGN, INC.",1,0,87360.0,1,Associate Architectural Designer,FL,No
RENSSELAER POLYTECHNIC INSTITUTE,1,0,62000.0,1,Research Associate,NY,
"PECKHAM GUYTON ALBERS & VIETS, INC.",1,0,65000.0,0,Intern Architect,KS,
OPPORTUNITIES INC. OF JEFFERSON COUNTY,1,0,69930.0,1,Controls Engineer I,WI,
QUE LLC,1,0,65686.0,1,Architectural Associate,NY,
PEERLESS MANUFACTURING CO.,1,0,102856.0,0,Project Engineer II,TX,
PENN ENVIRONMENTAL & REMEDIATION,1,0,74000.0,1,Engineer I,PA,
"NOVO NORDISK US BIO PRODUCTION, INC.",1,0,67600.0,1,EHS Associate I,NH,
"POWER SYSTEMS MFG., LLC",1,0,84000.0,1,Engineer I - CDP (Combustion & Digital Programs),FL,
"POWER SOLUTIONS INTERNATIONAL, INC.",1,0,115201.0,0,OBD Calibration Engineer II,IL,
"ONWARD ROBOTICS (F/K/A IAM ROBOTICS, INC.)",1,0,89000.0,1,Engineer I,PA,
NTN BEARING CORPORATION OF AMERICA,1,0,77250.0,1,Associate Applications Engineer,IL,
"POWER ENGINEERS, INC.",1,0,78000.0,1,Engineer II,MO,
PENTA ENGINEERING CO. LLC,1,0,70000.0,1,Structural Engineer I,MO,
"ONESTEP POWER SOLUTIONS, INC.",1,0,72800.0,1,Graduate Project Engineer,TX,
"REMITLY, INC.",1,0,82000.0,1,Lifecycle Marketing Associate,WA,
POWER CONTRACTING LLC,1,0,82000.0,1,Project Engineer II,AZ,
"PERALTE-CLARK, LLC",1,0,96096.0,0,Design Engineer II,IL,
QUINN EVANS ARCHITECTS INC,1,0,63960.0,1,Architectural Intern,MD,
REGULATORY ASSISTANCE PROJECT,1,1,78989.0,1,"Associate, China Program",CA,
REGENTS OF UNIVERSITY CALIFORNIA OF RIVERSIDE,1,1,125000.0,0,Assistant Research Engineer,CA,
"ONEOK SERVICES COMPANY, LLC",1,0,85987.0,1,Engineer II,OK,
OKLAHOMA BAPTIST UNIVERSITY,1,0,98739.0,0,Assistant Professor of Mechanical Engineering,OK,
"ONEH2, INC.",1,0,80000.0,1,Product Engineer II,NC,
QUINNIPIAC UNIVERSITY,1,0,100000.0,1,Assistant Professor of Mechanical Engineering,CT,
"PERFORMANCE CONTRACTING, INC.",1,0,81600.0,1,Associate Project Engineer,VA,
"O&H DANISH BAKERY, INC.",1,0,60320.0,1,Architect & Facilities Design Associate,WI,
REDDY ARCHITECTURE LLC,1,0,80000.0,1,Associate (Architectural Designer),NY,
NTOPOLOGY INC.,1,0,111694.0,1,Product Support Engineer II,NJ,
STUDIO LUCK LLC,1,0,78000.0,1,Architectural Associate,TX,
"ROGER FERRIS AND PARTNERS, LLC",1,0,75000.0,1,Entry Level Architectural Designer,CT,
VECTOR STRUCTURAL ENGINEERING OF SOUTHERN CALIFORNIA LLP,1,1,72000.0,1,Civil Engineer In Training (Structural),CA,
UNIVERSITY OF CONNECTICUT,1,0,101317.0,0,Assistant Research Professor,CT,
UNIVERSITY OF ILLINOIS CHICAGO,1,0,100000.0,1,IT Tech. Associate - Building Automation Systems Engineer,IL,
UNIVERSITY OF KENTUCKY,1,0,65582.0,1,Research Associate,KY,
UNIVERSITY OF MARYLAND BALTIMORE,1,0,155453.0,0,Assistant Professor,MD,
UNIVERSITY OF MASSACHUSETTS DARTMOUTH,1,0,68224.0,1,Research Associate,MA,No
"UNIVERSITY OF MASSACHUSETTS, AMHERST",1,0,93000.0,0,Assistant Professor (Dept of Civil & Enviro Engineering),MA,
UNIVERSITY OF MICHIGAN,1,0,63710.0,0,Assistant Research Scientist,MI,
"UNIVERSITY OF NEVADA, RENO",1,0,90670.0,1,"Assistant Professor, Civil and Environmental Engineering",NV,
UNIVERSITY OF NEW HAVEN,1,0,95000.0,1,Assistant Professor of Mechanical Engineering,CT,
UNIVERSITY OF OKLAHOMA,1,0,64480.0,0,Research Associate,OK,
UNIVERSITY OF TEXAS AT ARLINGTON,1,0,66000.0,1,"Assistant Professor of Research, Dept. of Civil Engineering",GA,
UNIVERSITY OF WASHINGTON,1,0,96876.0,1,Research Scientist/Engineer 2,WA,
"URBAN ARCHITECTURAL INITIATIVES, RA, P.C",1,0,101107.0,0,Associate,NY,
URBAN PROJECT MANAGEMENT LLC,1,0,74589.0,1,Assistant Project Engineer,NY,
"URVANX, INC.",1,0,63902.0,1,Graduate Architect,FL,
US HOUSING PORTFOLIO MANAGER LLC,1,0,59946.0,1,Junior Civil Engineer,FL,
UST GLOBAL INC,1,0,90000.0,1,SPECIALIST I - PRODUCT SUPPORT,VA,
UTAH TECH UNIVERSITY,1,0,95600.0,1,Assistant Professor of Mechanical Engineering,UT,No
"VALENTINER CRANE BRUNJES ONYON ARCHITECTS, LLC",1,0,64896.0,1,Intern Architect,UT,
"VALERIO ARCHITECTS, INC.",1,1,64459.0,1,Studio Associate,CA,
"VALMET, INC.",1,0,106617.0,1,Service Engineer 2 (Automation Engineer),SC,
"VANASSE HANGEN BRUSTLIN, INC",1,0,81016.0,1,Civil Engineer 2,NC,
VANDERBILT UNIVERSITY,1,0,111395.0,0,Assistant Professor of Mechanical Engineering,TN,
"VANDERLANDE INDUSTRIES, INC.",1,0,103238.0,0,Electrical Project Engineer I,OH,
VANTAGE AIRPORT GROUP (US) LTD.,1,0,74589.0,1,Junior Civil Engineer,NY,
VASTEK INC.,1,0,70720.0,0,Manufacturing Associate,MD,
VCBO ARCHITECTURE,1,0,61818.0,1,Intern Architect,UT,
UNIVERSITY OF CINCINNATI,1,0,72120.0,0,Research Associate,OH,
UNIVERSITY OF CHICAGO,1,0,115000.0,1,Research Assistant Professor,IL,
"UNIVERSITY OF CALIFORNIA, SAN DIEGO",1,1,120000.0,1,Assistant Research Scientist,CA,No
"TRIMAC INDUSTRIAL SYSTEMS, LLC",1,0,62400.0,1,MECHANICAL ENGINEER 1,KS,
TN AMERICAS LLC,1,0,84510.0,1,Engineer II,MD,
TONAB ARCHITECTURE PLLC,1,0,70000.0,1,Associate Project Designer,NY,
TOOLE DESIGN GROUP LLC,1,0,102539.0,0,Engineer II (entry),MD,
"TORCH ARCHITECTURE, INC.",1,0,70000.0,0,Architectural Associate,IL,
"TRADEWATER, LLC",1,0,63300.0,1,Environmental Program Associate,NC,
"TRAF-IQ, INC.",1,0,81500.0,0,ASSOCIATE ENGINEER,TX,No
TRANSNORM SYSTEM INC,1,0,101558.0,1,Mechanical Design Engineer II,TX,
"TRC ENGINEERS, INC. (CA)",1,0,88442.0,1,Project Engineer II,MI,
"TRC ENGINEERS, LLC",1,0,85010.0,1,Testing & Commissioning Engineer I,CT,
"TREKK DESIGN GROUP, LLC",1,0,106875.0,0,Professional Engineer II,MO,
TRIAX ENGINEERING LLC,1,0,72030.0,1,Assistant Project Engineer (Civil Engineer),CO,
TRIAX ENGINNERING LLC,1,0,72030.0,1,Assistant Project Engineer (Civil Engineer),CO,
TRINE UNIVERSITY,1,0,86520.0,0,Assistant Professor - Civil Engineering,IN,
"UNIVERSITY OF CALIFORNIA, IRVINE",1,1,93700.0,1,ASSISTANT PROJECT SCIENTIST,CA,
TRUSTEES OF AMHERST COLLEGE,1,0,85000.0,0,Assistant Professor of Asian Languages and Civilizations,MA,
TRUSTEES OF DARTMOUTH COLLEGE,1,0,68000.0,0,Research Associate B,NH,
TRUSTEES OF THE UNIVERSITY OF PENNSYLVANIA,1,0,140000.0,0,Assistant Professor of Population Med. Sustainable Ag. Food,PA,
TRYGVE ENTERPRISES LLC,1,0,72000.0,1,Research Associate,TX,
TTX COMPANY,1,0,87547.0,1,Maintenance and Modification Engineer II,IL,
"TUUCI, LLC",1,0,80000.0,0,Mechanical Engineer II,FL,
U.S. CELLULAR CORPORATION,1,0,125175.0,0,Telephony Engineer I,IL,
"UBC TECHNOLOGY SERVICES, INC.",1,0,166400.0,0,Associate Structural Engineer,SC,
UC DAVIS AGRICULTURE AND NATURAL RESOURCES,1,1,92500.0,1,Assistant Cooperative Extension Advisor ,CA,
"ULTEIG ENGINEERS, INC.",1,0,84500.0,1,Graduate Engineer,NJ,
ULTIUM CELLS LLC,1,0,83304.0,1,Equipment Tech Engineer II,TN,
"UNITED FOODS INTERNATIONAL (USA), INC.",1,0,80712.0,0,Jr. Equipment Engineer,AZ,
"VCBO ARCHITECTURE, LLC",1,0,61818.0,1,Intern Architect,UT,
"VEREGY, LLC",1,0,85000.0,1,Project Engineer II – Solar,AZ,No
ROLLS-ROYCE SOLUTIONS AMERICA INC.,1,0,74160.0,1,Associate Applications Engineer,MN,
VERMONT AGENCY OF TRANSPORTATION,1,0,57200.0,1,Civil Engineer I “ Construction & Structures,VT,
WHITEWATER UNIVERSITY OF CALIFORNIA,1,1,87360.0,1,"Assistant Professor, Mechanical Engineering",CA,
WIDENER UNIVERSITY,1,0,69690.0,0,Assistant Professor of Civil Engineering,PA,
WILKES UNIVERSITY,1,0,82000.0,1,Assistant Professor of Civil Engineering,PA,
WILLDAN LIGHTING AND ELECTRIC,1,0,85862.0,0,Energy Specialist I - Engineer,NC,
WILLIAMS BLACKSTOCK ARCHITECTS,1,0,62000.0,1,Graduate Architect,AL,
"WILSON ENGINEERING & CONSTRUCTION SERVICES, PLLC",1,0,58261.0,1,Associate Architect,TX,
"WINNEBAGO INDUSTRIES, INC.",1,0,89710.0,1,Electrical Engineer II,IA,
"WOOD RODGERS, INC.",1,1,71510.0,1,Assistant Engineer,CA,
WOOD THILSTED USA INC.,1,0,95141.0,1,Junior Geotechnical Engineer,MA,
"WOODARD & CURRAN, INC.",1,0,109533.0,0,Project Engineer I,FL,
WORKSPACE 11 LLC,1,0,87589.0,0,Intern Architect II,NY,
WORLD RESOURCES INSTITUTE,1,0,92000.0,1,"Industrial Innovation Associate, Climate Program ",DC,
"WOW ATELIER, LLC",1,0,56160.0,1,Architectural Intern,UT,
WRIGHT INDUSTRIES LLC,1,0,106784.0,1,Controls Engineer II,TN,
WRNS STUDIO,1,1,70000.0,1,Junior Designer,CA,
"WSB & ASSOCIATES, INC.",1,0,65499.0,1,Graduate Engineer - Traffic Operations,MN,No
WSP USA SOLUTIONS INC.,1,1,70699.0,1,"Assistant Consultant, Designer",CA,
X-ELIO NORTH AMERICA INC.,1,0,96390.0,1,Junior Interconnection Engineer,DC,
XERION ADVANCED BATTERY CORP.,1,0,85000.0,0,Mechanical Engineer (Engineer II),OH,
"YANMAR MASTRY ENGINE CENTER, LLC",1,0,76000.0,0,Applications Engineer II,FL,
YOKOGAWA CORPORATION OF AMERICA,1,0,92289.0,0,Engineer II (Project Engineer),PA,
YUNG ARCHITECTURE LLC,1,0,63086.0,1,"Junior Architect, Design",GA,
ZF PASSIVE SAFETY SYSTEMS US LLC,1,0,105751.0,0,Engineer I - Systems,MI,No
ZFI ENGINEERING CO.,1,0,67475.0,1,Project Engineer in Training,OK,
"ZIMMER, INC.",1,0,96224.0,0,Research Engineer I,IN,
"ZUM SERVICES, INC.",1,1,95000.0,1,Electrification Program Associate,CA,
ZUNG DESIGN LLC,1,0,65686.0,1,Junior Architectural Professional,NY,
"WHITE HAWK ENGINEERING AND DESIGN, LLC.",1,0,64459.0,1,Graduate Engineer,TX,
"WHITE HAWK ENGINEERING AND DESIGN, LLC",1,0,98946.0,0,Roadway/Structural Engineer 1,TX,
"WESTRA CONSULTANTS, LLC",1,0,67600.0,1,Graduate Engineer,TX,
WASHINGTON STATE UNIVERSITY,1,0,89096.0,0,Research Assistant Professor,WA,
VERVEBA TELECOM LLC,1,0,72000.0,1,Associate RF Engineer,TX,
VIASTORE SYSTEMS INC,1,0,80000.0,0,Controls Engineer I,MI,No
VIRGINIA DEPARTMENT OF TRANSPORTATION,1,0,106892.0,0,Architect Engineer I,VA,
VISTEON CORPORATION,1,0,104144.0,0,Data Scientist 2 - Vehicle Control Engineer,MI,
VISUAL ARCHITECTURE D.P.C.,1,0,75000.0,1,Architect (Junior),NY,
"VOGT POWER INTERNATIONAL, INC.",1,0,79560.0,1,Assistant Project Engineer,KY,
VOITH HYDRO INC.,1,0,88200.0,1,Mechanical Engineer II,PA,
"VRETTOS PAPPAS CONSULTING ENGINEERS, P.A.",1,0,90000.0,1,Mechanical Engineer II,FL,No
"W.A. RASIC CONSTRUCTION COMPANY, INC.",1,1,94994.0,0,PROJECT ENGINEER II,CA,
W.G. YATES AND SONS CONSTRUCTION CO.,1,0,90000.0,1,Assistant Superintendent - Commercial,TX,
"WACKER POLYSILICON NORTH AMERICA, LLC",1,0,95325.0,0,"Engineer II, EI&C",TN,
"WADE DESIGN ARCHITECTS, INC.",1,1,69060.0,1,Junior Designer,CA,
"WASTEWATER ACQUISITION LLC D/B/A IN-PIPE TECHNOLOGY, LLC",1,0,72000.0,1,Environmental Engineer (Entry Level),IL,
WESTLAKE MANAGEMENT SERVICES INC.,1,0,111235.0,0,Engineer I - Project,GA,
WAYNE STATE UNIVERSITY,1,0,56722.0,0,RESEARCH ASSOCIATE,MI,
WEEKS MARINE INC.,1,0,98956.0,1,Construction Field Engineer 1,NJ,
WEISS TURKUS PROJECTS LLC,1,0,72553.0,0,Junior Designer,NY,
"WELLS ENTERPRISES, INC.",1,0,85000.0,1,Plant Engineer II,IA,
"WELLTEC, INC.",1,0,54000.0,1,Field Engineer Trainee,TX,
"WELSPUN PIPES, INC.",1,0,69347.0,1,Junior Project Engineer,AR,
WENTWORTH INSTITUTE OF TECHNOLOGY,1,0,89042.0,0,Assistant Professor of Mechanical Engineering,MA,
"WES-TECH AUTOMATION SOLUTIONS, LLC",1,0,81000.0,1,Controls Engineer I,IL,
"WESSLER ENGINEERING, INC.",1,0,89189.0,0,Project Engineer II,IN,
WESTERN CAROLINA UNIVERSITY,1,0,99330.0,1,Assistant Professor of Civil Engineering,NC,
WESTERN MICHIGAN UNIVERSITY,1,0,70000.0,1,"Assistant Professor - Environment, Geography Sustainability",MI,
WESTINGHOUSE ELECTRIC COMPANY LLC,1,0,77000.0,1,Engineer I,PA,
"TIMBERWOLF HC, LLC",1,0,70000.0,1,Junior Energy Engineer,NY,
"THOMPSON CONSULTANTS, INC.",1,0,81120.0,1,Junior Mechanical Engineer,MA,
"THIRD WAVE AUTOMATION, INC.",1,1,135000.0,0,Robotics Operations Engineer II,CA,
THIRD WAVE AUTOMATION INC.,1,1,85000.0,1,Junior Mechanical Design Engineer,CA,No
SHERWOOD DESIGN ENGINEERS LTD,1,1,85000.0,1,Design Engineer I,CA,No
SHOP ARCHITECTS INC.,1,0,88899.0,0,Associate,NY,
"SHREWSBERRY & ASSOCIATES, LLC",1,0,98990.0,1,Project Engineer 2,IN,
SHRIJI POLYMERS LLC,1,0,60923.0,1,Junior Engineer,NJ,
SIBEL HEALTH INC.,1,0,100320.0,1,Firmware Engineer II,IL,
SICK INC.,1,0,110000.0,0,Systems Application Engineer II,MI,
"SILC TECHNOLOGIES, INC.",1,1,88566.0,1,Jr. Validation Engineer,CA,
SILICON LABORATORIES INC.,1,0,118000.0,1,Product Test Engineer II,TX,
SIMPSON & SIMPSON MANAGEMENT CONSULTING INC.,1,1,138320.0,0,DESIGN ASSOCIATE,CA,No
"SINNOTT, GERING, AND SCHMITT TOWERS, INC.",1,0,80000.0,0,Structural Engineer I,NE,
SITIME CORPORATION,1,1,142000.0,0,Systems Engineer II,CA,No
"SKANSKA USA CIVIL NORTHEAST, INC.",1,0,85000.0,1,Field Engineer 1,MA,
"SKANSKA USA CIVIL SOUTHEAST, INC.",1,0,91520.0,1,Field Engineer II,FL,
SMITH INDUSTRIES LLC,1,0,63294.0,1,Junior Project Engineer,TX,
SMITHS INTERCONNECT AMERICAS INC.,1,0,86466.0,0,Semi Design Engineer II,TX,
"SOFEC, INC",1,0,100231.0,1,Research Engineer II,TX,
SOLARKAL,1,0,85000.0,0,"Associate, Project Development",NY,No
"SPAGNOLO GISNESS & ASSOCIATES, INC.",1,0,69550.0,0,Designer Level 1,NY,
"SPARC PLUS, LLC",1,0,62650.0,0,Intern Architect,TX,
"SPIRE CONSULTING GROUP, LLC",1,0,81827.0,1,Engineering Associate Consultant,TX,
SPIRE ENGINEERING SERVICES LLC,1,0,121000.0,0,Project Engineer II,TX,
"SPIRE, INC.",1,0,74350.0,1,Compliance Engineer I,MO,
"SPRINTRAY, INC.",1,1,93678.0,0,MECHANICAL ENGINEER ASSOCIATE,CA,No
ST. MARY'S UNIVERSITY,1,0,95000.0,1,Assistant Professor of Mechanical Engineering,TX,
"STANLEY CONSULTANTS, INC.",1,0,63000.0,1,Specialist 1,FL,
STANTEC CONSULTING SERVICES INC,1,1,90938.0,1,Mechanical EIT,CA,
STARLINE HOLDINGS LLC,1,0,100000.0,1,Product Design Engineer 2,PA,No
SHARKNINJA OPERATING LLC,1,0,118000.0,0,Electrical Engineer II,MA,
"SGM ENGINEERING, INC.",1,0,81000.0,0,Mechanical Engineer II,FL,No
"SEAY, SEAY & LITCHFIELD, P.C.",1,0,66560.0,0,Jr. Architect,AL,
SAINT LOUIS UNIVERSITY,1,0,88000.0,1,Assistant Professor of Civil Engineering,MO,
"RONDO ENERGY, INC.",1,1,145000.0,1,Mechanical Engineer II,CA,
RONNETTE RILEY ARCHITECT,1,0,65690.0,1,Intern Architect,NY,
"RORZE AUTOMATION, INC.",1,0,102000.0,1,Mechatronics Engineer II,AZ,
ROSE-HULMAN INSTITUTE OF TECHNOLOGY,1,0,77000.0,1,Assistant Professor of Mechanical Engineering,IN,No
"ROVISYS BUILDING TECHNOLOGIES, LLC",1,0,78000.0,1,Systems Engineer 1 (Mechatronics Engineering),OH,
ROYAL APPLIANCE MFG. CO.,1,0,71750.0,1,Associate Electrical Engineer,NC,
"RS&A, INC.",1,0,82200.0,0,Field Service Engineer II,NC,
S WIEDER ARCHITECTS PC,1,0,70000.0,0,Jr Architectural Designer,NY,
S. WIEDER ARCHITECT PC,1,0,70000.0,0,Jr Architectural Designer,NY,
SAFRAN SEATS USA LLC,1,0,112023.0,0,Dynamic FEA Engineer II,TX,No
"SAFRAN TEST CELLS, INC.",1,0,88156.0,1,Electrical Engineer II,MN,
SAGINAW VALLEY STATE UNIVERSITY,1,0,102460.0,0,Associate Professor of Mechanical Engineering,MI,
"SAMAHA HOLDINGS, LLC",1,1,65000.0,1,Junior Designer,CA,
SEALED AIR CORPORATION (US),1,0,102200.0,0,Electrical Engineer II,OH,
"SAMSON CONTROLS, INC.",1,0,86000.0,1,Product Design Engineer I,TX,
"SARFATTY ASSOCIATES, LTD",1,0,62000.0,1,ARCHITECTURAL ASSOCIATE,IL,
"SARGENT & LUNDY, LLC",1,0,146619.0,0,Project Associate 2 “ Substation Engineering,MD,
SASAKI ASSOCIATES,1,0,90000.0,0,"Architect, Associate",MA,
SCALAR CONSULTING GROUP LLC,1,0,60600.0,1,"Associate Designer, Bridge",FL,
SCHAAF & WHEELER CONSULTING CIVIL ENGINEERS,1,1,89440.0,1,Assistant Engineer,CA,
SCHAUM ARCHITECTURE CORPORATION,1,0,60500.0,0,Junior Architect,TX,
SCHEIBE CONSULTING LLC,1,0,85000.0,1,Graduate Engineer II,TX,
"SCHEMATA WORKSHOP, INC.",1,0,67995.0,0,Architectural Associate,WA,
"SCIENTIFIC CERTIFICATION SYSTEMS, INC.",1,0,85280.0,0,Life Cycle Associate,AZ,No
SCS CONSULTING SERVICES INC.,1,0,69909.0,0,Life Cycle Associate,AZ,
"SDR ENGINEERING CONSULTANTS, INC.",1,0,77625.0,0,Bridge Engineer I,FL,
STARQ DESIGN INC.,1,1,71500.0,1,Junior Designer,CA,
STATE OF VERMONT,1,0,57200.0,1,Civil Engineer I “ Construction & Structures,VT,
STATE OF WASHINGTON DEPARTMENT OF ECOLOGY,1,0,82344.0,0,ENVIRONMENTAL ENGINEER 2,WA,No
THE HEIL CO.,1,0,100000.0,0,Electrical Prog. & Vehicle Control Systems Test Engineer II,AL,
TEXAS A&M ENGINEERING EXPERIMENT STATION,1,0,73000.0,1,Research Engineer II,TX,
TEXAS-NEW MEXICO POWER,1,0,71490.0,1,Engineer II,TX,
"THE ARCHITECTURAL TEAM, INC.",1,0,83500.0,0,Intern-architect,MA,
THE ASTRODYNE CORPORATION,1,0,112489.0,0,Electrical Engineer  I,NJ,
THE BRATTLE GROUP,1,0,173448.0,0,Energy Associate,MA,No
THE CITY OF DETROIT,1,0,84038.0,0,Associate Traffic Engineer,MI,No
THE CITY OF FREDERICK,1,0,78000.0,0,Traffic Engineer I/II,MD,
THE COOPER UNION FOR THE ADVANCEMENT OF SCIENCE AND ART,1,0,100000.0,1,Assistant Professor of Civil Engineering,NY,
THE CURATORS OF THE UNIVERSITY OF MISSOURI/UNIVERSITY OF MISSOURI-KANSAS CITY,1,0,97000.0,1,Assistant Professor-Mechanical Engineering,MO,
THE DOW CHEMICAL COMPANY,1,0,125008.0,0,ASSOCIATE RESEARCH SCIENTIST,TX,
THE FLORIDA STATE UNIVERSITY,1,0,75000.0,1,Assistant in Research,FL,
"THE GREEN ENGINEER, INC.",1,0,108118.0,0,Energy Modeler (Building Performance Analyst II),MA,
THE KNAPHEIDE MANUFACTURING COMPANY,1,0,90793.0,0,Design Engineer 1,IL,
TESCO CONTROLS LLC,1,1,113000.0,0,SCADA Engineer II,CA,
"THE LELAND STANFORD, JR UNIVERSITY",1,1,88610.0,1,Data Research Analyst 1,CA,
THE OHIO STATE UNIVERSITY,1,0,73000.0,1,Applied Research Engineer 2,OH,
THE PRESTIGE GROUP OF CRAFTSMEN LLC,1,0,100000.0,0,Junior Interior Architect,NY,
THE RESEARCH FOUNDATION AT SUNY BINGHAMTON,1,0,75358.0,0,Research Assistant,NY,
THE UNIVERSITY OF AKRON,1,0,81313.0,1,"Assistant Professor, Mechanical Engineering",OH,
THE UNIVERSITY OF ALABAMA AT BIRMINGHAM,1,0,80000.0,0,Scientist I,AL,
THE UNIVERSITY OF ARIZONA,1,0,92000.0,1,R&D Electrical Engineer II,AZ,
THE UNIVERSITY OF TEXAS AT SAN ANTONIO,1,0,61000.0,0,Special Research Associate,TX,
THE UNIVERSITY OF TEXAS EL PASO,1,0,103000.0,1,Assistant Professor “ Civil Engineering,TX,
THE UNIVERSITY OF TEXAS PERMIAN BASIN,1,0,83000.0,0,Assistant Professor of Civil Engineering,TX,
"THE VOLLRATH COMPANY, LLC",1,0,81689.0,0,Engineer II- Mechanical,WI,No
"THE WATTSTOPPER, INC.",1,1,90480.0,1,Electrical Engineer I,CA,
"TESSOLVE SEMICONDUCTOR, INC.",1,1,84219.0,1,Silicon Validation Engineer 1,CA,
"TEREX SOUTH DAKOTA, INC.",1,0,79414.0,1,Design Engineer II,SD,
STATE UNIVERSITY OF NEW YORK AT CANTON,1,0,95737.0,0,Associate Professor of Civil Engineering,NY,
SUNGROW USA CORPORATION,1,0,98000.0,0,Electrical Engineer I,TX,
STATE UNIVERSITY OF NEW YORK AT STONY BROOK,1,0,76600.0,0,Research Associate,NY,
STEALTH POWER,1,0,70000.0,1,Junior Engineer,TX,
STELIC LLC,1,0,105000.0,1,Project Controls Engineer II,MD,
STEVEN SCHAEFER ASSOCIATES INC,1,0,69597.0,1,Design Engineer I,OH,
"STL ARCHITECTS, INC.",1,0,59634.0,1,Junior 3D Designer,IL,
"STOCKER HOESTEREY MONTENEGRO, PLLC",1,0,49046.0,1,Architectural Intern,TX,
"STRATA, INC.",1,0,94661.0,0,Project Engineer II,ID,
"STRUCTURAL TECHNOLOGIES STRONGPOINT, LLC",1,0,90000.0,0,Engineer II,IL,
STUDIO M ARCHITECTURE & PLANNING LLC,1,0,65000.0,0,Architectural Graduate (Designer),IN,
"STUDIO PCH, INC.",1,1,70000.0,0,Architect Level I,CA,
STV INCORPORATED,1,0,84718.0,0,Engineer II (Civil),VA,
"SUMITOMO ELECTRIC WIRING SYSTEMS, INC.",1,0,72467.0,0,Release Engineer II,MI,
"SUNTECHPROS, INC.",1,0,100000.0,0,R&D Engineer II,PA,
TENNECO AUTOMOTIVE OPERATING COMPANY INC.,1,0,76000.0,1,Product Development Engineer I,PA,
SUREFIRE PILOTLESS BURNER SYSTEMS LLC,1,0,105000.0,0,Robotics Engineer 1,TX,
SYMMETRA DESIGN LLC,1,0,81000.0,1,Transportation Associate,DC,
"SYNCHROGRID, INC.",1,0,87734.0,1,Relay Setting Engineer II,TX,
"SYNERGOUS, LLC",1,0,75200.0,0,Analog Layout Engineer II,TX,No
"SYSMEX AMERICA, INC.",1,0,70138.0,1,"Engineer II, Service",FL,
"TAC MANUFACTURING, INC.",1,0,82514.0,1,Production Engineer 1,MI,
"TAI & LEE, ARCHITECTS PC",1,0,55182.0,0,Architectural Associate,PA,
TAMPA ELECTRIC COMPANY,1,0,95000.0,1,Engineer II - Solar & Energy Storage Engineer,FL,
TECH FABRIC LLC,1,0,90000.0,0,Application Engineer II,AZ,
TEIM DESIGN PLLC,1,0,77250.0,1,Civil Engineering Associate - Roadway Bridge Design,OK,
TELAMON CORPORATION,1,0,87984.0,0,Project Engineer II,NC,
"TENASKA, INC.",1,0,88192.0,1,Associate EMS Analyst,TX,
"NOVARTIS INSTITUTES FOR BIOMEDICAL RESEARCH, INC.",1,0,80850.0,1,Research Scientist II,MA,
3 ROCKS ENGINEERING LLC,1,0,47154.0,1,Engineer I,CO,
NOUS ENGINEERING INC.,1,1,126034.0,0,Associate,CA,
"COGDELL & MENDRALA ARCHITECTS, PC",1,0,65707.0,1,Intern Architect,GA,
"CONSOR NORTH AMERICA, INC.",1,0,78988.0,1,Graduate Engineer “ Bridge Inspector,CT,
CONGRUEX GROUP LLC,1,0,82000.0,1,Structural Engineer II,TX,
CONCEPT GROUP LLC,1,0,90000.0,0,THERMAL ENGINEER I,FL,
COMPRESSOR CONTROLS LLC,1,0,110000.0,0,Project Engineer II,TX,
COMMERCIAL CONTRACTING CORPORATION,1,0,65000.0,0,Project Engineer II,MI,No
COHO CLIMATE ADVISORS LLC,1,0,124500.0,1,Associate,NY,
COASTAL CAROLINA UNIVERSITY,1,0,82000.0,1,Assistant Professor of Engineering Science-Civil Engineering,SC,
CONSTRUCTION TECHNOLOGY LABORATORIES INC.,1,0,65686.0,1,Intern Architect,NY,
CLOUDORAMA SOLUTIONS,1,0,70283.0,1,Production Associate,OH,
"CLIPPARD INSTRUMENT LABORATORY, INC",1,0,82742.0,0,Project Design Engineer II,OH,
"CLINE BETTRIDGE BERNSTEIN LIGHTING DESIGN, INC.",1,0,92000.0,0,"Associate, Architectural Lighting Designer",NY,
"CLIMATEMASTER, INC.",1,0,78603.0,1,Engineer II - Sustaining,OK,
"CLIMATECRAFT, INC.",1,0,78603.0,0,Engineer II - NPD,OK,
CLIMACOOL CORPORATION,1,0,78603.0,0,Engineer II - NPD,OK,
"CONSOR PMCM, INC.",1,1,160000.0,0,Assistant Resident Engineer,CA,
"CONTINENTAL AUTOMOTIVE SYSTEMS, INC.",1,0,87589.0,1,Associate Project Engineer - KBGFJG271400-2,MI,
"CLARK, RICHARDSON & BISKUP CONSULTING ENGINEERS, INC.",1,0,100048.0,0,Mechanical Engineer II,GA,
"COSETTE PHARMACEUTICALS NC LABORATORIES, LLC",1,0,67870.0,0,Technical Services Specialist II,NC,
"CRB BUILDERS, LLC",1,0,92700.0,0,Project Engineer II,MI,
"CPPIB AMERICA, INC.",1,0,130021.0,1,"Associate, Sustainable Energies - KBGFJG162173-1",NY,
"COX AUTOMOTIVE CORPORATE SERVICES, LLC",1,0,82400.0,1,Mechanical Engineer II,NV,
COUNTY OF SANTA CLARA,1,1,133099.0,0,ASSOCIATE PLAN CHECK ENGINEER,CA,
COTTER CONSULTING,1,0,66685.0,1,Engineer 1,IL,
"COSMOS TECHNOLOGIES, INC.",1,0,63440.0,1,Environmental Engineer I,PA,
CORNWALL ALLIANCE FOR THE STEWARDSHIP OF CREATION,1,0,90000.0,1,"Research Associate, Developing Countries",TN,
CONTINUUM ARCHITECTS AND PLANNERS S.C.,1,0,62338.0,1,Associate /Junior designer,WI,No
CORNELL UNIVERSITY,1,0,88504.0,0,Research Associate,NY,
"CORKY WELLS ELECTRIC, INC.",1,0,67600.0,1,ASSISTANT STRUCTURAL ENGINEER,PA,
COREY DUNNE PC,1,0,70000.0,1,ARCHITECTURAL ASSOCIATE,IL,
CORDOBA CORP,1,1,115000.0,0,Civil Engineer II,CA,
COOPER ROBERTSON,1,0,88000.0,0,Associate,NY,
COOK MYOSITE INCORPORATED,1,0,95181.0,0,Instrument Engineer II,PA,
"CLEARVIEW LAND DESIGN, P.L.",1,0,85000.0,0,Water Resources Engineer 1,FL,
"CJMW ARCHITECTURE, P.A.",1,0,56451.0,1,ARCHITECT INTERN I,NC,
NORTHWIND TECHNICAL SERVICES LLC,1,0,90938.0,0,Standards Engineer II,KS,
"BWI NORTH AMERICA, INC.",1,0,89355.0,0,FEA Engineer II,OH,
CANY ARCHITECTURE ENGINEERING DPC,1,0,90000.0,1,Assistant Project Engineer,NY,
CANADIAN SOLAR U.S. MODULE MANUFACTURING CORPORATION,1,0,62213.0,1,"Assistant Engineer, Equipment",TX,
"CALIFORNIA STATE UNIVERSITY, FULLERTON",1,1,100728.0,1,Assistant Professor of Civil & Environmental Engineering,CA,
"CALIFORNIA STATE POLYTECHNIC UNIVERSITY, POMONA",1,1,103008.0,1,"Assistant Professor, Electromechanical Engineering Tech.",CA,
CALIFORNIA INSTITUTE OF TECHNOLOGY,1,1,85000.0,1,Research Assistant Engineer,CA,No
"CADENCE DESIGN SYSTEMS, INC.",1,0,81661.0,1,Mechanical (Field) Engineer II,GA,
"BUNGE NORTH AMERICA, INC.",1,0,79849.0,1,Engineering Operations Trainee,LA,
"CARLETON HART ARCHITECTURE, P.C.",1,0,66500.0,1,Intern Architect,OR,
BUNGE NORTH AMERICA (EAST) LLC,1,0,77000.0,1,Engineering Operations Trainee,IN,No
"BTU INTERNATIONAL, INC.",1,0,117083.0,0,Mechanical Engineer II,MA,
BROOKHAVEN NATIONAL LABORATORY,1,0,170000.0,1,Mechanical Engineer I,NY,
BROOK ARCHITECTURE INCORPORATED,1,0,72488.0,0,Architectural Associate,IL,
"BRINKMAN CONSTRUCTION, INC",1,0,85000.0,0,Field Engineer II,CO,
BRINDLEY ENGINEERING,1,0,70824.0,0,Structural Engineer II,IL,
CAPLAN AND COLAKU ARCHITECTURE DPC,1,0,75000.0,0,Junior Architect,NY,No
"CARLSON, BRIGANCE, AND DOERING, INC.",1,0,80080.0,0,Engineer in Training,TX,
"CIVIL & ENVIRONMENTAL CONSULTANTS, INC.",1,0,65000.0,1,Civil Engineer (entry level),OH,
"CH2M HILL ENGINEERS, INC.",1,0,110000.0,0,CIVIL ENGINEERING PROFESSIONAL ASSOCIATE,WA,
CITY OF NAPERVILLE,1,0,103108.0,0,Electrical Engineer II,IL,
CITY OF GREAT BEND,1,0,75358.0,0,Assistant City Engineer,KS,
CITY OF GAINESVILLE,1,0,74314.0,0,Energy Delivery Engineer I,FL,
CIP INDUSTRIAL FACTORY CORP,1,0,74027.0,1,Jr. Mechanical Engineer,NJ,
CHERICO KING ARCHITECT PC,1,0,66560.0,1,JUNIOR ARCHITECTURAL DESIGNER/DRAFTSPERSON,NY,
"CHAMPION TECHNOLOGY SERVICES, INC",1,0,119787.0,0,Automation Engineer II,LA,
CES CONSULTING LLC,1,0,90000.0,1,Engineer 1,VA,
CARROLL ENGINEERING INC.,1,1,88213.0,1,Assistant Engineer,CA,
"CENTERLINE ARCHITECTS & PLANNERS, P.C.",1,0,54950.0,0,Intern Architect,VT,
"CENTEK ENGINEERING, INC.",1,0,70720.0,0,Construction Administration Specialist I,CT,
CEDARVILLE UNIVERSITY,1,0,76915.0,0,Assistant Professor of Civil Engineering,OH,
"CCC GROUP, INC.",1,0,81500.0,0,Project Engineer I,FL,
"CBRE, INC.",1,0,75000.0,1,Jr MEP Property Condition Assessor,NY,
CARY INSTITUTE OF ECOSYSTEM STUDIES,1,0,125000.0,1,Assistant Scientist,NY,
CREDIT AGRICOLE CORPORATE AND INVESTMENT BANK,1,0,180000.0,1,"Associate, Banker, Sustainable Investment Banking Team",NY,
CROWN IRON WORKS COMPANY,1,0,87381.0,1,Field Services Engineer II,MN,
CRRC MA CORPORATION,1,0,89149.0,1,Electrical Engineer I,MA,
ELDORADO NATIONAL (CALIFORNIA) INC.,1,1,95000.0,0,Engineer II,CA,
"EMPOWER RF SYSTEMS, INC.",1,1,88566.0,1,Associate RF Engineer,CA,
ELROD ENGINEERING LLC,1,0,116200.0,0,Structural Associate,PA,No
"ELM FIELDSIGHT, LLC D.B.A. ELM MICROGRID",1,0,114093.0,0,Electrical Engineer II,TX,
"ELLIOT ENGINEERING, INC.",1,0,75000.0,1,Power Engineer II,KY,
"ELITE QUARTZ MANUFACTURING, LLC",1,0,60000.0,0,Junior Mechanical Engineer,SC,
ELEKTA INC.,1,0,73000.0,1,Associate Field Service Engineer,OH,
"EL DORADO TRUSS CO., INC.",1,1,75000.0,1,Architectural Associate - Truss and Wall Design,CA,
ENERGY INSPECTORS LLC,1,1,125000.0,0,Structural Engineer 2,CA,No
"EDM USA, INC.",1,0,66625.0,1,ASSISTANT PROJECT ENGINEER,FL,
ECOSAVE INC.,1,0,94146.0,0,Energy Solutions Engineer II,PA,No
ECKENHOFF SAUNDERS ARCHITECTS INC.,1,0,79939.0,0,Architectural Associate II,IL,
EAST TENNESSEE STATE UNIVERSITY (ETSU),1,0,90000.0,0,Assistant/Associate Professor in Mechanical Engineering,TN,
"E.E. CRUZ & COMPANY, INC.",1,0,74589.0,1,Cost Engineer I,NY,
"DYNAMIC MOTION CONTROL, INC",1,1,90334.0,1,Systems Engineer I,CA,
"ENDESCO, INC.",1,0,90938.0,0,Water Resource Engineer II,MD,
"ENERGY INSPECTORS LLC (FORMERLY DPIS ENGINEERING, LLC.)",1,0,64355.0,1,Graduate Structural Engineer,TX,
"CRW TRADING, INC.",1,0,48443.0,1,SALES ENGINEER I,GU,No
"ENTERGY TEXAS, INC.",1,0,78291.0,1,Engineer II (Utility),TX,
"EQUISALES ASSOCIATES, INC.",1,0,130000.0,0,Design Engineer II,TX,
EQUILIBRIUM CONSULTING USA INC,1,0,78000.0,0,Junior Engineer,GA,
ENVIRONMENTAL SCIENCE ASSOCIATES,1,0,80833.0,1,Engineer II,FL,
ENVIRONMENTAL PARTNERS GROUP LLC,1,0,83140.0,0,Engineer 1,MA,
ENVIROCAL INC,1,0,115000.0,0,Electrical Engineer II,TX,
"ENTRUST SOLUTIONS GROUP, LLC",1,0,75483.0,1,Design Engineer II,TX,
"ENTERGY SERVICES, LLC",1,0,83600.0,0,Engineer II (Trans),TX,
"ENERSYS DELAWARE, INC.",1,1,100568.0,1,Mechanical Engineer II,CA,
"ENTECH CIVIL ENGINEERS, INC",1,0,83200.0,1,Graduate Engineer,TX,
ENGINEERING OPERATIONS LLC,1,0,88483.0,0,Structure Engineer in Training,CO,
"ENGINEERED TOWER SOLUTIONS, PLLC",1,0,145600.0,0,Structural Engineer II,SC,No
ENGIE SERVICES U.S. INC.,1,0,78645.0,1,Project Engineer II,KS,
"ENGIE NORTH AMERICA, INC.",1,0,82390.0,1,Engineer II,CO,
"ENGENIUM GROUP, LLC",1,0,86000.0,0,Junior Mechanical Designer,MD,
"DYNAMIC MANUFACTURING, INC.",1,0,100499.0,0,Product Engineer II,IL,
"DUKE EMPIRICAL, INC.",1,1,102336.0,0,Project Engineer I,CA,
"DTE ENERGY RESOURCES, LLC",1,0,98000.0,0,Project Engineer II,MI,
"DEKKER, LTD.",1,0,69326.0,0,Design Associate,AZ,
DEPARTMENT OF WATER RESOURCES,1,1,113160.0,0,Associate Hydroelectric Power Utility Engineer,CA,
"DENHAM-BLYTHE COMPANY, INC.",1,0,53768.0,1,Architectural Associate,KY,
DENHAM CAPITAL MANAGEMENT LP,1,0,130000.0,0,Sustainable Infrastructure Associate [00091978],NJ,
"DELTA OAKS GROUP, PLLC",1,0,68000.0,1,Structural Engineer I,NC,
"DELTA DESIGN, INC.",1,1,102221.0,0,Mechanical Engineer II,CA,
DEKKER/PERICH/SABATINI,1,0,69326.0,0,Design Associate,AZ,
DEGENKOLB ENGINEERS,1,1,150000.0,0,Associate,CA,
"DSPACE, INC.",1,0,91520.0,1,Application Engineer I,MI,No
DEERE & COMPANY,1,0,89200.0,1,Factory Automation Engineer I “ Mechatronics Engineering,IA,
DARIOUSH S TORABY ARCHITECT PC,1,0,72800.0,1,Architectural Intern,NY,
DANSONS USA INC.,1,0,95000.0,0,Electrical Engineer II,AZ,
DAIFUKU AIRPORT AMERICA CORPORATION,1,0,87022.0,0,Mechanical Engineer II,MI,No
"DACK CONSULTING SOLUTIONS, INC.",1,0,95000.0,0,Junior Scheduler,NY,
CUSTOM DREDGE WORKS INC.,1,0,60000.0,1,Mechanical Engineer 1,KS,
"DESHAZO GROUP, INC.",1,0,81702.0,1,Design Engineer 1,TX,
"DESIGN MAVENS ARCHITECTURE, PLLC",1,0,62400.0,1,Entry Level Design Professional,IL,
"DESIGN READY CONTROLS, INC.",1,0,82500.0,0,Electrical Engineer II,MN,
"DESRI PROJECT MANAGEMENT SERVICES, LLC",1,0,135000.0,1,Associate,NY,
"DIDI RESEARCH AMERICA, LLC",1,1,110000.0,1,Autonomy Systems Engineer II,CA,
DISH NETWORK LLC,1,0,85134.0,1,Engineer II,TX,
DOBLE ENGINEERING COMPANY,1,0,96000.0,1,Hardware Engineer I,MA,
DOKKEN ENGINEERING,1,1,79040.0,1,Assistant Civil Engineer,CA,No
"DOMINION VOTING SYSTEMS, INC.",1,0,75629.0,1,Quality Assurance Analyst I,CO,
DOUGLAS MACHINES CORPORATION,1,0,70000.0,1,MECHANICAL ENGINEER 1,FL,
DOVER PUMPS & PROCESS SOLUTIONS SEGMENT INC.,1,0,97000.0,0,Applications Engineer II - KBGFJG176695-3,IL,
DPIS ENGINEERING LLC,1,0,64355.0,1,Graduate Structural Engineer,TX,
"DPS GROUP, INC.",1,0,100000.0,0,"Commissioning, Qualification and Validation Engineer II",MA,
"DRAEGER MEDICAL SYSTEMS, INC.",1,0,77000.0,1,Mechanical Engineer I,PA,
DRIVEN FIRE CONSULTANTS LLC,1,0,68910.0,1,Entry Level Fire Protection Engineer,SD,
DSI TELECOM INC,1,0,75000.0,0,Systems Engineer II,TX,
"DSM-H, LLC",1,0,87360.0,1,Dev/Research Engineer 2,GA,
BRIGHTWORKS SUSTAINABILITY LLC,1,0,93500.0,1,Energy Analyst 2,IL,
"BRICE ENGINEERING, LLC",1,0,85280.0,1,Environmental Engineer II,AK,No
BREAUX AND ASSOCIATES LLC,1,0,65874.0,0,JUNIOR PROJECT ARCHITECT,GA,
"ALTAIR PRODUCTDESIGN, INC.",1,0,87589.0,0,Product Engineer II,MI,Yes
"AMERICAN VETERAN ENGINEERING, PLLC",1,0,70824.0,1,Civil Engineer I Construction Inspector,IN,
"AMERICAN ENGINEERING CONSULTANTS, INC.",1,0,70824.0,1,Graduate Engineer,IL,
"AMCO STRUCTURES, INC.",1,1,90480.0,1,Associate,CA,
"AMANI ENGINEERING, INC.",1,0,64355.0,1,Graduate Engineer,TX,
AMA MANAGEMENT SERVICES LLC,1,0,119642.0,0,"Associate, Electrical Engineer",NY,
"AMA CONSULTING ENGINEERS, P.C.",1,0,116000.0,0,"Associate, Electrical (Project Engineer)",IL,
"ALTA PLANNING  & DESIGN, INC.",1,1,125798.0,0,"Associate I, Engineering",CA,
"ANDREW BERMAN ARCHITECT, PLLC",1,0,66000.0,1,Junior Architectural Designer,NY,
"ALSAL CONSTRUCTION, INC.",1,0,68550.0,0,Engineer in Training (Civil Engineer),TX,
"ALLIED WORKS ARCHITECTURE, INC.",1,0,66310.0,1,Junior Designer,OR,
ALLIED AIR ENTERPRISES,1,0,75005.0,1,Product Engineer II,SC,
"ALLIANT ENGINEERING, INC.",1,0,71760.0,1,Graduate Transportation Engineer,MN,
"ALLIANCE ARCHITECTS, INC.",1,0,68000.0,1,Architectural Intern,TX,
"ALLETE, INC.",1,0,84885.0,1,Engineer II,MN,
"AMNEAL PHARMACEUTICALS, LLC",1,0,78686.0,1,Validation Engineer II,NJ,No
"ANLARR BUILDERS, LLC",1,0,64355.0,0,GRADUATE ENGINEER,TX,
ARGON MEDICAL DEVICES,1,0,86466.0,0,Sustaining Mechanical Engineer II,TX,No
ARCADIS INC.,1,0,70824.0,0,Intern Architect,WA,
ARCWEST ARCHITECTS INC.,1,0,68557.0,0,Associate Intern,CO,
ARCHITECTUREFIRM LLC,1,0,90000.0,0,Associate - Projects,NY,
"ARCHITECTURAL PRESERVATION STUDIO, DPC",1,0,72000.0,1,Project Associate/Architectural and Preservation Designer,NY,
"ARCHITECTS DESIGN GROUP / ADG, LLC",1,0,63500.0,0,Architectural Design Professional Intern,FL,
"ARCHITECT ONE, INC.",1,0,61506.0,1,Architectural Associate,KS,
"ARCHEO DESIGN STUDIO, INC.",1,0,80000.0,0,"Designer, Architectural Associate",IL,
APTUS ENGINEERING LLC,1,0,70000.0,1,Graduate Engineer,TX,
ANS GEO,1,0,76000.0,1,Laboratory Engineer II,NJ,
"APPLIED HYDROGEOLOGIC CONSULTANTS, INC.",1,1,101000.0,0,ASSISTANT CIVIL ENGINEER,CA,
APPLE INC.,1,1,129600.0,1,Hardware Associate Engineering,CA,
APEX ENGINEERS INC.,1,0,70000.0,1,ENGINEER INTERN,FL,
"APEX COMPANIES, LLC",1,0,63674.0,0,Engineer 1,TX,
"AODK, INC.",1,0,63000.0,1,Architect Intern I,OH,
ANTERIS TECHNOLOGIES CORPORATION,1,0,100000.0,1,Engineer II,MN,
"ALLEN KILLCOYNE ARCHITECTS, LLP",1,0,65686.0,1,Junior Architect,NY,
"ALJ LINDSEY, LLC",1,0,80000.0,0,Graduate Civil Engineer II,TX,
ALIGN TECHNOLOGY INC,1,1,105000.0,1,3D Process Engineer II,CA,
"ACCENTURE INFRASTRUCTURE AND CAPITAL PROJECTS, LLC",1,1,95000.0,0,Electrical Engineer II,CA,
"ADVANCED COOLING TECHNOLOGIES, INC",1,0,80000.0,1,Engineer II,PA,
ADVANCED COOLING TECHNOLOGIES,1,0,82000.0,1,Engineer II,PA,
ADITI CONSULTING LLC,1,0,78624.0,1,Mechanical Engineer 2,IN,
ADF ENGINEERING INC.,1,0,75000.0,1,Electrical Engineer I,OH,
ADCO MANUFACTURING,1,1,78219.0,0,Mechanical Design Engineer II,CA,
"ACCUTEC, INC.",1,0,85914.0,0,Electrical Controls Engineer II,VA,
ABSOLENT INC.,1,0,70346.0,0,Jr. Application Engineer,NC,No
ALBIREO ENERGY LLC,1,0,115003.0,0,Controls Design Engineer (Associate Level),NJ,
"ABBOTT DIAGNOSTICS SCARBOROUGH, INC.",1,0,85000.0,1,Manufacturing Controls Engineer II,ME,
"AARC ENVIRONMENTAL, INC.",1,0,145000.0,0,Air Quality Graduate Engineer,TX,No
"AAON, INC.",1,0,87538.0,1,R&D SYSTEMS MECHANICAL ENGINEER I,OK,
A.W. CHESTERTON COMPANY,1,0,84867.0,0,Design Engineer II,MA,
A. O. SMITH CORPORATION,1,0,80000.0,1,Research Engineering Associate,TN,
3XN USA LLC,1,0,68016.0,1,Junior Designer,NY,
"ADVANCED INFRASTRUCTURE DESIGN, INC",1,0,90064.0,1,Engineer II (ASCE II),NJ,
ADVANTEST AMERICA INC.,1,1,91000.0,0,Application Engineer Associate,CA,
"AES CLEAN ENERGY SERVICES, LLC",1,0,101275.0,1,"Associate Engineer, Wind Project",CO,
"AES US SERVICES, LLC",1,0,76590.0,1,Associate Transmission Planning Engineer,IN,
"AFFILIATED ENGINEERS NW, INC.",1,0,110000.0,0,Engineer II,WA,
"AG&E ASSOCIATES, PLLC DBA AG&E STRUCTURAL ENGENUITY",1,0,87500.0,0,Graduate Engineer,TX,
"AGENOR & CAMPBELL STRUCTURAL ENGINEERS, LLC",1,0,85155.0,1,Structural Engineer Associate,FL,
AGUSTAWESTLAND PHILADELPHIA CORPORATION,1,0,95077.0,1,Aerodynamics Engineer II,PA,
AIGEN INC.,1,0,113422.0,1,Electrical Engineer II,WA,No
"AIM ENGINEERING & SURVEYING, INC.",1,0,72800.0,0,Engineering Intern - Drainage Design,FL,
AIRBUS AMERICAS INC,1,0,100000.0,0,Static Stress Engineer II,KS,
"AIRBUS AMERICAS, INC.",1,0,95014.0,0,Static Stress Engineer II,KS,
"AIRPORT DESIGN CONSULTANTS, INC.",1,0,82160.0,0,Design Engineer II,PA,
"AIRTECH GROUP, INC.",1,0,91620.0,0,New Product Development Engineer I,NJ,
"AJW, INC.",1,0,70836.0,1,Climate Change Policy Analyst (Energy Transition Associate),VA,
"AKKODIS, INC.",1,0,72467.0,1,HiL Test Engineer - Junior,MI,
ALABAMA STATE UNIVERSITY,1,0,82000.0,0,Assistant Professor of Mechanical Engineering,AL,
AREVON ENERGY INC.,1,0,95000.0,1,Associate Development Engineer,AZ,
ARI HOLDINGS LLC,1,0,68515.0,1,Design Engineer II,IL,
BREAUX AND ASSOCIATES ARCHITECTS LLC,1,0,65874.0,0,JUNIOR PROJECT ARCHITECT,GA,
BEUMER CORPORATION,1,0,117624.0,1,Controls Engineer II,NJ,
"BLACK RIVER DESIGN ARCHITECTS, PLC",1,0,57720.0,1,Associate,VT,
"BLA, INC.",1,0,90480.0,1,Structural Engineer II,IL,
BKL ARCHITECTURE LLC,1,0,77500.0,0,Associate (Intern Architect),IL,No
"BIO-TECH CONSULTING, LLC",1,0,67000.0,1,Environmental Scientist II,FL,
"BIO-RAD LABORATORIES, INC.",1,1,94786.0,1,Engineer II,CA,
BFW GROUP LLC,1,0,108000.0,1,Assistant Project Engineer,PA,
BETACOM INC,1,0,107869.0,1,"ENGINEER I, 5GaaS OPERATIONS",WA,
"BLACKROCK MICROSYSTEMS, LLC",1,0,85000.0,0,Quality Engineer II,UT,
BETA TECHNOLOGIES INC.,1,0,70000.0,0,Junior Test Engineer,VT,No
"BENNETT & PLESS, INC.",1,0,120000.0,0,Project Engineer II,VA,
"BENNETT & PLESS, INC",1,0,81640.0,0,Design Engineer 1,TN,
BELDEN INC.,1,0,95000.0,1,Mechanical Design Engineer II,NY,
BECKNELL SERVICES LLC,1,0,68000.0,0,Architectural Associate,IL,
"BECKMAN COULTER, INC.",1,0,95000.0,0,Mechanical Engineer II,MN,
"BLACKBURN ARCHITECTS, PC",1,0,90000.0,0,Architect Intern,DC,
"BLDG PROJECTS, INC",1,0,65000.0,0,Associate Architect,IL,
ARIZONA STATE UNIVERSITY,1,0,63565.0,0,Assistant Research Technologist FSC,AZ,
BOOTH HANSEN LTD,1,0,56930.0,1,Associate/Designer,IL,
"BRANDSAFWAY ACCESS SOLUTIONS, LLC",1,0,75000.0,0,Engineer I,NJ,
BOWMAN CONSULTING GROUP,1,0,87200.0,0,Engineer II,AZ,
"BOWERBIRD ARCHITECT, PLLC",1,0,72000.0,0,Architectural Intern,NY,
BOT AUTO TX INC,1,1,180000.0,1,RESEARCH ENGINEER II - TRANSPORATION SIMULATION,CA,
BOSTON SCIENTIFIC CORPORATION,1,0,113214.0,0,"Engineer II, Electrical",MA,No
BOSE CORPORATION,1,0,114000.0,1,Controls Systems Engineer II,MA,
"BOOTH AND ASSOCIATES, LLC",1,0,98904.0,0,Project Engineer II,NC,No
"BLISS & NYITRAY, INC.",1,0,81000.0,1,Project Engineer I,FL,
"BOLTON & MENK, INC.",1,0,60660.0,1,Graduate Engineer,MN,
BOISE STATE UNIVERSITY,1,0,96970.0,0,Assistant Professor of Mechanical Engineering,ID,
"BOHANNAN HUSTON, INC",1,0,75046.0,0,Engineer 2,NM,
BOCCARD LIFE SCIENCES INC.,1,0,85000.0,1,Project Engineer I,UT,
"BLUEWAVE PROJECT DEVELOPMENT, LLC",1,0,78750.0,1,Design Engineer I,MA,
BLOOMBERG L.P.,1,0,92186.0,1,Energy Solar Research Associate,NY,
BEA ARCHITECTS INC.,1,0,52000.0,1,Junior Architect,FL,
BB & M ARCHITECTURE PLLC,1,0,78000.0,0,Architect Intern,NC,
BAYER HEALTHCARE LLC,1,1,124842.0,1,Associate Electrical Engineer,CA,
"AURORA OPERATIONS, INC.",1,1,161000.0,0,Systems Engineer II,CA,
"AVEVA DRUG DELIVERY SYSTEMS, INC.",1,0,90000.0,1,System Validation Engineer II,FL,
AUTOSYSTEMS AMERICA INC.,1,0,88400.0,1,Jr. Product Engineer,MI,No
AUTOMOTIVE ROBOTICS INCORPORATED,1,0,73382.0,0,Design Engineer II,IL,
AUTOMATION NTH,1,1,115000.0,0,Controls Engineer II,CA,
"AUTOMANN, INC.",1,0,98325.0,0,MECHANICAL ENGINEER II,NJ,
"AUSTIN COMMERCIAL, L.P.",1,0,84011.0,1,Project Engineer II,TX,
"AUDUBON ENGINEERING OPERATIONS, LLC",1,0,83200.0,0,Civil Structural Engineering Associate II,TX,
BAUSCH & LOMB AMERICAS INC.,1,0,89981.0,1,Electrical Engineer II,MO,
"ATMOSPHERE DESIGN GROUP, LLC",1,0,80000.0,0,Junior Architect,NY,
ATLAS TECHNICAL CONSULTANTS LLC,1,0,70855.0,1,Engineer 1,IL,
ATKINSRÉALIS USA INC.,1,0,96750.0,0,Engineer II,NV,
ASTRODYNE CORPORATION,1,0,80000.0,1,Junior Test Automation Engineer,NJ,
"ASAHI KASEI BIOPROCESS AMERICA, INC.",1,0,70200.0,1,Associate Project Engineer,IL,
ARTHUR CHABON ARCHITECT PC,1,0,65686.0,1,Architectural Designer Level 1,NY,No
"AVID ENGINEERS, LLC",1,0,103000.0,0,Jr. Mechanical Engineer,MA,
"AVID SOLUTIONS, INC.",1,0,76287.0,1,Controls Engineer I,NC,
AVIDYNE CORPORATION,1,0,88982.0,0,Electrical Engineer II,FL,
"AXIS ARCHITECTURE AND INTERIORS, LLC",1,0,58594.0,1,Architectural Associate,IN,
"AXON ENTERPRISE, INC.",1,0,115072.0,0,Hardware Reliability Engineer II,AZ,
"AXONICS, INC.",1,1,93000.0,1,Electrical Engineer II,CA,
"AZAR DESIGN CO, ARCHITECTURE, LANDSCAPE ARCHITECTURE, ENGINEERING & SURVEYING, PC",1,0,59072.0,2,Architectural Design Professional (Level 1),NY,
"AZTEC ENGINEERING GROUP, INC.",1,0,76960.0,1,Drainage Designer/EIT,AZ,
BAILEY EDWARD DESIGN INC,1,0,63000.0,1,Architectural Intern ,IL,
"BAKER CONCRETE CONSTRUCTION, INC.",1,0,66257.0,1,Formwork Engineer I,TX,
"BALTIMORE GAS & ELECTRIC CO, AN EXELON COMPANY",1,0,71200.0,1,Associate Engineer,MD,
BANNER ENGINEERING,1,0,88440.0,1,Mechanical Engineer I,MN,
"BARGE DESIGN SOLUTIONS, INC.",1,0,110000.0,0,Project Engineer I,FL,
BARTHOLOMEW COUNTY RURAL ELECTRIC MEMBERSHIP CORPORATION,1,0,73050.0,1,Engineer I,IN,
"BARTON & LOGUIDICE, D.P.C.",1,0,87360.0,0,Engineer II,CT,
BASIC SOLUTIONS CORP.,1,1,141440.0,1,Opto-Mechanical Engineer II,CA,
BAUER COMPRESSORS INC.,1,0,82347.0,0,Electrical Engineer I,VA,
"ERICKSEN, ROED AND ASSOCIATES, INC.",1,0,74000.0,0,Structural Engineer in Training,MN,
ERVIN CABLE CONSTRUCTION LLC,1,0,74194.0,0,Associate RF Design Engineer,MO,
"ESYS AUTOMATION, LLC",1,0,67246.0,1,Controls Engineer I,MI,
LMN ARCHITECTS LLP,1,0,73840.0,1,Intern Architect,WA,
"M&J ENGINEERING, D.P.C.",1,0,85696.0,1,Assistant Office Engineer,NY,
"LUZCO TECHNOLOGIES, LLC",1,0,75000.0,1,Engineer II - Substation Engineering,MO,
"LUCID GROUP USA, INC.",1,1,123000.0,0,"Mechanical Design Engineer II, Service Tooling",CA,No
LS GALLEGOS & ASSOCIATES INC.,1,0,97000.0,1,Junior Civil Engineer,CO,
"LORD AECK SARGENT PLANNING & DESIGN, INC.",1,0,65000.0,1,Architectural Intern,GA,
LOMA LINDA UNIVERSITY,1,1,64833.0,1,"Research Associate, Environmental Nutrition",CA,No
"LINCUS, INC.",1,1,97198.0,0,Energy Engineer II,CA,
M3 ENGINEERING & TECHNOLOGY,1,0,105040.0,0,Mechanical Engineer II,AZ,
"LIMBACH COMPANY, LLC",1,0,94000.0,0,Engineer 1,OH,No
"LIM CHANG & ASSOCIATES, INC.",1,1,64459.0,0,Junior Architect,CA,
"LIGHTING WORKSHOP, INC.",1,0,69000.0,1,Recent College Graduate (non-licensed),NY,
LIBERTY UTILITIES SERVICE CORP.,1,0,92016.0,0,Engineer II,MO,
"LG2WB ENGINEERS, INC.",1,1,85426.0,1,Transportation Engineer I,CA,
"LG ENERGY SOLUTION MICHIGAN, INC.",1,0,77189.0,0,"Engineer II, Defect Engineering",MI,No
M.W. WATERMARK LLC,1,0,81557.0,1,Electrical Engineer I,MI,
"MACCONNELL & ASSOCIATES, PC",1,0,67891.0,1,Junior Engineer,NC,
"METHOD STUDIO, INC.",1,0,94000.0,0,Architectural Associate,UT,
MARTIN TECHNICAL INC,1,0,112000.0,1,Junior Electrical Engineer”Power Systems,OK,
"MERIT SI TECHNOLOGIES, LLC D.B.A. MERIT CONTROLS",1,0,91000.0,1,Systems Engineer I,IL,
"MERCEDES BENZ VANS, LLC",1,0,116338.0,1,Productivity Development Specialist 2,SC,
MDC ARCHITECTS P.C.,1,0,59634.0,1,Architectural Intern ,IL,
MAX PARANGI ARCHITECTS P.C.,1,0,89440.0,0,ARCHITECTURAL DESIGNER/JUNIOR ARCHITECT,NY,
"MATERIALS MANAGERS AND ENGINEERS, INC.",1,0,85176.0,1,Assistant Project Engineer,GA,No
MASSACHUSETTS INSTITUTE OF TECHNOLOGY,1,0,89115.0,0,Research Associate,MA,
"MARTARANO ENGINEERING, INC.",1,0,68370.0,1,ELECTRICAL ENGINEER I,PA,
"MAGIC LEAP, INC.",1,0,96900.0,1,Associate Mechanical Engineer,FL,
MARKEM-IMAJE CORPORATION,1,0,92000.0,1,Mechanical Engineer II - KBGFJG343256-1,NH,
MARATHON PETROLEUM COMPANY LP,1,0,95000.0,0,G&P Engineer I,TX,
"MANTIS INNOVATION, LLC",1,0,103000.0,1,Engineering Associate,CO,
MANHATTAN UNIVERSITY,1,0,92500.0,1,Visiting Assistant Professor of Mechanical Engineering,NY,
"MANGAN, INC.",1,1,88566.0,1,Engineer I,CA,
"MAGNIT, LLC",1,0,97760.0,0,Assistant Delivery Specialist,NJ,No
"LEUPOLD & STEVENS, INC.",1,0,110155.0,1,Optical Engineer 1,OR,
LENHARDT RODGER ARCHITECTS PC,1,0,65000.0,1,ARCHITECTURAL ASSOCIATE,PA,
"360 ENGINEERING GROUP, PLLC",1,0,65520.0,1,Structural Engineer In Training,TX,
"KEITH AND ASSOCIATES, INC.",1,0,75088.0,0,Engineering Analyst II,FL,
KINETIC PRESSURE CONTROL LIMITED,1,0,80814.0,1,Mechanical Engineer I,TX,
"KINETIC AUTOMATION, INC.",1,1,149282.0,0,Computer Vision Engineer II,CA,
KIEWIT POWER CONSTRUCTORS CO.,1,0,99164.0,1,Field Engineer 2,NY,
KIEWIT INFRASTRUCTURE CO.,1,0,107640.0,0,Engineer 2,NE,
"KENALL, INC.",1,0,78000.0,1,JUNIOR ARCHITECT,TX,
KELLOGG ARCHITECTS INC.,1,1,85696.0,1,Junior Architect,CA,
"KE ARCH, INC D/B/A ARCX STUDIO",1,0,62504.0,1,Associate Designer,OH,
LELAND STANFORD JR. UNIV/SLAC NATIONAL ACCELERATOR LAB,1,1,85925.0,1,Research Associate,CA,
"KDM ENGINEERING, LLC",1,0,73237.0,1,Electrical Engineer I,IL,
KCS CORPORATION,1,0,86736.0,1,Structural Engineer II,IL,
"KATO DESIGN, INC.",1,0,78333.0,0,Intern Architect,MA,
K. MAX ENGINEERING INC,1,0,75000.0,0,Engineer Intern (Civil Engineering),CO,
"K&A ENGINEERING CONSULTING, P.C.",1,0,5460000.0,0,Engineer II,IL,
JPS CONSULTING ENGINEERS LLC,1,0,77000.0,1,Graduate Structural Engineer,IN,
KNORR BRAKE COMPANY LLC,1,0,98000.0,1,"Engineer 2, Mechanical",MD,
"KORRUS, INC.",1,0,83470.0,1,Junior Electrical Engineer,NC,
"KPIT TECHNOLOGIES, INC.",1,0,120000.0,0,Associate Technical Architect,IN,
"KRONBERG URBANISTS ARCHITECTS, LLC",1,0,70000.0,1,Associate,GA,
"KTGY GROUP, INC.",1,1,85696.0,0,Project Associate,CA,
"KUTH RANIERI ARCHITECTS, LLP",1,1,91000.0,0,Architect Level 2 ,CA,
"L.A. FUESS PARTNERS, INC.",1,0,90000.0,0,Graduate Engineer,TX,No
LA SIERRA UNIVERSITY,1,1,81460.0,1,"Assistant Professor, Sustainability Studies",CA,
"LAIRD THERMAL SYSTEMS, INC.",1,0,87150.0,0,Mechanical Engineer II,NC,
"LARSON SHORES ARCHITECTS, INC.",1,1,85696.0,0,Architectural Associate,CA,
"LATHAN ASSOCIATES-ARCHITECTS, P.C.",1,0,60008.0,0,Intern Architect,AL,
"LB INDUSTRIAL SYSTEMS, L.L.C.",1,0,70000.0,1,Engineering Associate,TX,
"LEA & BRAZE ENGINEERING, INC.",1,1,114400.0,0,Design Engineer II,CA,No
"LECTROSONICS, INC.",1,0,93850.0,0,Associate RF Design Engineer,NM,
"LEE COUNTY ELECTRIC COOPERATIVE, INC",1,0,108805.0,0,"Engineer II, Substation Design",FL,No
LEHMAN SMITH & MCLEISH PLLC,1,0,133000.0,0,Associate Architect,DC,No
"LEIDOS ENGINEERING, LLC",1,0,75000.0,1,Associate Substation Engineer,GA,
"MESO SCALE DIAGNOSTICS, LLC",1,0,105000.0,1,"Engineer II, Mechanical",MD,
"METHODE ELECTRONICS, INC.",1,0,115000.0,0,Mechanical Engineer 2,MI,
JOHNSON CONTROLS FIRE PROTECTION LP,1,0,90626.0,1,ELECTRICAL ENGINEER II,MA,
"NATIONAL GRID USA SERVICE COMPANY, INC.",1,0,100000.0,1,"ASSOCIATE ENGINEER, TRANSMISSION PLANNING",MA,
"NEMAK USA, INC.",1,0,108122.0,0,Quality Engineer II,WI,
NELSON\NYGAARD CONSULTING ASSOCIATES,1,0,66310.0,1,Architectural Planning Associate,OR,
"NCP SOLUTIONS, LLC",1,0,83580.0,0,IT Analyst II,AL,
"NAUTILUS BIOTECHNOLOGY, INC.",1,1,105685.0,0,Development Engineer II,CA,
"NATURAL RESOURCES CONSULTING ENGINEERS, INC.",1,0,86736.0,1,Associate Engineer,IL,
NATIONAL INSTITUTE OF AEROSPACE ASSOCIATES,1,0,107494.0,0,RESEARCH ENGINEER II,NY,
"NATIONAL GRID RENEWABLES DEVELOPMENT, LLC",1,0,95790.0,1,PROJECT ENGINEER I,MN,
"NEW HUDSON FACADES, LLC",1,0,76000.0,1,Mechanical Engineer I,PA,
"NADIA PALACIOS RESIDENTIAL DESIGN, LLC",1,0,58261.0,1,Architecture Associate,TX,
"NADAAA, INC.",1,0,72987.0,0,Entry Level Architectural Designer,MA,
"MZA, P.S.",1,0,66851.0,0,Architectural Design Associate,WA,
"MV ENGINEERING, INC",1,0,64355.0,1,Engineer in Training,TX,
"MUSE KIRWAN ARCHITECTS, PC",1,0,72363.0,1,Architectural Intern,MD,
MURRAY PLUMBING & HEATING CORP.,1,1,97700.0,0,Engineer in Training,CA,
NEVADA GOLD MINES LLC,1,0,84000.0,1,Reliability Engineer I,NV,
"NEW LEAF ENERGY, INC.",1,0,113214.0,0,Utility Electrical Engineer II,MA,
"METRO ENGINEERING SOLUTIONS, LLC",1,0,88712.0,1,Associate Electrical Engineer,MI,
NIMMO INC.,1,0,71000.0,1,Architectural Associate,TX,
"NORTHSTAR MEDICAL RADIOISOTOPES, LLC",1,0,101777.0,0,"Mechanical Engineer II, Thermal Systems",WI,No
"NORTHERN STATES POWER COMPANY, MINNESOTA",1,0,121610.0,1,Engineer II,MN,
NORTHEASTERN UNIVERSITY,1,0,89835.0,1,Associate Research Scientist,MA,
NORTH PARK UNIVERSITY,1,0,80650.0,0,Assistant Professor – Mechanical Engineering,IL,
NORTH DAKOTA STATE UNIVERSITY,1,0,59600.0,1,RESEARCH ASSISTANT PROFESSOR,ND,
"NORRISLEAL, PLLC",1,0,64300.0,1,Water/ Wastewater Engineer II,TX,
NIDEC MOTOR CORPORATION,1,0,80184.0,1,Application Engineer I,MO,
NEW MEXICO INSTITUTE OF MINING AND TECHNOLOGY,1,0,74960.0,1,Research Assistant Professor,NM,
"NICHOLS CONSULTING ENGINEERS, CHTD",1,1,92000.0,0,Project Engineer I,CA,No
"NIAGARA BOTTLING, LLC",1,0,93600.0,1,Sustainability Engineer I,CO,
NGI INC.,1,0,98599.0,0,Project Engineer I,TX,
NEXTGEN GLOBAL RESOURCES LLC,1,1,105000.0,1,RF Engineer II,CA,
NEW YORK INSTITUTE OF TECHNOLOGY,1,0,105000.0,1,Assistant Professor of Mechanical Engineering,NY,
NEW MEXICO STATE UNIVERSITY,1,0,78717.0,1,"Research Scientist, Associate",NM,
MURANO CORPORATION,1,0,83470.0,1,Junior Hardware Designer,NC,
"MULLER & MULLER, LTD.",1,0,78000.0,0,Architectural Intern ,IL,
MUELLER CO. LLC,1,0,83000.0,1,Design Engineer II - Line Stopping,IL,
"MIDCONTINENT INDEPENDENT SYSTEM OPERATOR, INC.",1,0,110000.0,0,System Operations Engineer II,MN,No
"MINNESOTA STATE UNIVERSITY, MANKATO",1,0,81185.0,0,"Assistant Professor, Mechanical Engineering",MN,
MINNESOTA STATE COLLEGES AND UNIVERSITIES,1,0,81185.0,1,Assistant Professor of Mechanical Engineering,MN,
MILTON ROY LLC,1,0,75525.0,1,ENGINEER I,PA,
"MILLENNIA PROFESSIONAL SERVICES OF ILLINOIS, LTD.",1,0,67808.0,1,Geotechnical Engineer I,IL,
"MIKA DESIGN GROUP, INC.",1,1,74880.0,0,Associate,CA,
MIDWESTERN STATE UNIVERSITY,1,0,89737.0,0,"Associate Professor, Mechanical Engineering",TX,
"MICHELS CONSTRUCTION, INC.",1,0,102669.0,0,Design Engineer II,WI,
MT MAKALU CONSTRUCTION LLC,1,0,65998.0,1,ENTRY LEVEL CIVIL ENGINEER,WI,
"MGLM ARCHITECTS, LTD.",1,0,62500.0,1,Architectural Assistant,IL,
"MGA PARTNERS, LLC",1,0,79227.0,0,Intern Architect,PA,No
MG ARCHITECTURE URBANISM LLC,1,0,65686.0,1,Associate,NJ,
MEYERS PLUS ENGINEERS,1,1,236572960.0,0,Mechanical Engineer/Associate,CA,
"METTLER-TOLEDO, LLC",1,0,93447.0,0,Mechanical Engineer II,FL,
"METROPOLIS EMPLOYEE SERVICES, LLC",1,0,138840.0,1,Systems Engineer II,WA,
MISSION MERIDIAN LLC,1,1,130000.0,0,Design Associate,CA,No
"MISTRAS GROUP, INC.",1,0,175000.0,0,Mechanical Integrity Engineer II,TX,No
"MLA LABS, INC",1,0,66560.0,1,Geotechnical Engineer In Training (E.I.T.),TX,
"MNS ENGINEERS, INC.",1,1,90000.0,1,ASSOCIATE TRAFFIC ENGINEER,CA,
"MODERNATX, INC.",1,0,104437.0,1,"Automation Engineer II, Research Automation",MA,
MODINE MANUFACTURING COMPANY,1,0,95000.0,0,Design Engineer II,WI,No
"MODULE DESIGN, INC.",1,0,56493.0,0,Associate Architect,PA,
MOLSON COORS BEVERAGE COMPANY USA LLC,1,0,105851.0,1,Process R&D Packaging Engineer II,WI,
"MONTANA TECHNOLOGICAL UNIVERSITY, WHICH IS PART OF THE UNIVERSITY OF MONTANA",1,0,45000.0,0,"Assistant Professor, Civil Engineering",MT,
"MORRIS & RITCHIE ASSOCIATES, INC",1,0,96400.0,0,Project Engineer II,MD,
MORRIS ADJMI ARCHITECTS D.P.C.,1,0,73100.0,1,Recent College Graduate (non-licensed),NY,
MORROW SODALI LLC,1,1,79000.0,1,"Associate, Sustainability & Climate",CA,
MOSAIC FERTILIZER LLC,1,0,90000.0,1,Mechanical Reliability Engineer 2,FL,
MOTIONAL AD INC.,1,0,104816.0,0,Engineer (Systems Engineer II),PA,
MOTIV POWER SYSTEMS INC.,1,0,72467.0,1,Wire Harness Engineer II,MI,
"MOTOROLA SOLUTIONS, INC.",1,0,86798.0,1,Engineer II Systems Design & Implementation,FL,
"MP MACHINERY AND TESTING, LLC",1,0,75816.0,1,Mechanical Engineer II,PA,
"JONES & HENRY ENGINEERS, LTD.",1,0,62296.0,0,Engineer I,OH,
JOHNS HOPKINS UNIVERSITY,1,0,135000.0,1,Assistant Research Scientist,MD,
EVERSOURCE ENERGY SERVICE COMPANY,1,0,92000.0,1,Associate Engineer,CT,
"GLOBAL STEERING SYSTEMS, LLC",1,0,65208.0,1,Associate Product Engineer,CT,
GRADIENT TECHNOLOGIES LLC,1,0,76000.0,1,Electrical Engineer I,GA,
GRACO INC.,1,0,100000.0,1,Product Safety and Compliance Engineer II,MN,
"GOODWYN MILLS CAWOOD, LLC",1,0,60000.0,1,Design Associate I,AL,
GONZAGA UNIVERSITY,1,0,84292.0,1,"Assistant Professor, Civil Engineering",WA,
GLOBAL TRANSPORTATION ENGINEERING INC.,1,0,74530.0,1,Transportation Engineering Associate,OR,
GLOBAL TRANSPORTATION ENGINEERING,1,0,73486.0,0,Transportation Engineering Associate,OR,
"GLASS MANAGEMENT SERVICES, INC.",1,0,129000.0,0,Project Engineer II,IL,
"GREEN INTERNATIONAL AFFILIATES, INC.",1,0,72800.0,1,Engineer I ,MA,
"GIS ENGINEERING, LLC",1,0,73507.0,1,ENGINEERING INTERN,LA,
"GHATAODE BANNON ARCHITECTS, LLP",1,1,64459.0,1,Junior Architectural Designer,CA,
"GGE CONSULTING ENGINEERS, INC.",1,0,57512.0,1,Structural EIT Engineer,TX,
"GFT INFRASTRUCTURE, INC.",1,0,96304.0,1,Structural Engineer 1,KS,
"GEWALT HAMILTON ASSOCIATES, INC.",1,0,74880.0,1,Engineer I,IL,
"GERALD MCDONNELL & ASSOCIATES, P.C.",1,0,77834.0,0,Architect (Intern),OR,
GRAND CONSTRUCTION & DEVELOPMENT GROUP CORP.,1,0,68000.0,1,Intern Architect,NY,
GREEN PROJECT TECHNOLOGIES INC,1,0,95000.0,1,Carbon Accounting Associate,NY,
"HARPER GENERAL CONTRACTORS, INC.",1,0,3555240.0,1,Jr Virtual Design & Construction Coordinator,SC,
GUNKEL ARCHITECTURE INC.,1,1,77529.0,1,Junior Designer,CA,
HANDEL ARCHITECTS LLP,1,0,78000.0,0,Architectural Designer  (Level II),NY,No
"HAGOOD ENGINEERING ASSOCIATES, INC.",1,0,64979.0,0,Graduate Engineer,TX,
HAEMONETICS CORPORATION,1,0,90000.0,1,Mechanical Design Engineer II,MA,
HABERER CARPENTRY INC,1,0,72030.0,1,Civil Engineer 1,CO,
HAAS AUTOMATION,1,1,91520.0,1,Machine Test Engineer 2,CA,
"GYRUS ACMI, INC.",1,0,100000.0,0,Quality Engineer II,MN,No
GULF STATES ENGINEERING INC.,1,0,70741.0,0,Electrical Engineer I,AL,
GREENHECK FAN CORPORATION,1,0,113240.0,0,Product Development Engineer II,WI,
"GROUP PMX, LLC",1,0,125000.0,0,Associate Project Engineer,NY,
"GRIFFIN GLASS & METAL WERKS, INC.",1,0,74256.0,0,Associate Design Engineer,IL,
"GRENIER ENGINEERING, INC.",1,0,93600.0,0,Design Engineer II,AZ,
GREIF PACKAGING LLC,1,0,124667.0,0,Project Engineer II,IL,No
"GREENLIGHT TRAFFIC ENGINEERING, LLC",1,0,83886.0,0,Engineer Intern II,AZ,
"GREENLIGHT LOT, INC.",1,0,64200.0,0,Project Engineer I,OH,
"GEOTEST ENGINEERING, INC.",1,0,64355.0,1,Graduate Engineer,TX,
GEORGIA SOUTHERN UNIVERSITY,1,0,108133.0,0,Associate Professor of Mechanical Engineering,GA,
GEORGIA ENVIRONMENTAL PROTECTION DIVISION,1,0,3192800.0,1,Environmental Engineer 2,GA,
FINNA GROUP INC,1,0,115000.0,0,Junior Embedded Engineer,CO,
FORE PROPERTY COMPANY,1,0,115837.0,0,Project Engineer II,FL,
"FMH CONVEYORS, LLC",1,0,93122.0,0,Controls Engineer II,IL,
"FLUOR CONSTRUCTORS INTERNATIONAL, INC.",1,0,92552.0,0,Construction Engineer II,TX,
"FLEIS & VANDENBRINK ENGINEERING, INC.",1,0,77000.0,1,Traffic Engineer II,MI,
FLEIS & VANDENBRINK,1,0,77000.0,1,Traffic Engineer II,MI,
"FLAGSTONE 26, LLC",1,1,72000.0,0,Associate Architect,CA,
FERROVIAL CONSTRUCTION US CORP.,1,0,80000.0,1,Structures Engineer in Training (EIT),GA,
"GEOQUEST, INC.",1,0,60000.0,1,Associate,CT,
"FERROVIAL CONSTRUCTION EAST, LLC",1,0,80000.0,1,Structures Engineer in Training (EIT),GA,
FALAK CONSTRUCTION INC.,1,0,74672.0,1,Project Engineer II,NJ,
"FABCON PRECAST, LLC",1,0,93830.0,0,Design Engineer II,MI,
"F.H. PASCHEN, S.N. NIELSEN & ASSOCIATES LLC",1,0,80000.0,1,Project Engineer II,FL,
EXMAR OFFSHORE COMPANY,1,0,80683.0,1,Mechanical Specialist II,TX,
"EXERGY, LLC",1,0,113855.0,0,Junior Project Engineer,NY,
"FORELL ELSESSER ENGINEERS, INC.",1,1,90000.0,0,Engineer I,CA,No
"FORENSIX CONSULTING, LLC",1,0,80000.0,1,Associate,TX,
"FOREST RIVER BUS, LLC",1,0,102000.0,0,Electrical Engineer II,KS,
"FORMULATED SOLUTIONS CLEVELAND, LLC",1,0,115594.0,1,Project Engineer 1,TN,
FRAMATOME INC.,1,0,92144.0,1,Thermal-Mechanical Engineer - Engineer II,VA,
FREEPORT-MCMORAN MIAMI INC.,1,0,86000.0,1,Mechanical Engineer I,AZ,
FREEPORT-MCMORAN SIERRITA INC.,1,0,86000.0,1,Electrical Engineer I,AZ,
"FREYER COLLABORATIVE ARCHITECTS, PLLC",1,0,65686.0,1,Intern Architect,NY,
FULL SPECTRUM LASER LLC,1,0,62400.0,1,Mechanical Engineering Level 1,NV,
FUTURE CONSTRUCTION CORP,1,0,75000.0,1,Civil Engineer I,NY,
GACE CONSULTING ENGINEERS DPC,1,0,66000.0,1,JUNIOR ARCHITECT,NY,
GAF ENERGY LLC,1,1,124845.0,1,"Engineer II, Metrology",CA,
"GARG CONSULTING SERVICES, INC.",1,0,75000.0,1,Jr. Construction Inspector,NY,
GATIK AI INC.,1,1,150000.0,2,"Robotics Engineer II, Integration and Testing",CA,
"GENE KAUFMAN ARCHITECT, PC",1,0,68000.0,0,Architectural Intern,NY,No
GENTEX CORPORATION,1,0,70000.0,1,Electrical Engineer I,MI,
GENZYME CORPORATION,1,0,74250.0,1,Engineer II,NJ,
HARDIN - SIMMONS UNIVERSITY,1,0,65350.0,1,Assistant Professor of Mechanical Engineering,TX,
"HDR MICHIGAN, INC.",1,0,78291.0,1,Bridge Engineer in Training (EIT),MI,
"JOHN ZINK COMPANY, LLC",1,0,85987.0,0,Project Engineer II-KBGFJG110343-4,OK,
INTERNATIONAL ENVIRONMENTAL CORPORATION,1,0,78603.0,1,Engineer II - NPD,OK,
"IRWIN CONSTRUCTION COMPANY, LLC",1,0,70000.0,1,Project Engineer/Jr. Estimator,AZ,
IROBOT CORPORATION,1,0,78400.0,1,Associate Electrical Engineer,MA,
IOWA STATE UNIVERSITY OF SCIENCE AND TECHNOLOGY,1,0,59301.0,0,Research Scientist II,IA,
"INVETECH, INC.",1,0,73216.0,0,Quality Engineer II,MA,No
"INTUITIVE SURGICAL OPERATIONS, INC.",1,1,125500.0,0,Process Engineering & Design Associate,CA,
"INTERSECT ENT, INC.",1,1,104062.0,0,"Quality Engineer II, Production Support",CA,No
"INTELLECTT, INC.",1,0,91520.0,0,QUALITY ENGINEER II,UT,Yes
ITW FOOD EQUIPMENT GROUP LLC,1,0,90000.0,0,Mechanical Engineer 2,TX,
INTELLECTT INC,1,0,88566.0,0,Site Quality Specialist I,NC,Yes
INTEGRITY WINDOWS LLC,1,0,71000.0,1,Process Engineer I,VA,
"INTEGRAL RESEARCH SOLUTIONS GROUP, INC.",1,1,106163.0,0,Associate Protective Design Engineer,CA,
"INSTITUTIONAL CAPITAL NETWORK, INC.",1,0,100000.0,0,"Associate, RPA Developer",CT,No
INOGEN,1,0,110000.0,0,System Verification Engineer II,TX,
"INNOVA CONSULTING, INC.",1,0,72800.0,1,Civil Engineer 1,IL,
"ISANI CONSULTANTS, LP",1,0,97000.0,0,Graduate Engineer,TX,
IZIEL HEALTHCARE INC,1,0,85500.0,0,Engineer II,IN,
HEARTH & HOME TECHNOLOGIES,1,0,90334.0,0,Manufacturing Engineer 1,MN,No
JAMES W. FOWLER COMPANY,1,0,106642.0,0,Project Engineer II,WA,
"JOHN G. CATALDO A.I.A., C.S.I. ARCHITECT, INC.",1,1,64480.0,1,Jr. Architect,CA,
"JOHN DAVENPORT ENGINEERING, INC",1,0,86093.0,1,Traffic Project Engineer II,VA,
JL MAG RARE-EARTH USA INC,1,1,70000.0,1,JUNIOR MECHANICAL ENGINEER,CA,
"JKS ARCHITECTURE, INC.",1,0,88611.0,1,Architectural Graduate (Level I),KY,
JEFFREY EATON ARCHITECT INC.,1,1,76460.0,1,Intern Architect,CA,
"JAROFF CUSTOM ENTRYWAYS, INC.",1,0,76966.0,1,Junior Architect,NY,
"JAMES W. BUCKLEY & ASSOCIATES, INC.",1,0,66000.0,1,Design Associate,GA,
J. W. SPEAKER CORPORATION,1,0,100000.0,1,Design Engineer II,WI,
JACOBS TECHNOLOGY INC.,1,0,87589.0,0,Engineer II,MI,
JACOBS PROJECT MANAGEMENT COMPANY,1,0,70000.0,1,Junior Engineer - Construction,NY,
J5 INFRASTRUCTURE PARTNERS LLC,1,0,122300.0,0,AE Structural Engineer 2,MD,
J.S. HELD LLC,1,0,77106.0,0,Environmental Scientist II,NJ,
"J.M. ROBERTSON, INC.",1,0,65000.0,1,Associate Architect,GU,
"J.D. HAIR & ASSOCIATES, INC.",1,0,70000.0,1,Associate Engineer,OK,
INLINE PLASTICS CORP.,1,0,74797.0,1,RDE Jr. Tooling Engineer,CT,
INHABIT DESIGN PLLC,1,0,75000.0,1,Architectural Associate,WA,
"INFRATERRA, INC.",1,1,106163.0,0,Civil Engineer II,CA,
HITACHI ENERGY USA INC.,1,1,148900.0,0,Project Engineer 2,CA,
HMH ENGINEERS,1,1,88213.0,0,Assistant Engineer,CA,No
HMC ARCHITECTS,1,1,111114.0,0,Healthcare Planner Associate,CA,
"HLZAE, INC.",1,0,90000.0,0,"Project Associate, Architecture",NY,No
HLI SOLUTIONS INC.,1,0,103085.0,0,Technology Specialist I,SC,
HKA GLOBAL INC.,1,0,77500.0,1,Associate Consultant,MN,
"HITACHI RAIL STS USA, INC.",1,1,115000.0,0,Associate Signaling Commissioning Engineer,CA,No
HIRSCH CONSTRUCTION CORP.,1,0,81113.0,0,Junior Construction Engineer,MA,
INFINERA CORPORATION,1,1,126672.0,1,Hardware Development Engineer 2,CA,
"HIGHLY MARELLI USA, INC.",1,0,87589.0,0,Project Engineer II,MI,
HGC CONSTRUCTION CO.,1,0,66000.0,1,Project Engineer I,OH,
"HELLYER LEWIS SMITH, INC.",1,0,66500.0,1,Entry Level Architectural Designer,PA,
"HELLER INDUSTRIES, INC.",1,0,75027.0,0,Mechanical Engineer II,NJ,
HELIOVOLTA LLC,1,0,69000.0,1,Associate Solar Engineer,NJ,
HEATCRAFT REFRIGERATION PRODUCTS LLC,1,0,86070.0,0,Mechanical Engineer II,GA,
HNI CORPORATION,1,0,90334.0,0,Manufacturing Engineer 1,MN,No
HOFSTRA UNIVERSITY,1,0,102500.0,1,Assistant Professor of Sustainability,NY,
HOLMES US,1,1,90000.0,1,Project Engineer II,CA,
"HONEYWELL INTERNATIONAL, INC.",1,0,105710.0,0,Mechanical Design Engineer II,MA,
"HOUSING STUDIO, P.A.",1,0,75982.0,0,Intern Architect,NC,
HOUSTON ADVANCED RESEARCH CENTER (HARC),1,0,80683.0,1,"Research Associate, Clean Energy Technology",TX,
"HSA & ASSOCIATES, INC.",1,1,150000.0,0,Associate Engineer,CA,
HUBBELL INCORPORATED (DELAWARE),1,0,72200.0,1,Associate Design Engineer,TX,
"HUDSON ENGINEERING & CONSULTING, P.C.",1,0,78811.0,0,Junior Engineer,NY,
HUGHESUMBANHOWAR ARCHITECTS,1,1,64459.0,0,Junior Designer,CA,
HUMANSCALE CORPORATION,1,0,106000.0,0,Design Engineer II,NY,
HYPERTHERM INC.,1,0,76000.0,1,Associate Design Engineer,NH,
"I & S GROUP, INC.",1,0,66706.0,1,"Graduate Engineer, Structural ",MN,No
ILLINOIS INSTITUTE OF TECHNOLOGY,1,0,125000.0,1,Research Assistant Professor,IL,
"IMS ENGINEERS, INC.",1,0,58261.0,1,Graduate Engineer,MS,
INDIANA INSTITUTE OF TECHNOLOGY,1,0,85000.0,0,Assistant Professor of Mechanical Engineering,IN,
"INDUSTRIAL AUTOMATION GROUP, LLC",1,1,97906.0,0,Controls Engineer II,CA,
"ZYNEX MONITORING SOLUTIONS, INC",1,0,100000.0,0,Electrical Engineer I,CO,No
