CASE_STATUS,VISA_CLASS,JOB_TITLE,SOC_CODE,SOC_TITLE,FULL_TIME_POSITION,NEW_EMPLOYMENT,EMPLOYER_NAME,WORKSITE_CITY,WORKSITE_STATE,WAGE_RATE_OF_PAY_FROM,WAGE_UNIT_OF_PAY,WILLFUL_VIOLATOR,H-1B_DEPENDENT,ANNUAL_WAGE,IS_CA
Certified,H-1B,Research Engineer II,17-2141.00,Mechanical Engineers,Y,0,TOYOTA MATERIAL HANDLING INC.,Greene,NY,84053.0,Year,No,,84053.0,False
Certified,H-1B,Project Engineer II,17-2051.00,Civil Engineers,Y,0,"BENNETT & PLESS, INC.",Potomac Falls,VA,120000.0,Year,No,,120000.0,False
Certified,H-1B,R&D Electrical Engineer II,17-2071.00,Electrical Engineers,Y,1,THE UNIVERSITY OF ARIZONA,Tucson,AZ,92000.0,Year,No,,92000.0,False
Certified,H-1B,Engineer II - Customer Quality,17-2141.00,Mechanical Engineers,Y,0,"ZF GAINESVILLE, LLC",Gainesville,GA,90000.0,Year,No,,90000.0,False
Certified,H-1B,Completions Technical Specialist II,17-2141.00,Mechanical Engineers,Y,0,GULFSTREAM AEROSPACE CORPORATION,Savannah,GA,139758.0,Year,No,,139758.0,False
Certified,H-1B,Engineer II,17-2051.02,Water/Wastewater Engineers,Y,0,"CHA CONSULTING, INC.",Albany,NY,76221.6,Year,No,,76221.6,False
Certified,H-1B,Associate Structural Engineer,17-2051.00,Civil Engineers,N,0,"UBC TECHNOLOGY SERVICES, INC.",Fort Mill,SC,80.0,Hour,No,,166400.0,False
Certified - Withdrawn,H-1B,"Engineer II, Optical ",17-2199.07,Photonics Engineers,Y,1,"PACIFIC BIOSCIENCES OF CALIFORNIA, INC.",Menlo Park,CA,124200.0,Year,No,,124200.0,True
Certified - Withdrawn,H-1B,"Engineer II, Optical ",17-2199.07,Photonics Engineers,Y,1,"PACIFIC BIOSCIENCES OF CALIFORNIA, INC.",Redwood City,CA,124200.0,Year,No,,124200.0,True
Certified,H-1B,Optics Scientific Engineering Associate,17-2199.00,"Engineers, All Other",Y,0,LAWRENCE BERKELEY NATIONAL LABORATORY,Berkeley,CA,130008.0,Year,No,,130008.0,True
Certified,H-1B,Graduate Engineer,17-2051.00,Civil Engineers,Y,0,"INFRASTRUCTURE CONSULTING AND ENGINEERING, LLC",Houston,TX,73000.0,Year,No,,73000.0,False
Certified,H-1B,Engineer II,17-2199.05,Mechatronics Engineers,Y,0,"SAMSUNG AUSTIN SEMICONDUCTOR, LLC.",Austin,TX,99611.0,Year,No,,99611.0,False
Certified,H-1B,Electrical Engineer  I,17-2071.00,Electrical Engineers,Y,0,THE ASTRODYNE CORPORATION,Hackettstown,NJ,112488.74,Year,No,,112488.74,False
Certified,H-1B,Associate Engineer - Electrical,17-2071.00,Electrical Engineers,Y,0,BLACK & VEATCH CORPORATION,Burlington,MA,89939.0,Year,No,,89939.0,False
Certified,H-1B,Optics Scientific Engineering Associate,17-2199.00,"Engineers, All Other",Y,1,LAWRENCE BERKELEY NATIONAL LABORATORY,Berkeley,CA,130008.0,Year,No,,130008.0,True
Certified,H-1B,Graduate Engineer,17-2051.02,Water/Wastewater Engineers,Y,0,"INFRASTRUCTURE CONSULTING AND ENGINEERING, LLC",Houston,TX,77000.0,Year,No,,77000.0,False
Certified - Withdrawn,H-1B,ELECTRICAL ENGINEER I,17-2071.00,Electrical Engineers,Y,0,"PROGRESSIVE AE, INC.",GRAND RAPIDS,MI,88109.0,Year,No,,88109.0,False
Certified - Withdrawn,H-1B,"Assistant Professor, Civil Engineering",25-1032.00,"Engineering Teachers, Postsecondary",Y,0,UNIVERSITY OF COLORADO,Boulder,CO,102420.0,Year,No,,102420.0,False
Certified,H-1B,Associate Engineer - Electrical,17-2071.00,Electrical Engineers,Y,0,BLACK & VEATCH CORPORATION,Chicago,IL,78749.0,Year,No,,78749.0,False
Certified,H-1B,Testing & Commissioning Engineer II,17-2071.00,Electrical Engineers,Y,0,TRC ENVIRONMENTAL CORPORATION,Lancaster,PA,115232.0,Year,No,,115232.0,False
Certified,H-1B,Data Center Infrastructure Engineer II,17-2051.00,Civil Engineers,Y,1,"AMAZON WEB SERVICES, INC.",Chicago,IL,140000.0,Year,No,,140000.0,False
Certified,H-1B,Electrical Project Engineer I,17-2071.00,Electrical Engineers,Y,0,"VANDERLANDE INDUSTRIES, INC.",Mason,OH,103238.2,Year,No,,103238.2,False
Certified,H-1B,Electrical Engineer I,17-2071.00,Electrical Engineers,Y,0,BAUER COMPRESSORS INC.,Norfolk,VA,82347.0,Year,No,,82347.0,False
Certified,H-1B,Junior Associate,17-1011.00,"Architects, Except Landscape and Naval",Y,0,EDWARD KOZANLIAN ARCHITECT LLC,New York,NY,67500.0,Year,No,,67500.0,False
Certified - Withdrawn,H-1B,Assistant Project Scientist ,17-2051.01,Transportation Engineers,Y,1,"UNIVERSITY OF CALIFORNIA, LOS ANGELES",Los Angeles,CA,93700.0,Year,No,,93700.0,True
Certified - Withdrawn,H-1B,Assistant Cooperative Extension Advisor ,19-2041.00,"Environmental Scientists and Specialists, Including Health",Y,1,UC DAVIS AGRICULTURE AND NATURAL RESOURCES,Moreno Valley,CA,92500.0,Year,No,,92500.0,True
Certified,H-1B,Controls Engineer II,17-2141.02,Automotive Engineers,Y,0,ZF NORTH AMERICA INC.,Northville,MI,106080.0,Year,No,,106080.0,False
Certified,H-1B,Mechanical Design Engineer II,17-2141.00,Mechanical Engineers,Y,0,"INTELLIGRATED SERVICES, LLC",Mason,OH,100000.0,Year,No,,100000.0,False
Certified,H-1B,RF Engineer II,17-2071.00,Electrical Engineers,Y,0,"DISH WIRELESS, LLC",Roseland,NJ,104853.0,Year,No,,104853.0,False
Certified,H-1B,RF Engineer II,17-2071.00,Electrical Engineers,Y,0,"DISH WIRELESS, LLC",Roseland,NJ,104853.0,Year,No,,104853.0,False
Certified,H-1B,JUNIOR PROJECT ARCHITECT,17-1011.00,"Architects, Except Landscape and Naval",Y,0,BREAUX AND ASSOCIATES LLC,ALPHARETTA,GA,65874.0,Year,No,,65874.0,False
Certified,H-1B,Data Centre Infrastructure Engineer I,17-2051.00,Civil Engineers,Y,0,"AMAZON DATA SERVICES, INC",Seattle,WA,85800.0,Year,No,,85800.0,False
Certified,H-1B,"Structural Engineer II, Ports & Harbors",17-2051.00,Civil Engineers,Y,0,"BOWMAN CONSULTING GROUP, LTD.",Glen Mills,PA,95000.0,Year,No,,95000.0,False
Certified,H-1B,Assistant Research Scientist,17-2199.08,Robotics Engineers,Y,1,JOHNS HOPKINS UNIVERSITY,Baltimore,MD,135000.0,Year,No,,135000.0,False
Certified,H-1B,Controls Engineer II,17-2071.00,Electrical Engineers,Y,0,"TREW, LLC.",Richardson,TX,105000.0,Year,No,,105000.0,False
Certified,H-1B,Water Reuse EIT,17-2051.02,Water/Wastewater Engineers,Y,1,STANTEC CONSULTING SERVICES INC.,Boston,MA,110011.2,Year,No,,110011.2,False
Certified,H-1B,Graduate Engineer,17-2051.00,Civil Engineers,Y,0,"AG&E ASSOCIATES, PLLC DBA AG&E STRUCTURAL ENGENUITY",Austin,TX,87500.0,Year,No,,87500.0,False
Certified,H-1B,Building Energy Analyst II Engineering Track,17-2141.00,Mechanical Engineers,Y,0,ENERGETICS CONSULTING ENGINEERS LLC,Denver,CO,93300.0,Year,No,,93300.0,False
Certified - Withdrawn,H-1B,Graduate Engineer,17-2051.02,Water/Wastewater Engineers,Y,0,WSB LLC,Minneapolis,MN,79268.0,Year,No,,79268.0,False
Certified - Withdrawn,H-1B,Associate,17-1011.00,"Architects, Except Landscape and Naval",Y,0,"PICKARD CHILTON ARCHITECTS, INC.",New Haven,CT,62858.0,Year,No,,62858.0,False
Certified,H-1B,Mechanical Engineer II,17-2141.00,Mechanical Engineers,Y,0,"DELTA DESIGN, INC.",Poway,CA,102221.0,Year,No,,102221.0,True
Certified,H-1B,Mechanical Design Engineer II,17-2141.00,Mechanical Engineers,Y,0,GROUP-S LLC,New York,NY,120349.0,Year,No,,120349.0,False
Certified,H-1B,Engineer II,17-2071.00,Electrical Engineers,Y,0,"K&A ENGINEERING CONSULTING, P.C.",Oakbrook,IL,105000.0,Week,No,,5460000.0,False
Certified,H-1B,Engineer II,17-2199.08,Robotics Engineers,Y,1,ARAMCO SERVICES COMPANY,Houston,TX,150000.0,Year,No,,150000.0,False
Certified,H-1B,"Engineer II, Manufacturing Engineering",17-2141.00,Mechanical Engineers,Y,0,"THERMO FISHER SCIENTIFIC, INC.",Ridgefield,NJ,81432.0,Year,No,,81432.0,False
Certified,H-1B,Field Engineer I,17-2071.00,Electrical Engineers,Y,1,"TELEWORLD SOLUTIONS, INC.",Plano,TX,77896.0,Year,No,,77896.0,False
Certified - Withdrawn,H-1B,Design Engineer II - KBGFJG270594-2,17-2141.00,Mechanical Engineers,Y,1,"MOLEX, LLC",Rochester Hills,MI,90000.0,Year,No,,90000.0,False
Certified - Withdrawn,H-1B,Mechanical Engineer II - KBGFJG343256-1,17-2141.00,Mechanical Engineers,Y,1,MARKEM-IMAJE CORPORATION,Keene,NH,92000.22,Year,No,,92000.22,False
Certified - Withdrawn,H-1B,Design Engineer II - KBGFJG344613-1,17-2141.00,Mechanical Engineers,Y,1,"MOLEX, LLC",Rochester Hills,MI,100000.0,Year,No,,100000.0,False
Certified - Withdrawn,H-1B,Design Engineer I - KBGFJG335118-1,17-2141.00,Mechanical Engineers,Y,1,"MOLEX, LLC",Rochester Hills,MI,90000.0,Year,No,,90000.0,False
Certified - Withdrawn,H-1B,Design Engineer II - KBGFJG269919-2,17-2141.00,Mechanical Engineers,Y,1,"MOLEX, LLC",Rochester Hills,MI,90000.0,Year,No,,90000.0,False
Certified,H-1B,Engineer II,17-2051.00,Civil Engineers,Y,0,"STRUCTURAL TECHNOLOGIES STRONGPOINT, LLC",Schiller Park,IL,90000.0,Year,No,,90000.0,False
Certified,H-1B,Energy Delivery Engineer I,17-2071.00,Electrical Engineers,Y,0,CITY OF GAINESVILLE,Gainesville,FL,74314.0,Year,No,,74314.0,False
Certified,H-1B,ASSOCIATE TRAFFIC ENGINEER,17-2051.01,Transportation Engineers,Y,1,"MNS ENGINEERS, INC.",ONTARIO,CA,90000.0,Year,No,,90000.0,True
Certified,H-1B,"Teaching Assistant Professor, Civil, Con, and Env Eng",25-1032.00,"Engineering Teachers, Postsecondary",Y,1,THE UNIVERSITY OF ALABAMA,Tuscaloosa,AL,76460.0,Year,No,,76460.0,False
Certified,H-1B,Geotechnical Engineering Professional Associate,17-2081.00,Environmental Engineers,Y,0,"JACOBS ENGINEERING GROUP, INC.",Boise,ID,113920.0,Hour,No,,236953600.0,False
Certified,H-1B,Associate Research Scholar,17-2071.00,Electrical Engineers,Y,1,THE TRUSTEES OF PRINCETON UNIVERSITY,Princeton,NJ,80572.0,Year,No,,80572.0,False
Certified,H-1B,Architect Intern I,17-1011.00,"Architects, Except Landscape and Naval",Y,1,"AODK, INC.",Lakewood,OH,63000.0,Year,No,,63000.0,False
Certified,H-1B,Assistant Specialist,17-2141.00,Mechanical Engineers,Y,1,"UNIVERSITY OF CALIFORNIA, DAVIS",Davis,CA,68900.0,Year,No,,68900.0,True
Certified,H-1B,Research Associate,17-2141.02,Automotive Engineers,Y,1,VIRGINIA POLYTECHNIC INSTITUTE & STATE UNIVERSITY,Blacksburg,VA,82000.0,Year,No,,82000.0,False
Certified - Withdrawn,H-1B,Junior Architect,17-1011.00,"Architects, Except Landscape and Naval",Y,0,EDWARD KOZANLIAN ARCHITECT LLC,New York,NY,67500.0,Year,No,,67500.0,False
Certified,H-1B,Associate,17-1011.00,"Architects, Except Landscape and Naval",Y,0,SHOP ARCHITECTS INC.,New York,NY,88899.0,Year,No,,88899.0,False
Certified,H-1B,Control Systems Engineer II,17-2199.05,Mechatronics Engineers,Y,0,AMAZON.COM SERVICES LLC,SWEDESBORO,NJ,117500.0,Year,No,,117500.0,False
Certified,H-1B,Acoustical Engineer II,17-2141.00,Mechanical Engineers,Y,0,PHOENIX NOISE & VIBRATION LLC,Frederick,MD,121743.0,Year,No,,121743.0,False
Certified,H-1B,Architectural Designer (Architectural Intern),17-1011.00,"Architects, Except Landscape and Naval",Y,0,ZIMMER GUNSUL FRASCA ARCHITECTS LLP,Washington,DC,79181.23,Year,No,,79181.23,False
Certified,H-1B,Data Centre Infrastructure Engineer I,17-2051.00,Civil Engineers,Y,0,"AMAZON DATA SERVICES, INC",Herndon,VA,126200.0,Year,No,,126200.0,False
Certified,H-1B,Sustainable Infrastructure Associate [00091978],13-2051.00,Financial and Investment Analysts,Y,0,DENHAM CAPITAL MANAGEMENT LP,Jersey City,NJ,130000.0,Year,No,,130000.0,False
Certified,H-1B,Mechanical Design Engineer II,17-2141.00,Mechanical Engineers,Y,0,"INTELLIGRATED SYSTEMS, LLC",Mason,OH,100000.0,Year,No,,100000.0,False
Certified,H-1B,Data Center Infrastructure Engineer II,17-2051.00,Civil Engineers,Y,0,"AMAZON DATA SERVICES, INC",Herndon,VA,116800.0,Year,No,,116800.0,False
Certified,H-1B,Data Centre Infrastructure Engineer I,17-2051.00,Civil Engineers,Y,0,"AMAZON DATA SERVICES, INC",Herndon,VA,130000.0,Year,No,,130000.0,False
Certified,H-1B,Engineer I,17-2141.00,Mechanical Engineers,Y,0,ANDERSEN CORPORATION,Locust Grove,GA,92423.86,Year,No,,92423.86,False
Certified,H-1B,JUNIOR PROJECT ARCHITECT,17-1011.00,"Architects, Except Landscape and Naval",Y,0,BREAUX AND ASSOCIATES ARCHITECTS LLC,ALPHARETTA,GA,65874.0,Year,No,,65874.0,False
Certified,H-1B,RF Engineer II,17-2071.00,Electrical Engineers,Y,0,"TELEWORLD SOLUTIONS, INC.",Mason,OH,94780.66,Year,No,,94780.66,False
Certified,H-1B,Engineer II,17-2051.00,Civil Engineers,Y,0,AIR WORLDWIDE CORPORATION,Boston,MA,121278.0,Year,No,,121278.0,False
Certified,H-1B,Associate Researcher,19-2041.00,"Environmental Scientists and Specialists, Including Health",Y,1,THE INTERNATIONAL COUNCIL ON CLEAN TRANSPORTATION,San Francisco,CA,86500.0,Year,No,,86500.0,True
Certified,H-1B,Network Engineer I,17-2071,Electrical Engineers,Y,0,"GLOBAL TECHNOLOGY ASSOCIATES, LLC",Jonesboro,AR,77900.0,Year,No,,77900.0,False
Certified,H-1B,Intern Architect,17-1011.00,"Architects, Except Landscape and Naval",Y,0,"KATO DESIGN, INC.",Cambridge,MA,37.66,Hour,No,,78332.79999999999,False
Certified,H-1B,Protection & Control Specialist II,17-2071.00,Electrical Engineers,Y,0,STANTEC CONSULTING SERVICES INC.,Lake Mary,FL,81307.0,Year,No,,81307.0,False
Certified,H-1B,Engineer II - Solar & Energy Storage Engineer,17-2071.00,Electrical Engineers,Y,1,TAMPA ELECTRIC COMPANY,Mulberry,FL,95000.0,Year,No,,95000.0,False
Certified,H-1B,Graduate Engineer II,17-2051.00,Civil Engineers,Y,1,"WALTER P. MOORE & ASSOCIATES, INC.",Orlando,FL,88434.24,Year,No,,88434.24,False
Certified,H-1B,Civil Engineer I “ Construction & Structures,17-2051.00,Civil Engineers,Y,1,VERMONT AGENCY OF TRANSPORTATION,Barre,VT,27.5,Hour,No,,57200.0,False
Certified - Withdrawn,H-1B,"Associate Mechanical Design Engineer, Craftsmanship",17-2141.00,Mechanical Engineers,Y,0,"TESLA, INC.",Fremont,CA,107000.0,Year,No,,107000.0,True
Certified - Withdrawn,H-1B,Engineer I,17-2051.00,Civil Engineers,Y,1,"CHA CONSULTING, INC.",Atlanta,GA,70000.11,Year,No,,70000.11,False
Certified,H-1B,Electrical Engineer I,17-2071.00,Electrical Engineers,Y,0,TOYOTA MATERIAL HANDLING INC.,Columbus,IN,104139.0,Year,No,,104139.0,False
Certified - Withdrawn,H-1B,"Teaching Assistant Professor, Civil, Con, and Env Eng",25-1032.00,"Engineering Teachers, Postsecondary",Y,1,THE UNIVERSITY OF ALABAMA,Tuscaloosa,AL,76460.0,Year,No,,76460.0,False
Certified - Withdrawn,H-1B,Junior Engineer,17-2141,Mechanical Engineers,Y,1,SHRIJI POLYMERS LLC,Ewing,NJ,60923.0,Year,No,,60923.0,False
Certified,H-1B,Project Engineer I,17-2051.00,Civil Engineers,Y,0,"HR GREEN, INC.",Houston,TX,105000.0,Year,No,,105000.0,False
Certified,H-1B,Data Center Infrastructure Engineer II,17-2051.00,Civil Engineers,Y,0,"AMAZON DATA SERVICES, INC",Herndon,VA,116800.0,Year,No,,116800.0,False
Certified,H-1B,Firmwide Practice Technology Specialist II,17-1011.00,"Architects, Except Landscape and Naval",Y,1,"HKS, INC.",Dallas,TX,102500.0,Year,No,,102500.0,False
Certified,H-1B,Application Engineer II,17-2141.00,Mechanical Engineers,Y,0,AUTOLIV ASP INC.,Ogden,UT,89779.58,Year,No,,89779.58,False
Certified,H-1B,Design Engineer II,17-2141.00,Mechanical Engineers,Y,0,"GOKEN AMERICA, LLC",Dublin,OH,48.86,Hour,No,,101628.8,False
Certified - Withdrawn,H-1B,Electrical Engineer I,17-2071.00,Electrical Engineers,Y,0,MILWAUKEE ELECTRIC TOOL CORPORATION,Brookfield,WI,88234.0,Year,No,,88234.0,False
Certified - Withdrawn,H-1B,Engineer II,17-2051.00,Civil Engineers,Y,1,ATKINSREALIS USA INC.,Raleigh,NC,80003.3,Year,No,,80003.3,False
Certified,H-1B,Data Center Infrastructure Engineer II,17-2051.00,Civil Engineers,Y,1,"AMAZON WEB SERVICES, INC.",Herndon,VA,140000.0,Year,No,,140000.0,False
Certified,H-1B,Architect Level I,17-1011.00,"Architects, Except Landscape and Naval",Y,0,"BEYER BLINDER BELLE, ARCHITECTS AND PLANNERS, LLP",New York,NY,88000.0,Year,No,,88000.0,False
Certified,H-1B,Engineer I,17-2051.00,Civil Engineers,Y,1,PENN ENVIRONMENTAL & REMEDIATION,Doylestown,PA,74000.0,Year,No,,74000.0,False
Certified,H-1B,Mechanical Engineer II,17-2141.00,Mechanical Engineers,Y,0,ASM AMERICA INC.,Phoenix,AZ,90771.0,Year,No,,90771.0,False
Certified,H-1B,BIM Specialist II,17-1011.00,"Architects, Except Landscape and Naval",Y,1,"AECOM TECHNICAL SERVICES, INC.",Thornton,CO,102743.0,Year,No,,102743.0,False
Certified,H-1B,Assistant Professor “ Civil Engineering,25-1032.00,"Engineering Teachers, Postsecondary",Y,1,THE UNIVERSITY OF TEXAS EL PASO,El Paso,TX,103000.0,Year,No,,103000.0,False
Certified,H-1B,Engineer II (entry),17-2051.00,Civil Engineers,Y,0,TOOLE DESIGN GROUP LLC,Silver Spring,MD,102539.0,Year,No,,102539.0,False
Certified,H-1B,Photonics Engineer II,17-2199.07,Photonics Engineers,Y,0,"THORLABS, INC.",Lafayette,CO,129215.0,Year,No,,129215.0,False
Certified,H-1B,Engineer II,19-2041.03,Industrial Ecologists,Y,0,WRIGHT-PIERCE,Clifton Park,NY,90000.0,Year,No,,90000.0,False
Certified - Withdrawn,H-1B,Research Engineer II,17-2071.00,Electrical Engineers,Y,1,TEXAS A&M ENGINEERING EXPERIMENT STATION,College Station,TX,73000.0,Year,No,,73000.0,False
Certified,H-1B,Architectural Designer/Associate,17-1011.00,"Architects, Except Landscape and Naval",Y,0,"PICKARD CHILTON ARCHITECTS, INC.",New Haven,CT,73812.0,Year,No,,73812.0,False
Certified,H-1B,Mechanical Engineer II (non-licensed),17-2141.00,Mechanical Engineers,Y,0,"SMITHGROUP, INC., SUBSIDIARY OF SMITHGROUP CO., INC.",Phoenix,AZ,102000.0,Year,No,,102000.0,False
Certified,H-1B,Project Engineer II,17-2051.00,Civil Engineers,Y,0,TELAMON CORPORATION,Raleigh,NC,87984.0,Year,No,,87984.0,False
Certified,H-1B,Civil Engineer I,17-2051.00,Civil Engineers,Y,0,"MICHAEL BAKER INTERNATIONAL, INC.",Marion,IN,67586.0,Year,No,,67586.0,False
Certified,H-1B,Electrical Engineer II,17-2071.00,Electrical Engineers,Y,0,TOYOTA MATERIAL HANDLING INC.,Columbus,IN,100915.0,Year,No,,100915.0,False
Certified - Withdrawn,H-1B,Bridge Engineer I,17-2051.00,Civil Engineers,Y,0,"SDR ENGINEERING CONSULTANTS, INC.",Tallahassee,FL,77625.0,Year,No,,77625.0,False
Certified,H-1B,Product Engineer II,17-2141.00,Mechanical Engineers,Y,0,"DYNAMIC MANUFACTURING, INC.",Hillside,IL,100499.0,Year,No,,100499.0,False
Certified,H-1B,Bridge Design Engineer II,17-2051.01,Transportation Engineers,Y,0,"BOWMAN CONSULTING GROUP, LTD.",Seattle,WA,116189.0,Year,No,,116189.0,False
Certified,H-1B,"Research Scientist, Associate",19-2041.00,"Environmental Scientists and Specialists, Including Health",Y,1,NEW MEXICO STATE UNIVERSITY,Carlsbad,NM,78717.13,Year,No,,78717.13,False
Certified,H-1B,Data Center Infrastructure Engineer II,17-2051.00,Civil Engineers,Y,1,"AMAZON WEB SERVICES, INC.",Herndon,VA,138000.0,Year,No,,138000.0,False
Certified,H-1B,Project Engineer II,17-2071.00,Electrical Engineers,Y,0,ENGIE NORTH AMERICA INC.,Fremont,CA,132000.0,Year,No,,132000.0,True
Certified - Withdrawn,H-1B,Scientist I,17-2141.00,Mechanical Engineers,Y,1,UNIVERSITY OF WISCONSIN SYSTEM,Madison,WI,73958.0,Year,No,,73958.0,False
Certified - Withdrawn,H-1B,Engineer II,17-2051.02,Water/Wastewater Engineers,Y,0,"CHA CONSULTING, INC.",Harrisonburg,VA,83000.0,Year,No,,83000.0,False
Certified - Withdrawn,H-1B,"Assistant Professor, Mechanical Engineering",25-1032.00,"Engineering Teachers, Postsecondary",Y,0,"MINNESOTA STATE UNIVERSITY, MANKATO",Mankato,MN,81185.0,Year,No,,81185.0,False
Certified,H-1B,Engineer I,17-2051.01,Transportation Engineers,Y,0,"ARDURRA GROUP, INC.",Coral Springs,FL,85994.9,Year,No,,85994.9,False
Certified,H-1B,Engineer II,17-2051.00,Civil Engineers,Y,0,ATKINSREALIS USA INC.,Ewing,NJ,84864.0,Year,No,,84864.0,False
Certified - Withdrawn,H-1B,CAE Engineer II,17-2141.00,Mechanical Engineers,Y,0,"GOKEN AMERICA, LLC",Dublin,OH,48.86,Hour,No,,101628.8,False
Certified - Withdrawn,H-1B,Assistant Project Scientist,17-2071.00,Electrical Engineers,Y,1,"UNIVERSITY OF CALIFORNIA, DAVIS",Davis,CA,100300.0,Year,No,,100300.0,True
Certified,H-1B,Assistant Project Scientist,19-2041.00,"Environmental Scientists and Specialists, Including Health",Y,0,"UNIVERSITY OF CALIFORNIA, DAVIS",Davis,CA,80800.0,Year,No,,80800.0,True
Certified,H-1B,Water Resource Engineer II,17-2051.00,Civil Engineers,Y,0,"ENDESCO, INC.",Rockville,MD,90938.0,Year,No,,90938.0,False
Certified,H-1B,"Engineer I, Transportation",17-2051.01,Transportation Engineers,Y,0,"BOWMAN CONSULTING GROUP, LTD.",Hoboken,NJ,80725.0,Year,No,,80725.0,False
Certified,H-1B,Associate Engineer,17-2051.00,Civil Engineers,Y,0,"BUEHLER ENGINEERING, INC.",San Carlos,CA,117855.0,Year,No,,117855.0,True
Certified,H-1B,Assistant Professor,17-2051.00,Civil Engineers,Y,0,THE UNIVERSITY OF IOWA,Iowa City,IA,104000.0,Year,No,,104000.0,False
Certified,H-1B,Research Associate,17-2199.08,Robotics Engineers,Y,1,OREGON STATE UNIVERSITY,Corvallis,OR,80004.0,Year,No,,80004.0,False
Certified,H-1B,Electrical Engineer II,17-2071.00,Electrical Engineers,Y,1,"JEFFERSON SCIENCE ASSOCIATES, LLC",NEWPORT NEWS,VA,134000.0,Year,No,,134000.0,False
Certified,H-1B,DATA CENTER INFRASTRUCTURE ENGINEER II,17-2071.00,Electrical Engineers,Y,0,"AMAZON WEB SERVICES, INC.",AUSTIN,TX,130400.0,Year,No,,130400.0,False
Certified,H-1B,Data Centre Infrastructure Engineer I,17-2051.00,Civil Engineers,Y,1,"AMAZON WEB SERVICES, INC.",RIDGELAND,MS,131000.0,Year,No,,131000.0,False
Certified,H-1B,"Assistant Professor, Mechanical Engineering",25-1032.00,"Engineering Teachers, Postsecondary",N,1,WHITEWATER UNIVERSITY OF CALIFORNIA,San Jose,CA,42.0,Hour,No,,87360.0,True
Certified,H-1B,PROJECT ENGINEERING PROFESSIONAL ASSOCIATE,17-2141.00,Mechanical Engineers,Y,1,"JACOBS ENGINEERING GROUP, INC.",Manassas,VA,90000.0,Year,No,,90000.0,False
Certified,H-1B,Distribution Engineer in Training (EIT),17-2141.00,Mechanical Engineers,Y,0,"HDR ENGINEERING, INC.",San Diego,CA,110011.2,Year,No,,110011.2,True
Certified - Withdrawn,H-1B,Development Engineer II,17-2141.00,Mechanical Engineers,Y,0,EMD MILLIPORE CORPORATION,Bedford,MA,110000.0,Year,No,,110000.0,False
Certified - Withdrawn,H-1B,Development Engineer II,17-2141.00,Mechanical Engineers,Y,0,EMD MILLIPORE CORPORATION,Bedford,MA,106000.0,Year,No,,106000.0,False
Certified - Withdrawn,H-1B,Research Associate,19-2041.00,"Environmental Scientists and Specialists, Including Health",Y,1,THE UNIVERSITY OF VIRGINIA,Charlottesville,VA,65000.0,Year,No,,65000.0,False
Certified - Withdrawn,H-1B,TTI Assistant Research Scientist ,17-2051.00,Civil Engineers,Y,0,TEXAS A&M TRANSPORTATION INSTITUTE,Austin,TX,93642.0,Year,No,,93642.0,False
Certified,H-1B,Architectural Associate (Project),17-1011.00,"Architects, Except Landscape and Naval",Y,0,"SKIDMORE, OWINGS & MERRILL LLP",New York,NY,116868.96,Year,No,,116868.96,False
Certified,H-1B,Associate,17-1011.00,"Architects, Except Landscape and Naval",Y,0,"BEYER BLINDER BELLE, ARCHITECTS AND PLANNERS, LLP",New York,NY,94000.0,Year,No,,94000.0,False
Certified,H-1B,Assistant Project Scientist,19-2041.00,"Environmental Scientists and Specialists, Including Health",Y,0,"UNIVERSITY OF CALIFORNIA, BERKELEY",Berkeley,CA,97000.0,Year,No,,97000.0,True
Certified,H-1B,Assistant Project Administrator,17-2051.00,Civil Engineers,Y,0,"GREENMAN-PEDERSEN, INC.",Jacksonville,FL,45.0,Hour,No,,93600.0,False
Certified,H-1B,Distribution Engineer in Training (EIT),17-2071.00,Electrical Engineers,Y,1,"HDR ENGINEERING, INC.",San Diego,CA,110011.2,Year,No,,110011.2,True
Certified,H-1B,Electric Generation System Specialist I,17-2199.03,"Energy Engineers, Except Wind and Solar",Y,0,CALIFORNIA ENERGY COMMISSION,Sacramento,CA,8721.0,Month,No,,104652.0,True
Certified,H-1B,Assistant Research Professor,17-2071.00,Electrical Engineers,Y,0,GEORGETOWN UNIVERSITY,Gaithersburg,MD,100000.0,Year,No,,100000.0,False
Certified,H-1B,Project Engineer I,17-2051.00,Civil Engineers,Y,0,"PENNONI ASSOCIATES, INC.",Tampa,FL,72000.0,Year,No,,72000.0,False
Certified,H-1B,Research Associate,19-2041.00,"Environmental Scientists and Specialists, Including Health",N,0,BOZ LIFE SCIENCE RESEARCH AND TEACHING INSTITUTE,La Jolla,CA,26.71,Hour,No,,55556.8,True
Certified,H-1B,Engineer 2,17-2051.00,Civil Engineers,Y,0,KIEWIT INFRASTRUCTURE CO.,Omaha,NE,107640.0,Year,No,,107640.0,False
Certified,H-1B,Junior Engineer,17-2051.00,Civil Engineers,Y,0,"HUDSON ENGINEERING & CONSULTING, P.C.",Elmsford,NY,78811.0,Year,No,,78811.0,False
Certified,H-1B,Design Engineer II,17-2141.00,Mechanical Engineers,Y,0,"NORTH AMERICAN LIGHTING, INC.",Farmington Hills,MI,95200.0,Year,No,,95200.0,False
Certified,H-1B,ASSISTANT PROFESSOR - CIVIL ENGINEERING,25-1032.00,"Engineering Teachers, Postsecondary",Y,1,SOUTH DAKOTA STATE UNIVERSITY,BROOKINGS,SD,94000.0,Year,No,,94000.0,False
Certified,H-1B,Architectural Intern,17-1011.00,"Architects, Except Landscape and Naval",Y,0,"STRAND SYSTEMS ENGINEERING, INC.",Dallas,TX,73154.0,Year,No,,73154.0,False
Certified,H-1B,Assistant Project Scientist,19-2041.00,"Environmental Scientists and Specialists, Including Health",Y,1,"UNIVERSITY OF CALIFORNIA, LOS ANGELES",Los Angeles,CA,89000.0,Year,No,,89000.0,True
Certified,H-1B,Research Associate,17-2051.00,Civil Engineers,Y,0,"RUTGERS, THE STATE UNIVERSITY OF NEW JERSEY",Piscataway,NJ,110000.0,Year,No,,110000.0,False
Certified - Withdrawn,H-1B,Assistant Professor,17-2141.00,Mechanical Engineers,Y,1,UNIVERSITY OF ALASKA,Fairbanks,AK,56.41,Hour,No,,117332.79999999999,False
Certified,H-1B,Design Engineer II,17-2071.00,Electrical Engineers,Y,0,"EQUISALES ASSOCIATES, INC.",Houston,TX,130000.0,Year,No,,130000.0,False
Certified,H-1B,Associate EH&S Professional,19-2041.00,"Environmental Scientists and Specialists, Including Health",Y,0,"SCHWEITZER ENGINEERING LABORATORIES, INC.",Pullman,WA,86100.0,Year,No,,86100.0,False
Certified,H-1B,OBD Calibration Engineer II,17-2141.00,Mechanical Engineers,Y,0,"POWER SOLUTIONS INTERNATIONAL, INC.",Burr Ridge,IL,115201.4,Year,No,,115201.4,False
Certified,H-1B,STRUCTURAL ENGINEERING PROFESSIONAL ASSOCIATE,17-2051.00,Civil Engineers,Y,0,"JACOBS ENGINEERING GROUP, INC.",CHARLOTTE,NC,90315.12,Year,No,,90315.12,False
Certified - Withdrawn,H-1B,Electrical Engineer II - Advanced Engineering,17-2071.00,Electrical Engineers,Y,1,MILWAUKEE ELECTRIC TOOL CORPORATION,Brookfield,WI,97644.0,Year,No,,97644.0,False
Certified,H-1B,Research Associate,17-2199.08,Robotics Engineers,Y,1,OREGON STATE UNIVERSITY,Corvallis,OR,48844.0,Year,No,,48844.0,False
Certified,H-1B,Assistant Research Scientist,19-2041.00,"Environmental Scientists and Specialists, Including Health",Y,0,THE UNIVERSITY OF IOWA,Iowa City,IA,81916.0,Year,No,,81916.0,False
Certified,H-1B,Technical Specialist II,17-2141.00,Mechanical Engineers,Y,0,GULFSTREAM AEROSPACE CORPORATION,Savannah,GA,137248.0,Year,No,,137248.0,False
Certified,H-1B,Civil Engineer I,17-2051.00,Civil Engineers,Y,0,BAKER INGRAM & ASSOCIATES INC,Lancaster,PA,79000.0,Year,No,,79000.0,False
Certified,H-1B,Environmental Scientist II,19-2041.00,"Environmental Scientists and Specialists, Includin",Y,0,"AECOM TECHNICAL SERVICES, INC.",Chicago,IL,80995.0,Year,No,,80995.0,False
Certified,H-1B,Civil Engineer I,17-2051.00,Civil Engineers,Y,0,BAKER INGRAM & ASSOCIATES INC,Philadelphia,PA,76000.0,Year,No,,76000.0,False
Certified,H-1B,Flight Controls System Engineer 2,17-2071.00,Electrical Engineers,Y,0,GARMIN INTERNATIONAL INC.,Olathe,KS,106100.0,Year,No,,106100.0,False
Certified,H-1B,Automation Engineer II,17-2199.05,Mechatronics Engineers,Y,0,BASTIAN SOLUTIONS LLC,Coppell,TX,102994.73,Year,No,,102994.73,False
Certified,H-1B,Research Assistant Professor in Sustainable Engineering,25-1053.00,"Environmental Science Teachers, Postsecondary",Y,1,UNIVERSITY OF NEW HAMPSHIRE,Durham,NH,86000.0,Year,No,,86000.0,False
Certified,H-1B,Visiting Assistant Professor of Mechanical Engineering,25-1032.00,"Engineering Teachers, Postsecondary",Y,1,MANHATTAN UNIVERSITY,Riverdale,NY,92500.0,Year,No,,92500.0,False
Certified,H-1B,Controls Design Engineer (Associate Level),17-2071.00,Electrical Engineers,Y,0,ALBIREO ENERGY LLC,Edison,NJ,115003.0,Year,No,,115003.0,False
Certified,H-1B,"Research Associate, Developing Countries",19-2041.01,Climate Change Policy Analysts,Y,1,CORNWALL ALLIANCE FOR THE STEWARDSHIP OF CREATION,Eads,TN,90000.0,Year,No,,90000.0,False
Certified,H-1B,Civil Engineer- EIT,17-2051.00,Civil Engineers,Y,0,STANTEC CONSULTING SERVICES INC.,West Palm Beach,FL,91062.4,Year,No,,91062.4,False
Certified,H-1B,Transportation Associate,17-2051.01,Transportation Engineers,Y,1,SYMMETRA DESIGN LLC,Washington,DC,81000.0,Year,No,,81000.0,False
Certified,H-1B,Civil Engineer - EIT,17-2051.00,Civil Engineers,Y,0,STANTEC CONSULTING SERVICES INC.,Austin,TX,91956.8,Year,No,,91956.8,False
Certified,H-1B,Engineer Intern II,17-2051.00,Civil Engineers,Y,0,"GREENLIGHT TRAFFIC ENGINEERING, LLC",Peoria,AZ,83886.0,Year,No,,83886.0,False
Certified - Withdrawn,H-1B,Electronic Design Engineer II,17-2071.00,Electrical Engineers,Y,0,"RIVIAN AND VW GROUP TECHNOLOGY, LLC",Palo Alto,CA,130127.41,Year,No,,130127.41,True
Certified,H-1B,Controls Engineer II,17-2071.00,Electrical Engineers,Y,0,BASTIAN SOLUTIONS LLC,Grand Rapids,MI,91998.0,Year,No,,91998.0,False
Certified,H-1B,Structures Engineer in Training (EIT),17-2051.00,Civil Engineers,Y,1,FERROVIAL CONSTRUCTION US CORP.,Atlanta,GA,80000.0,Year,No,,80000.0,False
Certified,H-1B,Project Controls Specialist 2,17-2051.00,Civil Engineers,Y,0,"ARCADIS U.S., INC.",San Diego,CA,91270.4,Year,No,,91270.4,True
Certified,H-1B,Systems Studies Engineer II,17-2071.00,Electrical Engineers,Y,0,"MITSUBISHI ELECTRIC POWER PRODUCTS, INC.",Tempe,AZ,101587.0,Year,No,,101587.0,False
Certified,H-1B,Systems Studies Engineer II,17-2071.00,Electrical Engineers,Y,0,"MITSUBISHI ELECTRIC POWER PRODUCTS, INC.",Pittsburgh,PA,95674.0,Year,No,,95674.0,False
Certified,H-1B,Electrical Engineer II,17-2071.00,Electrical Engineers,Y,0,ENVIROCAL INC,Houston,TX,115000.0,Year,No,,115000.0,False
Certified,H-1B,Assistant MEP Coordinator,17-2051.00,Civil Engineers,Y,0,"CLUNE CONSTRUCTION COMPANY, LP",San Francisco,CA,92934.0,Year,No,,92934.0,True
Certified,H-1B,Systems Studies Engineer II,17-2071.00,Electrical Engineers,Y,0,"MITSUBISHI ELECTRIC POWER PRODUCTS, INC.",Fridley,MN,103328.0,Year,No,,103328.0,False
Certified,H-1B,Systems Studies Engineer II,17-2071.00,Electrical Engineers,Y,0,"MITSUBISHI ELECTRIC POWER PRODUCTS, INC.",Fort Worth,TX,103328.0,Year,No,,103328.0,False
Certified,H-1B,Electrical Project Engineer 1,17-2071.00,Electrical Engineers,Y,0,IMEG CONSULTANTS CORP.,New York,NY,106000.0,Year,No,,106000.0,False
Certified - Withdrawn,H-1B,Research Assistant Professor in Civil & Environ. Engineering,25-1032.00,"Engineering Teachers, Postsecondary",Y,1,COLORADO SCHOOL OF MINES,Golden,CO,45420.0,Year,No,,45420.0,False
Certified,H-1B,Hardware Reliability Engineer II,17-2071.00,Electrical Engineers,Y,0,"AXON ENTERPRISE, INC.",Scottsdale,AZ,115071.6,Year,No,,115071.6,False
Certified,H-1B,R&D Associate - Water & Wastewater Efficiency Engineer,17-2081.00,Environmental Engineers,Y,0,"UT-BATTELLE, LLC (OAK RIDGE NATIONAL LABORATORY)",Oak Ridge,TN,114000.0,Year,No,,114000.0,False
Certified,H-1B,Data Center Infrastructure Engineer II,17-2051.00,Civil Engineers,Y,0,"AMAZON WEB SERVICES, INC.",Austin,TX,130400.0,Year,No,,130400.0,False
Certified,H-1B,Assistant Professor of Mechanical Engineering,25-1032.00,"Engineering Teachers, Postsecondary",Y,0,WENTWORTH INSTITUTE OF TECHNOLOGY,Boston,MA,89042.0,Year,No,,89042.0,False
Certified,H-1B,ASSISTANT PROFESSOR - CIVIL ENGINEERING,25-1032.00,"Engineering Teachers, Postsecondary",Y,0,SOUTH DAKOTA STATE UNIVERSITY,BROOKINGS,SD,94000.0,Year,No,,94000.0,False
Certified,H-1B,Engineer II,17-2141.00,Mechanical Engineers,Y,0,VBFA - BNA CORPORATION,West Valley City,UT,95194.0,Year,No,,95194.0,False
Certified,H-1B,Post  Doctorate Research Associate (Environmental Science),19-2041.00,"Environmental Scientists and Specialists, Including Health",Y,0,BATTELLE MEMORIAL INSTITUTE,Richland,WA,90598.0,Year,No,,90598.0,False
Certified,H-1B,Structural Engineer II,17-2051.00,Civil Engineers,Y,0,"BOWMAN CONSULTING GROUP, LTD.",Beaverton,OR,115000.0,Year,No,,115000.0,False
Certified,H-1B,Design Engineer II,17-2141.00,Mechanical Engineers,Y,0,"GOKEN AMERICA, LLC",Dublin,OH,39.93,Hour,No,,83054.4,False
Certified,H-1B,Electrical Engineer II,17-2199.05,Mechatronics Engineers,Y,0,REHABILITATION INSTITUTE OF CHICAGO,Chicago,IL,87402.0,Year,No,,87402.0,False
Certified - Withdrawn,H-1B,Mechanical Engineer II (non-licensed),17-2141.00,Mechanical Engineers,Y,0,"SMITHGROUP, INC., SUBSIDIARY OF SMITHGROUP CO., INC.",Phoenix,AZ,102000.0,Year,No,,102000.0,False
Certified,H-1B,Research Associate,17-2199.08,Robotics Engineers,Y,1,HARVARD UNIVERSITY,Allston,MA,87980.0,Year,No,,87980.0,False
Certified,H-1B,Intern Architect,17-1011.00,"Architects, Except Landscape and Naval",Y,0,"SPARC PLUS, LLC",Galveston,TX,62650.0,Year,No,,62650.0,False
Certified,H-1B,Project (Energy )Engineer II,17-2199.03,"Energy Engineers, Except Wind and Solar",Y,0,RESOURCE INNOVATIONS INC.,Des Moines,IA,85550.0,Year,No,,85550.0,False
Certified,H-1B,Data Center Infrastructure Engineer II,17-2051.00,Civil Engineers,Y,0,"AMAZON WEB SERVICES, INC.",Columbus,OH,121400.0,Year,No,,121400.0,False
Certified,H-1B,Electrical Engineer 1,17-2071.00,Electrical Engineers,Y,0,BLACK & VEATCH CORPORATION,Burlington,MA,89939.0,Year,No,,89939.0,False
Certified,H-1B,Water Resource Engineering Professional Associate,17-2051.02,Water/Wastewater Engineers,Y,0,CH2M HILL INC.,MORRISTOWN,NJ,117000.0,Year,No,,117000.0,False
Certified,H-1B,BIM Engineer II,17-2051.00,Civil Engineers,Y,0,"AFFILIATED ENGINEERS METRO DC, INC.",Rockville,MD,110000.0,Year,No,,110000.0,False
Certified,H-1B,Project Engineer 1,17-2051.00,Civil Engineers,Y,0,IMEG CONSULTANTS CORP.,Houston,TX,92000.0,Year,No,,92000.0,False
Certified,H-1B,Project Controls Specialist 2,17-2051.00,Civil Engineers,Y,0,"ARCADIS U.S., INC.",San Diego,CA,91270.4,Year,No,,91270.4,True
Certified,H-1B,Associate Professor of Mechanical Engineering,25-1032.00,"Engineering Teachers, Postsecondary",Y,0,UNIVERSITY OF ALASKA,Anchorage,AK,6481.75,Bi-Weekly,No,,337051.0,False
Certified,H-1B,Mechanical Product Validation Engineer II,17-2141.00,Mechanical Engineers,Y,0,DETROIT DIESEL CORPORATION,Detroit,MI,118647.0,Year,No,,118647.0,False
Certified,H-1B,Assistant Professor,19-2041.00,"Environmental Scientists and Specialists, Including Health",Y,0,UNIVERSITY OF MARYLAND COLLEGE PARK,College Park,MD,99537.96,Year,No,,99537.96,False
Certified,H-1B,Safety CAE Engineer I,17-2141.02,Automotive Engineers,Y,0,HYUNDAI AMERICA TECHNICAL CENTER INC.,Superior Township,MI,79373.0,Year,No,,79373.0,False
Certified,H-1B,Engineer Intern,17-2051.00,Civil Engineers,Y,0,"NEEL-SCHAFFER, INC.",Birmingham,AL,100006.4,Year,No,,100006.4,False
Certified,H-1B,Controls Engineer II,15-1299.08,Computer Systems Engineers/Architects,Y,0,"E-TECHNOLOGIES GROUP, LLC.",Modesto,CA,120000.0,Year,No,,120000.0,True
Certified,H-1B,Data Center Infrastructure Engineer II,17-2051.00,Civil Engineers,Y,0,"AMAZON WEB SERVICES, INC.",Austin,TX,130400.0,Year,No,,130400.0,False
Certified,H-1B,RESEARCH ASSOCIATE,19-2041.00,"Environmental Scientists and Specialists, Including Health",Y,1,MICHIGAN STATE UNIVERSITY,East Lansing,MI,70000.0,Year,No,,70000.0,False
Certified,H-1B,Project Engineer II,17-2051.00,Civil Engineers,Y,0,"DTE ENERGY RESOURCES, LLC",Detroit,MI,98000.0,Year,No,,98000.0,False
Certified,H-1B,Engineer in Training II - Structures,17-2051.00,Civil Engineers,Y,0,"MODJESKI AND MASTERS, INC.",Mechanicsburg,PA,83533.0,Year,No,,83533.0,False
Certified,H-1B,Research Associate,17-2081.00,Environmental Engineers,Y,0,UNIVERSITY OF CINCINNATI,Cincinnati,OH,72120.0,Year,No,,72120.0,False
Certified,H-1B,RESEARCH ASSOCIATE,19-2041.00,"Environmental Scientists and Specialists, Including Health",Y,0,WAYNE STATE UNIVERSITY,DETROIT,MI,56722.0,Year,No,,56722.0,False
Certified,H-1B,Special Research Associate,17-2141.00,Mechanical Engineers,Y,0,THE UNIVERSITY OF TEXAS AT SAN ANTONIO,San Antonio,TX,61000.0,Year,No,,61000.0,False
Certified,H-1B,Junior Engineer,17-2081.00,Environmental Engineers,Y,1,RESEARCH FOUNDATION OF CUNY,New York,NY,76695.0,Year,No,,76695.0,False
Certified - Withdrawn,H-1B,Engineering Associate II,17-2051.00,Civil Engineers,Y,1,"CAS CONSULTING & SERVICES, INC.",Austin,TX,92000.0,Year,No,,92000.0,False
Certified - Withdrawn,H-1B,SOEST Assistant Researcher (Climate Dynamics),19-2041.01,Climate Change Policy Analysts,Y,0,RESEARCH CORPORATION OF THE UNIVERSITY OF HAWAII,Honolulu,HI,37.5,Hour,No,,78000.0,False
Certified,H-1B,Data Centre Infrastructure Engineer I,17-2051.00,Civil Engineers,Y,0,"AMAZON WEB SERVICES, INC.",Plain City,OH,106240.0,Year,No,,106240.0,False
Certified,H-1B,Project Engineer I,17-2051.00,Civil Engineers,Y,0,"WOODARD & CURRAN, INC.",Tampa,FL,109533.0,Year,No,,109533.0,False
Certified,H-1B,Data Center Infrastructure Engineer II,17-2051.00,Civil Engineers,Y,0,"AMAZON WEB SERVICES, INC.",Austin,TX,130400.0,Year,No,,130400.0,False
Certified,H-1B,Tech Ops Engineer II,17-2051.00,Civil Engineers,Y,0,"AMAZON DATA SERVICES, INC",Chantilly,VA,150000.0,Year,No,,150000.0,False
Certified,H-1B,Associate Professor of Mechanical Engineering,25-1032.00,"Engineering Teachers, Postsecondary",Y,0,ALFRED UNIVERSITY,Alfred,NY,90790.0,Year,No,,90790.0,False
Certified,H-1B,Project Engineer I,17-2051.00,Civil Engineers,Y,0,"LPA, INC.",Irvine,CA,118250.0,Year,No,,118250.0,True
Certified,H-1B,Transportation and Industrial Policy Associate Researcher,19-2041.00,"Environmental Scientists and Specialists, Including Health",Y,1,THE INTERNATIONAL COUNCIL ON CLEAN TRANSPORTATION,San Francisco,CA,86500.0,Year,No,,86500.0,True
Certified,H-1B,Assistant Professor of Civil Engineering,25-1032.00,"Engineering Teachers, Postsecondary",Y,0,WIDENER UNIVERSITY,Chester,PA,69690.0,Year,No,,69690.0,False
Certified,H-1B,Dynamic FEA Engineer II,17-2141.00,Mechanical Engineers,Y,0,"SAFRAN SEATS USA, LLC",IRVING,TX,103800.0,Year,No,,103800.0,False
Certified,H-1B,Environmental Scientist II,19-2041.00,"Environmental Scientists and Specialists, Including Health",Y,0,FREEPORT MINERALS CORPORATION,Sahuarita,AZ,95000.0,Year,No,,95000.0,False
Certified,H-1B,Dynamic FEA Engineer II,17-2141.00,Mechanical Engineers,Y,0,"SAFRAN SEATS USA, LLC",Coppell,TX,103800.0,Year,No,,103800.0,False
Certified - Withdrawn,H-1B,Structures Engineer in Training (EIT),17-2051.00,Civil Engineers,Y,1,"FERROVIAL CONSTRUCTION EAST, LLC",Atlanta,GA,80000.0,Year,No,,80000.0,False
Certified - Withdrawn,H-1B,Robotics Engineer II,17-2199.08,Robotics Engineers,Y,0,CARNEGIE MELLON UNIVERSITY,Pittsburgh,PA,97080.81,Year,No,,97080.81,False
Certified - Withdrawn,H-1B,"Engineer II, Automation & Control",17-2071.00,Electrical Engineers,Y,1,MANNKIND CORPORATION,Danbury,CT,80000.0,Year,No,,80000.0,False
Certified,H-1B,Temporary Research Associate,17-2199.00,"Engineers, All Other",Y,0,PURDUE UNIVERSITY,West Lafayette,IN,5000.0,Month,No,,60000.0,False
Certified,H-1B,Civil Engineer I “ Construction & Structures,17-2051.00,Civil Engineers,Y,1,STATE OF VERMONT,Barre,VT,27.5,Hour,No,,57200.0,False
Certified,H-1B,"Junior Engineer, Bridge Design",17-2051.00,Civil Engineers,Y,0,"POPLI ARCHITECTURE & ENGINEERING & LS, DPC",Penfield,NY,88000.0,Year,No,,88000.0,False
Certified,H-1B,Firmware Test Engineer II,17-2071.00,Electrical Engineers,Y,0,MILWAUKEE ELECTRIC TOOL CORPORATION,Brookfield,WI,105000.0,Year,No,,105000.0,False
Certified,H-1B,Architectural Intern (Project Technician),17-1011.00,"Architects, Except Landscape and Naval",Y,0,"NICHOLS, MELBURG & ROSSETTO, AIA & ASSOCIATES, INC.",Redding,CA,66331.0,Year,No,,66331.0,True
Certified,H-1B,Associate Energy Specialist,17-2199.03,"Energy Engineers, Except Wind and Solar",Y,1,CALIFORNIA ENERGY COMMISSION,Sacramento,CA,6107.0,Month,No,,73284.0,True
Certified,H-1B,Assistant Professor,19-2041.00,"Environmental Scientists and Specialists, Including Health",Y,0,UNIVERSITY OF MARYLAND COLLEGE PARK,College Park,MD,99537.96,Year,No,,99537.96,False
Certified,H-1B,Robotics Engineer II,17-2199.08,Robotics Engineers,Y,0,CARNEGIE MELLON UNIVERSITY,Pittsburgh,PA,97080.81,Year,No,,97080.81,False
Certified - Withdrawn,H-1B,Associate,19-2041.01,Climate Change Policy Analysts,Y,1,"ROCKY MOUNTAIN INSTITUTE, INC.",Washington,DC,75000.0,Year,No,,75000.0,False
Certified,H-1B,Greenhouse Structural Engineer I,17-2051.00,Civil Engineers,Y,0,ENGINEERING SERVICES & PRODUCTS COMPANY,Dyersville,IA,75000.0,Year,No,,75000.0,False
Certified,H-1B,Research Associate,17-2199.09,Nanosystems Engineers,Y,1,"RUTGERS, THE STATE UNIVERSITY OF NEW JERSEY",Piscataway,NJ,85588.0,Year,No,,85588.0,False
Certified,H-1B1 Chile,Junior Structural Designer,17-2051.00,Civil Engineers,Y,1,"SKIDMORE, OWINGS & MERRILL LLP",Los Angeles,CA,76869.0,Year,,,76869.0,True
Certified,H-1B,Mechanical Engineer 2,17-2141.00,Mechanical Engineers,Y,1,"SANDEN INTERNATIONAL (U.SA.), INC.",Wylie,TX,115000.0,Year,No,,115000.0,False
Certified,H-1B,Architectural Intern,17-1011.00,"Architects, Except Landscape and Naval",Y,0,"BROWN REYNOLDS WATFORD ARCHITECTS, INC.","Dallas, TX",TX,77000.0,Year,No,,77000.0,False
Certified,H-1B,Construction Engineer II,17-2051.00,Civil Engineers,Y,0,"FLUOR CONSTRUCTORS INTERNATIONAL, INC.",Houston,TX,92551.68,Year,No,,92551.68,False
Certified,H-1B,Engineer II,17-2051.02,Water/Wastewater Engineers,Y,0,"RUMMEL, KLEPPER & KAHL, LLP",Lakewood,CO,44.0,Hour,No,,91520.0,False
Certified,H-1B,FIRE PROTECTION ENGINEER 2,17-2111.02,Fire-Prevention and Protection Engineers,Y,0,"JACOBS ENGINEERING GROUP, INC.",CONSHOHOCKEN,PA,109000.0,Year,No,,109000.0,False
Certified,H-1B,Project Engineer II,17-2051.00,Civil Engineers,Y,0,"WESSLER ENGINEERING, INC.",Indianapolis,IN,89189.0,Year,No,,89189.0,False
Certified - Withdrawn,H-1B,Associate Environmental Consultant,19-2041.00,"Environmental Scientists and Specialists, Including Health",Y,1,"TRINITY CONSULTANTS, INC.",Baton Rouge,LA,70000.0,Year,No,,70000.0,False
Certified,H-1B,Civil Engineer-EIT,17-2051.00,Civil Engineers,Y,0,STANTEC CONSULTING SERVICES INC.,Austin,TX,77875.2,Year,No,,77875.2,False
Certified,H-1B,RF Engineer II,17-2071.00,Electrical Engineer,Y,0,"NEXTGEN GLOBAL RESOURCES, LLC",Folsom,CA,118560.0,Year,No,,118560.0,True
Certified,H-1B,Design Engineer II,17-2141.00,Mechanical Engineers,Y,0,"AIRPORT DESIGN CONSULTANTS, INC.",Philadelphia,PA,82160.0,Year,No,,82160.0,False
Certified,H-1B,Water Engineer 2,17-2081.00,Environmental Engineers,Y,0,"ARCADIS U.S., INC.",Little Rock,AR,74360.0,Year,No,,74360.0,False
Certified,H-1B,PROJECT ENGINEER II,17-2051.00,Civil Engineers,Y,0,"W.A. RASIC CONSTRUCTION COMPANY, INC.",LONG BEACH,CA,94993.6,Year,No,,94993.6,True
Certified,H-1B,Electrical Engineer I,17-2071.00,Electrical Engineers,Y,0,RCM TECHNOLOGIES (USA) INC,Montvale,NJ,110000.0,Year,No,,110000.0,False
Certified,H-1B,Field Engineer 2,17-2051.00,Civil Engineers,Y,0,KIEWIT INFRASTRUCTURE WEST CO.,Fairfield,CA,100526.0,Year,No,,100526.0,True
Certified,H-1B,Air Quality Engineer II,17-2081.00,Environmental Engineers,Y,0,TRC ENVIRONMENTAL CORPORATION,Alachua,FL,76876.8,Year,No,,76876.8,False
Certified,H-1B,CPS Field Engineer II,17-2141.00,Mechanical Engineers,Y,0,"CUDD PUMPING SERVICES, INC.",Odessa,TX,108472.0,Year,No,,108472.0,False
Certified - Withdrawn,H-1B,Engineer I,17-2051.02,Water/Wastewater Engineers,Y,1,WRIGHT-PIERCE,Tampa,FL,73507.0,Year,No,,73507.0,False
Certified - Withdrawn,H-1B,Engineer II - Test Systems Service,17-2071.00,Electrical Engineers,Y,0,"ZF GAINESVILLE, LLC",Appleton,WI,105000.0,Year,No,,105000.0,False
Certified,H-1B,Data Center Infrastructure Engineer II,17-2051.00,Civil Engineers,Y,0,"AMAZON DATA SERVICES, INC",Herndon,VA,126700.0,Year,No,,126700.0,False
Certified,H-1B,Energy Solutions Engineer II,17-2199.03,"Energy Engineers, Except Wind and Solar",Y,1,ECOSAVE LLC,Philadelphia,PA,94146.0,Year,No,,94146.0,False
Certified,H-1B,Project Engineer II,17-2071.00,Electrical Engineers,Y,0,"CRB BUILDERS, LLC",Portage,MI,92700.0,Year,No,,92700.0,False
Certified,H-1B,Resident Engineer 2,17-2051.00,Civil Engineers,Y,0,"ARCADIS U.S., INC.",Bronx,NY,109345.6,Year,No,,109345.6,False
Certified,H-1B,Design Release Engineer II,17-2141.00,Mechanical Engineers,Y,0,"GOKEN AMERICA, LLC",Dublin,OH,45.02,Hour,No,,93641.6,False
Certified - Withdrawn,H-1B,Research Associate,17-2199.09,Nanosystems Engineers,Y,0,HARVARD UNIVERSITY,Cambridge,MA,97812.0,Year,No,,97812.0,False
Certified,H-1B,Data Center Infrastructure Engineer II,17-2051.00,Civil Engineers,Y,0,AMAZON.COM SERVICES LLC,Nashville,TN,140000.0,Year,No,,140000.0,False
Certified,H-1B,Tech Ops Engineer I,17-2051.00,Civil Engineers,Y,0,"AMAZON DATA SERVICES, INC.",South Bend,IN,135000.0,Year,No,,135000.0,False
Certified - Withdrawn,H-1B,Engineer II - NPD,17-2141.00,Mechanical Engineers,Y,0,CLIMACOOL CORPORATION,Oklahoma City,OK,78603.0,Year,No,,78603.0,False
Certified - Withdrawn,H-1B,Engineer II - Sustaining,17-2141.00,Mechanical Engineers,Y,1,"CLIMATEMASTER, INC.",Oklahoma City,OK,78603.0,Year,No,,78603.0,False
Certified - Withdrawn,H-1B,Engineer II- New Product Development,17-2141.00,Mechanical Engineers,Y,0,CLIMATE CONTROL GROUP INC,Oklahoma City,OK,78603.0,Year,No,,78603.0,False
Certified - Withdrawn,H-1B,"Research Associate, Mechanical Engineering",17-2144.00,"Mechanical Engineers, R&D",Y,0,UNIVERSITY OF COLORADO,Boulder,CO,85000.0,Year,No,,85000.0,False
Certified,H-1B,RF Engineer II,17-2071.00,Electrical Engineers,Y,0,"TELEWORLD SOLUTIONS, INC.",Wylie,TX,95826.0,Year,No,,95826.0,False
Certified,H-1B,Electrical Engineer II,17-2071.00,Electrical Engineers,Y,0,"ACCENTURE INFRASTRUCTURE AND CAPITAL PROJECTS, LLC",Tustin,CA,95000.0,Year,No,,95000.0,True
Certified,H-1B,Project Engineer I - Water/Wastewater,17-2051.02,Water/Wastewater Engineers,Y,0,"RUMMEL, KLEPPER & KAHL, LLP",Fairfax,VA,108347.0,Year,No,,108347.0,False
Certified,H-1B,Project Engineer II,17-2051.00,Civil Engineers,Y,0,"TIMELINE CONSTRUCTION, INC.",Saratoga,CA,55.35,Hour,No,,115128.0,True
Certified - Withdrawn,H-1B,TTI Assistant Research Scientist,17-2081.00,Environmental Engineers,Y,0,TEXAS A&M TRANSPORTATION INSTITUTE,Bryan,TX,85000.0,Year,No,,85000.0,False
Certified - Withdrawn,H-1B,Research Associate,17-2141.00,Mechanical Engineers,Y,0,UNIVERSITY OF WISCONSIN-MILWAUKEE,Milwaukee,WI,65582.0,Year,No,,65582.0,False
Certified,H-1B,Water Engineer 2,17-2051.02,Water/Wastewater Engineers,Y,0,"ARCADIS U.S., INC.",Sewickley,PA,82284.8,Year,No,,82284.8,False
Certified,H-1B,Water Engineer 2,17-2081.00,Environmental Engineers,Y,0,"ARCADIS U.S., INC.",Novi,MI,83678.4,Year,No,,83678.4,False
Certified,H-1B,Structure Engineer in Training,17-2051.00,Civil Engineers,Y,0,ENGINEERING OPERATIONS LLC,Littleton,CO,88483.0,Year,No,,88483.0,False
Certified,H-1B,Assistant Teaching Professor-Civil Engineering,25-1032.00,"Engineering Teachers, Postsecondary",Y,1,THE CURATORS OF THE UNIVERSITY OF MISSOURI/MISSOURI UNIVERSITY OF SCIENCE AND TECHNOLOGY,Rolla,MO,83000.0,Year,No,,83000.0,False
Certified,H-1B,Associate,17-1011.00,"Architects, Except Landscape and Naval",Y,0,"BEYER BLINDER BELLE, ARCHITECTS AND PLANNERS, LLP",New York,NY,96000.0,Year,No,,96000.0,False
Certified,H-1B,Assistant Professor,17-2051.00,Civil Engineers,Y,1,OREGON STATE UNIVERSITY,Corvallis,OR,102648.0,Year,No,,102648.0,False
Certified,H-1B,Project Engineer II,17-2051.00,Civil Engineers,Y,0,"TIMELINE CONSTRUCTION, INC.",Saratoga,CA,115128.0,Year,No,,115128.0,True
Certified,H-1B,Project Engineer I,17-2051.00,Civil Engineers,Y,0,NGI INC.,Houston,TX,98598.65,Year,No,,98598.65,False
Certified,H-1B,Engineer II,17-2051.00,Civil Engineers,Y,0,PARSONS TRANSPORTATION GROUP INC.,Salem,OR,128523.0,Year,No,,128523.0,False
Certified,H-1B,Safety and Crashworthiness Performance Engineer II,17-2141.02,Automotive Engineers,Y,0,HYUNDAI AMERICA TECHNICAL CENTER INC.,Superior Township,MI,96366.0,Year,No,,96366.0,False
Certified,H-1B,Assistant Professor of Mechanical Engineering,25-1032.00,"Engineering Teachers, Postsecondary",Y,0,ALABAMA STATE UNIVERSITY,Montgomery,AL,82000.0,Year,No,,82000.0,False
Certified,H-1B,Junior Architect,17-1011.00,"Architects, Except Landscape and Naval",Y,0,"ATMOSPHERE DESIGN GROUP, LLC",Valhalla,NY,80000.0,Year,No,,80000.0,False
Certified,H-1B,Quality Control Engineer I,17-2051.00,Civil Engineers,Y,1,"ROCKY MOUNTAIN PRECAST, LLC",Yigo,GU,53622.0,Year,No,,53622.0,False
Certified,H-1B,Civil Engineer II,17-2051.00,Civil Engineers,Y,0,INFRASTRUCTURE ENGINEERING INC.,New York,NY,100131.0,Year,No,,100131.0,False
Certified,H-1B,Associate,17-2051.00,Civil Engineers,Y,0,DEGENKOLB ENGINEERS,Los Angeles,CA,150000.0,Year,No,,150000.0,True
Certified,H-1B,Electrical Engineer II,17-2071.00,Electrical Engineers,Y,0,"AFFILIATED ENGINEERS W, INC.",Pasadena,CA,110000.0,Year,No,,110000.0,True
Certified,H-1B,Data Center Infrastructure Engineer II,17-2051.00,Civil Engineers,Y,0,"AMAZON DATA SERVICES, INC",Seattle,WA,136000.0,Year,No,,136000.0,False
Certified,H-1B,Design Engineer 1,17-2141.00,Mechanical Engineers,Y,0,THE KNAPHEIDE MANUFACTURING COMPANY,Quincy,IL,90792.81,Year,No,,90792.81,False
Certified,H-1B,Associate Design Engineer,17-2051.00,Civil Engineers,Y,0,"GRIFFIN GLASS & METAL WERKS, INC.",Elmhurst,IL,74256.0,Year,No,,74256.0,False
Certified - Withdrawn,H-1B,RF Engineer II,17-2071.00,Electrical Engineers,Y,0,"GLOBAL TECHNOLOGY ASSOCIATES, LLC",Aubrey,TX,82722.0,Year,No,,82722.0,False
Certified,H-1B,Associate,17-2051.01,Transportation Engineers,Y,0,STANTEC CONSULTING SERVICES INC.,Portland,OR,149531.2,Year,No,,149531.2,False
Certified,H-1B,Life Cycle Associate,19-2041.00,"Environmental Scientists and Specialists, Including Health",Y,0,SCS CONSULTING SERVICES INC.,Scottsdale,AZ,69909.0,Year,No,,69909.0,False
Certified,H-1B,Design Engineer II,17-2141.00,Mechanical Engineers,Y,0,"NORTH AMERICAN LIGHTING, INC.",Farmington Hills,MI,104550.0,Year,No,,104550.0,False
Certified,H-1B,Environmental Engineer II,17-2051.02,Water/Wastewater Engineers,Y,0,GSI ENVIRONMENTAL INC.,Houston,TX,91494.0,Year,No,,91494.0,False
Certified,H-1B,Intern in Architecture,17-1011.00,"Architects, Except Landscape and Naval",Y,0,"TESSERE, INC.",Kansas City,MO,66747.0,Year,No,,66747.0,False
Certified,H-1B,ASSISTANT PROFESSOR - CIVIL ENGINEERING (GEOTECHNICAL),25-1032.00,"Engineering Teachers, Postsecondary",Y,0,SOUTH DAKOTA STATE UNIVERSITY,BROOKINGS,SD,102029.0,Year,No,,102029.0,False
Certified,H-1B,Assistant Research Professor,17-2141.00,Mechanical Engineers,Y,1,NORTH CAROLINA STATE UNIVERSITY,Raleigh,NC,82400.0,Year,No,,82400.0,False
Certified,H-1B,Associate Professor of Civil Engineering,25-1032.00,"Engineering Teachers, Postsecondary",Y,0,EMBRY-RIDDLE AERONAUTICAL UNIVERSITY,Daytona Beach,FL,109463.09,Year,No,,109463.09,False
Certified,H-1B,Mechanical Engineer II,17-2141.00,Mechanical Engineers,Y,0,BOURN & KOCH LLC,Rockford,IL,112224.32,Year,No,,112224.32,False
Certified - Withdrawn,H-1B,Research Associate,17-2199.08,Robotics Engineers,Y,1,VIRGINIA POLYTECHNIC INSTITUTE & STATE UNIVERSITY,Blacksburg,VA,80000.0,Year,No,,80000.0,False
Certified,H-1B,Dynamic FEA Engineer II,17-2141.00,Mechanical Engineers,Y,0,"SAFRAN SEATS USA, LLC",Gainesville,TX,103800.0,Year,No,,103800.0,False
Certified,H-1B,Engineer II,17-2141.00,Mechanical Engineers,Y,0,LEAR CORPORATION,Southfield,MI,100901.12,Year,No,,100901.12,False
Certified,H-1B,Research Associate,19-2041.00,"Environmental Scientists and Specialists, Including Health",Y,0,VIRGINIA POLYTECHNIC INSTITUTE & STATE UNIVERSITY,Blacksburg,VA,70040.0,Year,No,,70040.0,False
Certified,H-1B,"Associate, Renewal",17-2051.00,Civil Engineers,Y,0,"THORNTON TOMASETTI, INC.",Newark,NJ,125000.0,Year,No,,125000.0,False
Certified,H-1B,Civil Engineer I,17-2051,Civil Engineers,Y,0,"MICHAEL BAKER INTERNATIONAL, INC.",Chicago,IL,90875.0,Year,No,,90875.0,False
Certified,H-1B,Civil Engineer II,17-2051.00,Civil Engineers,Y,0,"MICHAEL BAKER INTERNATIONAL, INC.",Dallas,TX,89900.0,Year,No,,89900.0,False
Certified,H-1B,Engineer II,17-2141.00,Mechanical Engineers,Y,0,"AFFILIATED ENGINEERS NW, INC.",Seattle,WA,110000.0,Year,No,,110000.0,False
Certified,H-1B,Data Centre Infrastructure Engineer I,17-2051.00,Civil Engineers,Y,0,"AMAZON WEB SERVICES, INC.",Herndon,VA,126200.0,Year,No,,126200.0,False
Certified,H-1B,Civil Associate II,17-2051.00,Civil Engineers,Y,0,"MICHAEL BAKER INTERNATIONAL, INC.",Santa Ana,CA,100131.0,Year,No,,100131.0,True
Certified,H-1B,Structural Project Engineer I,17-2051.00,Civil Engineers,Y,0,"DIBBLE & ASSOCIATES CONSULTING ENGINEERS, INC.",Mesa,AZ,99050.0,Year,No,,99050.0,False
Certified,H-1B,AE Structural Engineer 2,17-2051.00,Civil Engineers,Y,0,J5 INFRASTRUCTURE PARTNERS LLC,Gaithersburg,MD,122299.84,Year,No,,122299.84,False
Certified,H-1B,Validation Engineer II,17-2141.02,Automotive Engineers,Y,0,HL MANDO AMERICA CORPORATION,Novi,MI,93642.0,Year,No,,93642.0,False
Certified,H-1B,Controls Engineer II,17-2071.00,Electrical Engineers,Y,0,BASTIAN SOLUTION LLC,Lilburn,GA,109825.0,Year,No,,109825.0,False
Certified,H-1B,"Engineer 2, Closures Mechanism, Plant Vehicle Engineering",17-2141.00,Mechanical Engineers,Y,0,"LUCID USA, INC.",Casa Grande,AZ,106974.0,Year,No,,106974.0,False
Certified,H-1B,HIGHWAY ENGINEERING PROFESSIONAL ASSOCIATE.,17-2051.00,Civil Engineers,Y,0,"JACOBS ENGINEERING GROUP, INC.",Austin,TX,99160.0,Year,No,,99160.0,False
Certified,H-1B,Power Systems Engineer II,17-2071.00,Electrical Engineers,Y,0,"OPEN SYSTEMS INTERNATIONAL, INC.",West New York,NJ,84490.0,Year,No,,84490.0,False
Certified,H-1B,Instrument Engineer II,17-2141.00,Mechanical Engineers,Y,0,COOK MYOSITE INCORPORATED,Pittsburgh,PA,95181.0,Year,No,,95181.0,False
Certified,H-1B,Data Center Infrastructure Engineer II,17-2051.00,Civil Engineers,Y,0,"AMAZON DATA SERVICES, INC",Santa Clara,CA,121400.0,Year,No,,121400.0,True
Certified,H-1B,Lifecycle Marketing Associate,13-1161.00,Market Research Analysts and Marketing Specialists,Y,1,"REMITLY, INC.",Seattle,WA,82000.0,Year,No,,82000.0,False
Certified,H-1B,Commissioning Engineer I,17-2071.00,Electrical Engineers,Y,0,"AFFILIATED ENGINEERS, INC.",Chicago,IL,105000.0,Year,No,,105000.0,False
Certified,H-1B,Associate RF Design Engineer,17-2071.00,Electrical Engineers,Y,0,ERVIN CABLE CONSTRUCTION LLC,Kansas City,MO,74194.0,Year,No,,74194.0,False
Certified,H-1B,SYSTEM DEVELOPMENT ENGINEER I,17-2071.00,Electrical Engineers,Y,0,AMAZON.COM SERVICES LLC,WESTBOROUGH,MA,130000.0,Year,No,,130000.0,False
Certified - Withdrawn,H-1B,Research Assistant Professor,19-2041.00,"Environmental Scientists and Specialists, Including Health",Y,1,UNIVERSITY OF FLORIDA,Gainesville,FL,98000.0,Year,No,,98000.0,False
Certified,H-1B,Systems Engineer II,17-2141.00,Mechanical Engineers,Y,0,PLUG POWER INC.,Slingerlands,NY,107156.05,Year,No,,107156.05,False
Certified,H-1B,Junior Mechanical Engineer,17-2141.00,Mechanical Engineers,Y,0,TWIN PEAKS INC,L.I.C.,NY,81500.0,Year,No,,81500.0,False
Certified,H-1B,Junior Mechanical Engineer,17-2141.00,Mechanical Engineers,Y,0,TWIN PEAKS INC,L.I.C.,NY,81500.0,Year,No,,81500.0,False
Certified,H-1B,Project Engineer II,17-2051.00,Civil Engineers,Y,0,S&ME INC.,Augusta,GA,121000.0,Year,No,,121000.0,False
Certified,H-1B,ASSISTANT PROFESSOR OF CIVIL AND ENVIRONMENTAL ENGINEERING,25-1032.00,"Engineering Teachers, Postsecondary",Y,0,KENNESAW STATE UNIVERSITY,Marietta,GA,106580.0,Year,No,,106580.0,False
Certified,H-1B,Engineer I,17-2051.00,Civil Engineers,Y,0,"BCC ENGINEERING, LLC",Atlanta,GA,78852.8,Year,No,,78852.8,False
Certified,H-1B,Assistant Professor,17-2071.00,Electrical Engineers,Y,1,W.M. RICE UNIVERSITY,Houston,TX,125000.0,Year,No,,125000.0,False
Certified,H-1B,Design Release Engineer II,17-2141.00,Mechanical Engineers,Y,0,"GOKEN AMERICA, LLC",Dublin,OH,45.02,Hour,No,,93641.6,False
Certified,H-1B,Structural Engineer 1,17-2051.00,Civil Engineers,Y,1,"GFT INFRASTRUCTURE, INC.",Wichita,KS,96304.0,Year,No,,96304.0,False
Certified,H-1B,Design Release Engineer II,17-2141.00,Mechanical Engineers,Y,0,"GOKEN AMERICA, LLC",Dublin,OH,48.86,Hour,No,,101628.8,False
Certified,H-1B,Research Associate,17-2051.01,Transportation Engineers,Y,1,VIRGINIA POLYTECHNIC INSTITUTE & STATE UNIVERSITY,Blacksburg,VA,90000.0,Year,No,,90000.0,False
Certified,H-1B,Associate,17-2051.00,Civil Engineers,Y,0,"EXPONENT, INC.",Oakland,CA,100000.0,Year,No,,100000.0,True
Certified,H-1B,Electrical Engineer II,17-2071.00,Electrical Engineers,Y,0,TRANE TECHNOLOGIES COMPANY LLC,Onalaska,WI,80475.0,Year,No,,80475.0,False
Certified,H-1B,Mechanical Engineer/Associate,17-2141.00,Mechanical Engineers,Y,0,MEYERS PLUS ENGINEERS,San Francisco,CA,113737.0,Hour,No,,236572960.0,True
Certified,H-1B,Assistant Professional Researcher,17-2051.01,Transportation Engineers,Y,1,"UNIVERSITY OF CALIFORNIA, DAVIS",Davis,CA,93400.0,Year,No,,93400.0,True
Certified - Withdrawn,H-1B,Mechanical Engineer II,17-2141.00,Mechanical Engineers,Y,0,BOURN & KOCH LLC,Rockford,IL,122224.0,Year,No,,122224.0,False
Certified,H-1B,Engineer II,17-2051.00,Civil Engineers,Y,0,"BCC ENGINEERING, LLC",Tampa,FL,128606.0,Year,No,,128606.0,False
Certified,H-1B,Associate Research Scientist,17-2051.00,Civil Engineers,Y,0,TEXAS A&M TRANSPORTATION INSTITUTE,San Antonio,TX,120765.84,Year,No,,120765.84,False
Certified,H-1B,Research Assistant,17-2199.05,Mechatronics Engineers,N,0,THE RESEARCH FOUNDATION AT SUNY BINGHAMTON,Vestal,NY,36.23,Hour,No,,75358.4,False
Certified,H-1B,Assistant Professor/Department of Mechanical Engineering,25-1032.00,"Engineering Teachers, Postsecondary",Y,1,UNIVERSITY OF SOUTH CAROLINA,Columbia,SC,110000.0,Year,No,,110000.0,False
Certified,H-1B,Intern Architect,17-1011.00,"Architects, Except Landscape and Naval",Y,0,"HOUSING STUDIO, P.A.",Charlotte,NC,75982.0,Year,No,,75982.0,False
Certified,H-1B,Engineering Assistant II,17-2051.00,Civil Engineers,Y,0,PIMA COUNTY GOVERNMENT,Tucson,AZ,65326.0,Year,No,,65326.0,False
Certified,H-1B,"Engineer II, EI&C",17-2071.00,Electrical Engineers,Y,0,"WACKER POLYSILICON NORTH AMERICA, LLC",Charleston,TN,95324.84,Year,No,,95324.84,False
Certified,H-1B,Assistant Professor of Mechanical Engineering,25-1032.00,"Engineering Teachers, Postsecondary",Y,0,EMBRY-RIDDLE AERONAUTICAL UNIVERSITY,Daytona Beach,FL,112945.32,Year,No,,112945.32,False
Certified,H-1B,Architectural Associate,17-1011.00,"Architects, Except Landscape and Naval",Y,0,"REFLECTION WINDOW COMPANY, LLC",Chicago,IL,72000.0,Year,No,,72000.0,False
Certified,H-1B,Project Engineer II,17-2051.00,Civil Engineers,Y,0,"MORRIS & RITCHIE ASSOCIATES, INC",Abingdon,MD,96400.0,Year,No,,96400.0,False
Certified,H-1B,Assistant Project Scientist,19-2041.00,"Environmental Scientists and Specialists, Including Health",Y,0,"UNIVERSITY OF CALIFORNIA, SANTA CRUZ",Santa Cruz,CA,87000.0,Year,No,,87000.0,True
Certified,H-1B,Assistant Professor of Civil Engineering,25-1032.00,"Engineering Teachers, Postsecondary",Y,0,THE UNIVERSITY OF TEXAS PERMIAN BASIN,Odessa,TX,83000.0,Year,No,,83000.0,False
Certified,H-1B,Data Centre Infrastructure Engineer I,17-2051.00,Civil Engineers,Y,0,"AMAZON WEB SERVICES, INC.",Herndon,VA,106240.0,Year,No,,106240.0,False
Certified - Withdrawn,H-1B,Electrical Engineer II,17-2071.00,Electrical Engineers,Y,0,SPACE EXPLORATION TECHNOLOGIES CORP.,Boston,MA,101774.0,Year,No,,101774.0,False
Certified,H-1B,Product Engineer II,17-2141.00,Mechanical Engineers,Y,1,MCLAREN PERFORMANCE TECHNOLOGIES,Livonia,MI,93642.0,Year,No,,93642.0,False
Certified,H-1B,"Associate Environmental Consultant, Acoustics",19-2041.00,"Environmental Scientists and Specialists, Including Health",Y,0,"TRINITY CONSULTANTS, INC.",Chicago,IL,92464.48,Year,No,,92464.48,False
Certified,H-1B,CONSTRUCTION PROJECT ENGINEER PROFESSIONAL ASSOCIATE,17-2051.00,Civil Engineers,Y,0,"JACOBS ENGINEERING GROUP, INC.",ELKTON,VA,110000.0,Year,No,,110000.0,False
Certified,H-1B,"ENGINEER II, EMBEDDED SYSTEMS DEV",17-2071.00,Electrical Engineers,Y,0,SHURE INCORPORATED,Niles,IL,98613.0,Year,No,,98613.0,False
Certified - Withdrawn,H-1B,Specialist 1,17-2071.00,Electrical Engineers,Y,1,"STANLEY CONSULTANTS, INC.",DeBary,FL,63000.0,Year,No,,63000.0,False
Certified,H-1B,Sustainability Specialist II,13-1199.05,Sustainability Specialists,Y,0,"AMAZON DATA SERVICES, INC",Seattle,WA,147000.0,Year,No,,147000.0,False
Certified,H-1B,Assistant Professor of Building Sciences,25-1031.00,"Architecture Teachers, Postsecondary",Y,0,APPALACHIAN STATE UNIVERSITY,Boone,NC,81476.0,Year,No,,81476.0,False
Certified,H-1B,Development Engineer II,17-2141.00,Mechanical Engineers,Y,0,PHOENIX CARS LLC DBA PHOENIX MOTORCARS,Greenville,SC,88130.0,Year,No,,88130.0,False
Certified,H-1B,Assistant Professor-Civil Engineering,25-1032.00,"Engineering Teachers, Postsecondary",Y,1,THE CURATORS OF THE UNIVERSITY OF MISSOURI/MISSOURI UNIVERSITY OF SCIENCE AND TECHNOLOGY,Rolla,MO,83000.0,Year,No,,83000.0,False
Certified,H-1B,Technical Specialist II,17-2051.00,Civil Engineers,Y,0,"MICHAEL BAKER INTERNATIONAL, INC.",Apex,NC,100000.0,Year,No,,100000.0,False
Certified,H-1B,Project Engineer II,17-2051.00,Civil Engineers,Y,0,SPIRE ENGINEERING SERVICES LLC,Houston,TX,121000.0,Year,No,,121000.0,False
Certified,H-1B,Data Center Infrastructure Engineer II,17-2051.00,Civil Engineers,Y,0,"AMAZON WEB SERVICES, INC.",Austin,TX,130400.0,Year,No,,130400.0,False
Certified,H-1B,Project Engineer II,17-2141.00,Mechanical Engineers,Y,0,RECARO AIRCRAFT SEATING AMERICAS LLC,Fort Worth,TX,93018.0,Year,No,,93018.0,False
Certified,H-1B,Engineer I - Project,17-2141.00,Mechanical Engineers,Y,0,WESTLAKE MANAGEMENT SERVICES INC.,Greensboro,GA,111234.53,Year,No,,111234.53,False
Certified,H-1B,Engineer II,17-2141.00,Mechanical Engineers,Y,0,IZIEL HEALTHCARE INC,Bloomington,IN,85500.0,Year,No,,85500.0,False
Certified - Withdrawn,H-1B,Development Engineer II,17-2141.00,Mechanical Engineers,Y,0,"NAUTILUS BIOTECHNOLOGY, INC.",San Carlos,CA,105685.0,Year,No,,105685.0,True
Certified,H-1B,Assistant Professor of Mechanical Engineering,25-1032.00,"Engineering Teachers, Postsecondary",Y,0,OKLAHOMA BAPTIST UNIVERSITY,Shawnee,OK,98739.12,Year,No,,98739.12,False
Certified,H-1B,Civil Engineer I,17-2051.00,Civil Engineers,Y,0,"MICHAEL BAKER INTERNATIONAL, INC.",Dallas,TX,85000.0,Year,No,,85000.0,False
Certified,H-1B,RESEARCH ENGINEER II,17-2141.00,Mechanical Engineers,Y,0,NATIONAL INSTITUTE OF AEROSPACE ASSOCIATES,Rego Park,NY,107494.4,Year,No,,107494.4,False
Certified,H-1B,RESEARCH SCIENTIST II,17-2071.00,Electrical Engineers,Y,1,AMAZON.COM SERVICES LLC,SUNNYVALE,CA,169600.0,Year,No,,169600.0,True
Certified - Withdrawn,H-1B,Civil Associate,17-2051.00,Civil Engineers,Y,0,"MICHAEL BAKER INTERNATIONAL, INC.",Lakewood,CO,73000.0,Year,No,,73000.0,False
Certified,H-1B,Assistant Research Professor,17-2071.00,Electrical Engineers,Y,0,NORTH CAROLINA STATE UNIVERSITY,Raleigh,NC,80000.0,Year,No,,80000.0,False
Certified,H-1B,Quality Control Engineer I,17-2051.00,Civil Engineers,Y,1,"ROCKY MOUNTAIN PRECAST, LLC",Yigo,GU,53622.0,Year,No,,53622.0,False
Certified,H-1B,Associate II - Mechanical Engineer,17-2141.00,Mechanical Engineers,Y,0,STRESS ENGINEERING SERVICES INC.,Mason,OH,151453.38,Year,No,,151453.38,False
Certified - Withdrawn,H-1B,Design Engineer II,17-2141.00,Mechanical Engineers,Y,0,"GOKEN AMERICA, LLC",Dublin,OH,33.79,Hour,No,,70283.2,False
Certified - Withdrawn,H-1B,Rail Engineer in Training (EIT),17-2051.00,Civil Engineers,Y,0,"HDR ENGINEERING, INC.",Jacksonville,FL,72009.6,Year,No,,72009.6,False
Certified - Withdrawn,H-1B,Design Engineer II,17-2141.00,Mechanical Engineers,Y,0,"GOKEN AMERICA, LLC",Dublin,OH,30.0,Hour,No,,62400.0,False
Certified - Withdrawn,H-1B,"Industrial Innovation Associate, Climate Program ",19-2041.03,Industrial Ecologists,Y,1,WORLD RESOURCES INSTITUTE,Washington,DC,92000.0,Year,No,,92000.0,False
Certified,H-1B,R&D Verification Engineer II,17-2141.00,Mechanical Engineers,Y,0,"ANSYS, INC.",Canonsburg,PA,88899.0,Year,No,,88899.0,False
Certified,H-1B,Project Engineer II,17-2051.00,Civil Engineers,Y,0,"STRATA, INC.",Boise,ID,94661.0,Year,No,,94661.0,False
Certified,H-1B,Research Associate,19-2041.00,"Environmental Scientists and Specialists, Including Health",Y,0,MICHIGAN STATE UNIVERSITY,East Lansing,MI,67824.0,Year,No,,67824.0,False
Certified,H-1B,Electrical Design Engineer II,17-2071.00,Electrical Engineers,Y,0,TOSHIBA INTERNATIONAL CORPORATION,Houston,TX,100000.0,Year,No,,100000.0,False
Certified,H-1B,Energy Specialist I - Engineer,17-2141.00,Mechanical Engineers,Y,0,WILLDAN LIGHTING AND ELECTRIC,Morrisville,NC,85862.0,Year,No,,85862.0,False
Certified,H-1B,Hardware Development Engineer II,17-2141,Mechanical Engineers,Y,0,AMAZON.COM SERVICES LLC,North Reading,MA,135000.0,Year,No,,135000.0,False
Certified,H-1B,Climate and External Affairs Associate,19-2041.01,Climate Change Policy Analysts,Y,0,THE NATURE CONSERVANCY,Des Moines,IA,54000.0,Year,No,,54000.0,False
Certified,H-1B,Project Engineer II,17-2141.00,Mechanical Engineers,Y,0,PEERLESS MANUFACTURING CO.,Addison,TX,102856.0,Year,No,,102856.0,False
Certified,H-1B,Virtual Engineer II,17-2141.00,Mechanical Engineers,Y,0,"RIVIAN AUTOMOTIVE, LLC",Plymouth,MI,123780.25,Year,No,,123780.25,False
Certified,H-1B,Architectural Design Professional Intern,17-1011.00,"Architects, Except Landscape and Naval",Y,0,"ARCHITECTS DESIGN GROUP / ADG, LLC",Winter Park,FL,63500.0,Year,No,,63500.0,False
Certified - Withdrawn,H-1B,"R&D Sustaining Engineer II, MDR",17-2141.00,Mechanical Engineers,Y,0,"ARROW INTERNATIONAL, INC.",Maple Grove,MN,97781.0,Year,No,,97781.0,False
Certified,H-1B,Design Engineer II,17-2199.00,"Engineers, All Other",Y,0,AUTOMOTIVE ROBOTICS INCORPORATED,EAST PEORIA,IL,73382.0,Year,No,,73382.0,False
Certified,H-1B,Assistant Structural Engineer,17-2051.00,Civil Engineers,Y,0,"FLORIDA ENGINEERING, LLC",Port Charlotte,FL,100000.0,Year,No,,100000.0,False
Certified,H-1B,Snr Electrical Engineer II,17-2071.00,Electrical Engineers,Y,0,ASM AMERICA INC.,Mt Laurel Township,NJ,116880.0,Year,No,,116880.0,False
Certified,H-1B,Architect Intern,17-1011.00,"Architects, Except Landscape and Naval",Y,0,"BLACKBURN ARCHITECTS, PC",Washington,DC,90000.0,Year,No,,90000.0,False
Certified,H-1B,Assistant/Associate Professor in Mechanical Engineering,25-1032.00,"Engineering Teachers, Postsecondary",Y,0,EAST TENNESSEE STATE UNIVERSITY (ETSU),Johnson City,TN,90000.0,Year,No,,90000.0,False
Certified,H-1B,Associate,17-2051.01,Transportation Engineers,Y,0,T.Y. LIN INTERNATIONAL,Chicago,IL,108000.0,Year,No,,108000.0,False
Certified,H-1B,Associate,17-2051.01,Transportation Engineers,Y,0,T.Y. LIN INTERNATIONAL,Chicago,IL,108000.0,Year,No,,108000.0,False
Certified,H-1B,Assistant Research Scientist,17-2141.00,Mechanical Engineers,Y,0,"UNIVERSITY OF MARYLAND, COLLEGE PARK",College Park,MD,115000.0,Year,No,,115000.0,False
Certified,H-1B,Assistant Resident Engineer,17-2051.00,Civil Engineers,Y,1,"VSCE, INC.",Oakland,CA,86528.0,Year,No,,86528.0,True
Certified,H-1B,Associate,17-2051.01,Transportation Engineers,Y,0,T.Y. LIN INTERNATIONAL,Chicago,IL,108000.0,Year,No,,108000.0,False
Certified,H-1B,Research Associate,17-2051.00,Civil Engineers,Y,1,NORTH CAROLINA STATE UNIVERSITY,Raleigh,NC,70000.0,Year,No,,70000.0,False
Certified,H-1B,Research Associate,17-2081.00,Environmental Engineers,Y,1,RESEARCH FOUNDATION OF CUNY,New York,NY,59301.0,Year,No,,59301.0,False
Certified - Withdrawn,H-1B,Electrical Engineer II,17-2071.00,Electrical Engineers,Y,0,MILWAUKEE ELECTRIC TOOL CORPORATION,Brookfield,WI,100000.0,Year,No,,100000.0,False
Certified - Withdrawn,H-1B,Test Engineer II,17-2141.02,Automotive Engineers,Y,0,HL MANDO AMERICA CORPORATION,Novi,MI,80250.04,Year,No,,80250.04,False
Certified - Withdrawn,H-1B,"Associate Consultant, Civil Engineer",17-2051.00,Civil Engineers,Y,1,WSP USA INC.,Roseville,CA,79000.0,Year,No,,79000.0,True
Certified,H-1B,Research Associate,19-2041.00,"Environmental Scientists and Specialists, Including Health",N,0,BOZ LIFE SCIENCE RESEARCH AND TEACHING INSTITUTE,San Diego,CA,27.41,Hour,No,,57012.8,True
Certified,H-1B,Electrical Engineer 2,17-2071.00,Electrical Engineers,Y,0,BLACK & VEATCH CORPORATION,Overland Park,KS,77938.0,Year,No,,77938.0,False
Certified,H-1B,Assistant Engineer,17-2051.00,Civil Engineers,Y,0,UNIVERSITY OF FLORIDA,Gainesville,FL,109491.0,Year,No,,109491.0,False
Certified,H-1B,Research Associate,19-2041.00,"Environmental Scientists and Specialists, Including Health",Y,0,HARVARD UNIVERSITY,Cambridge,MA,70300.0,Year,No,,70300.0,False
Certified,H-1B,Engineer II,17-2141.00,Mechanical Engineers,Y,0,"SAMSUNG AUSTIN SEMICONDUCTOR, LLC.",Austin,TX,90000.0,Year,No,,90000.0,False
Certified,H-1B,"Associate, Electrical Engineer",17-2071.00,Electrical Engineers,Y,0,AMA MANAGEMENT SERVICES LLC,New York,NY,119642.0,Year,No,,119642.0,False
Certified,H-1B,Junior Engineer,17-2081.00,Environmental Engineers,Y,1,RESEARCH FOUNDATION OF CUNY,New York,NY,68942.0,Year,No,,68942.0,False
Certified,H-1B,Design Engineer 1,17-2051.00,Civil Engineers,Y,0,"BENNETT & PLESS, INC",Nashville,TN,81640.26,Year,No,,81640.26,False
Certified,H-1B1 Chile,Structural Engineer II,17-2051.00,Civil Engineers,Y,1,"AECOM TECHNICAL SERVICES, INC.",Denver,CO,109000.0,Year,,,109000.0,False
Certified,H-1B,Design Engineer II,17-2051.00,Civil Engineers,Y,0,"GRENIER ENGINEERING, INC.",Tucson,AZ,93600.0,Year,No,,93600.0,False
Certified,H-1B,Mechanical Engineer II,17-2141.00,Mechanical Engineers,Y,0,PACIFIC BEARING COMPANY,Roscoe,IL,79608.36,Year,No,,79608.36,False
Certified,H-1B,Structural Engineer II,17-2051.00,Civil Engineers,Y,0,"RSE ASSOCIATES, INC.",Watertown,MA,126922.0,Year,No,,126922.0,False
Certified,H-1B,Mechanical Design Engineer II,17-2141.00,Mechanical Engineers,Y,0,"SENSATA TECHNOLOGIES, INC.",Attleboro,MA,107580.24,Year,No,,107580.24,False
Certified,H-1B,Mechanical Engineer II,17-2141.00,Mechanical Engineers,Y,0,PACIFIC BEARING COMPANY,Roscoe,IL,79568.32,Year,No,,79568.32,False
Certified,H-1B,Hardware Development Engineer II,17-2141.00,Mechanical Engineers,Y,0,AMAZON.COM SERVICES LLC,Sunnyvale,CA,172000.0,Year,No,,172000.0,True
Certified,H-1B,Project Engineer I,17-2051.00,Civil Engineers,Y,1,"BAY CITIES EXCAVATORS, INC.",Concord,CA,86528.0,Year,No,,86528.0,True
Certified,H-1B,Snr Electrical Engineer II,17-2071.00,Electrical Engineers,Y,0,ASM AMERICA INC.,Mt Laurel Township,NJ,136968.0,Year,No,,136968.0,False
Certified,H-1B,Associate Protective Design Engineer,17-2051.00,Civil Engineers,Y,0,"INTEGRAL RESEARCH SOLUTIONS GROUP, INC.",San Francisco,CA,106163.0,Year,No,,106163.0,True
Certified,H-1B,Jr. Architect,17-1011.00,"Architects, Except Landscape and Naval",Y,0,"SEAY, SEAY & LITCHFIELD, P.C.",Dothan,AL,32.0,Hour,No,,66560.0,False
Certified,H-1B,Project Engineer I,17-2051.00,Civil Engineers,Y,1,"BAY CITIES EXCAVATORS, INC.",Pleasanton,CA,86528.0,Year,No,,86528.0,True
Certified - Withdrawn,H-1B,Research Associate (Environmental Science),19-2041.00,"Environmental Scientists and Specialists, Including Health",Y,0,UNIVERSITY OF COLORADO,Boulder,CO,77459.04,Year,No,,77459.04,False
Certified,H-1B,Mechanical Engineer II,17-2141.00,Mechanical Engineers,Y,0,JPC LOGISTICS LLC,Hillsborough,NJ,94286.0,Year,No,,94286.0,False
Certified,H-1B,Assistant Professor of Environment & Sustainability,25-1053.00,"Environmental Science Teachers, Postsecondary",Y,1,THE COLLEGE OF WILLIAM AND MARY,Williamsburg,VA,95000.0,Year,No,,95000.0,False
Certified,H-1B,Systems Studies Engineer I,17-2071.00,Electrical Engineers,Y,0,"MITSUBISHI ELECTRIC POWER PRODUCTS, INC.",Fort Worth,TX,89668.0,Year,No,,89668.0,False
Certified,H-1B,Assistant Professor of Environment & Sustainability,25-1065.00,"Political Science Teachers, Postsecondary",Y,1,THE COLLEGE OF WILLIAM AND MARY,Williamsburg,VA,95000.0,Year,No,,95000.0,False
Certified,H-1B,Structural Engineer 2,17-2051.00,Civil Engineers,Y,0,TRANSYSTEMS CORPORATION,Kansas City,MO,102544.0,Year,No,,102544.0,False
Certified,H-1B,Data Center Infrastructure Engineer II,17-2051.00,Civil Engineers,Y,0,"AMAZON DATA SERVICES, INC",Seattle,WA,144200.0,Year,No,,144200.0,False
Certified,H-1B,Mechanical Engineer 2,17-2141.00,Mechanical Engineers,Y,0,ITW FOOD EQUIPMENT GROUP LLC,Fort Worth,TX,90000.0,Year,No,,90000.0,False
Certified - Withdrawn,H-1B,Associate,17-1011.00,"Architects, Except Landscape and Naval",Y,1,"PETER PENNOYER ARCHITECTS, D.P.C.",New York,NY,75000.0,Year,No,,75000.0,False
Certified,H-1B,Engineer in Training,17-2051.00,Civil Engineers,Y,1,"MV ENGINEERING, INC",Houston,TX,64355.0,Year,No,,64355.0,False
Certified,H-1B,Architect (Intern),17-1011.00,"Architects, Except Landscape and Naval",Y,0,"GERALD MCDONNELL & ASSOCIATES, P.C.",Portland,OR,77834.0,Year,No,,77834.0,False
Certified,H-1B,Data Center Infrastructure Engineer II,17-2051.00,Civil Engineers,Y,0,"AMAZON DATA SERVICES, INC",Austin,TX,130400.0,Year,No,,130400.0,False
Certified,H-1B,PRODUCIBILITY ENGINEER II,17-2071.00,Electrical Engineers,Y,0,"INTELLIGRATED SYSTEMS, INC.",Mason,OH,92846.0,Year,No,,92846.0,False
Certified,H-1B,Proc Automation Engineer II,17-2199.05,Mechatronics Engineers,Y,0,ARCHER DANIELS MIDLAND COMPANY,Decatur,IL,96000.0,Year,No,,96000.0,False
Certified,H-1B,Project Engineer I,17-2051.00,Civil Engineers,Y,1,"BAY CITIES EXCAVATORS, INC.",Pleasanton,CA,86528.0,Year,No,,86528.0,True
Certified,H-1B,Engineer I,17-2051.00,Civil Engineers,Y,0,"WOOLPERT, INC.",Houston,TX,88254.4,Year,No,,88254.4,False
Certified,H-1B,Transportation Engineering Associate,17-2051.01,Transportation Engineers,Y,1,GLOBAL TRANSPORTATION ENGINEERING INC.,Portland,OR,74529.94,Year,No,,74529.94,False
Certified,H-1B,System Admin/Engineer II,17-2141.00,Mechanical Engineers,Y,0,AMAZON.COM SERVICES LLC,Seattle,WA,114960.0,Year,No,,114960.0,False
Certified - Withdrawn,H-1B,Associate Research Scientist,17-2199.08,Robotics Engineers,Y,1,NORTHEASTERN UNIVERSITY,Boston,MA,89835.0,Year,No,,89835.0,False
Certified,H-1B,Mechanical Engineer II,17-2141.00,Mechanical Engineers,Y,1,SANCTITYINTERNATIONAL LLC,Mesa,AZ,87100.0,Year,No,,87100.0,False
Certified,H-1B,Project Engineer/Jr. Estimator,17-2051.00,Civil Engineers,Y,1,"IRWIN CONSTRUCTION COMPANY, LLC",Phoenix,AZ,70000.0,Year,No,,70000.0,False
Certified,H-1B,Robotics Operations Engineer II,17-2199.08,Robotics Engineers,Y,0,"THIRD WAVE AUTOMATION, INC.",Union City,CA,135000.0,Year,No,,135000.0,True
Certified,H-1B,Assistant Professor of Mechanical Engineering,25-1032.00,"Engineering Teachers, Postsecondary",Y,1,THE UNIVERSITY OF TENNESSEE,Martin,TN,85000.0,Year,No,,85000.0,False
Certified,H-1B,Completions Technical Specialist I,17-2141.00,Mechanical Engineers,Y,1,GULFSTREAM AEROSPACE CORPORATION,Savannah,GA,123320.0,Year,No,,123320.0,False
Certified,H-1B,Engineer I,17-2051.00,Civil Engineers,Y,0,"JONES & HENRY ENGINEERS, LTD.",Toledo,OH,62296.0,Year,No,,62296.0,False
Certified,H-1B,IT Analyst II,17-2081.00,Environmental Engineers,Y,0,"NCP SOLUTIONS, LLC",Birmingham,AL,83580.37,Year,No,,83580.37,False
Certified,H-1B,Assistant Engineer,17-2051.00,Civil Engineers,Y,1,CARROLL ENGINEERING INC.,San Jose,CA,42.41,Hour,No,,88212.79999999999,True
Certified,H-1B,Associate Project Consultant,17-2051.00,Civil Engineers,Y,0,SIMPSON GUMPERTZ & HEGER INC.,Oakland,CA,87113.0,Year,No,,87113.0,True
Certified,H-1B,Project Associate,17-1011.00,"Architects, Except Landscape and Naval",Y,0,"KTGY GROUP, INC.",Oakland,CA,85696.0,Year,No,,85696.0,True
Certified,H-1B,R&D Associate - Life Cycle Assessment,17-2144.00,"Mechanical Engineers, R&D",Y,0,"UT-BATTELLE, LLC (OAK RIDGE NATIONAL LABORATORY)",Oak Ridge,TN,111120.0,Year,No,,111120.0,False
Certified,H-1B,Mechanical Engineer II,17-2141.00,Mechanical Engineers,Y,0,"OMRON ROBOTICS AND SAFETY TECHNOLOGIES, INC.",Pleasanton,CA,142854.0,Year,No,,142854.0,True
Certified,H-1B,ASSISTANT PROFESSOR OF MECHANICAL ENGINEERING,25-1032.00,"Engineering Teachers, Postsecondary",Y,1,KENNESAW STATE UNIVERSITY,Marietta,GA,95000.0,Year,No,,95000.0,False
Certified,H-1B,"Engineer II, Service",17-2071.00,Electrical Engineers,Y,1,"SYSMEX AMERICA, INC.",Doral,FL,70138.0,Year,No,,70138.0,False
Certified,H-1B,Associate Architect,17-1011.00,"Architects, Except Landscape and Naval",N,1,"WILSON ENGINEERING & CONSTRUCTION SERVICES, PLLC",Sugar Land,TX,28.01,Hour,No,,58260.8,False
Certified,H-1B,Assistant Resident Engineer,17-2051.00,Civil Engineers,Y,0,"CONSOR PMCM, INC.",San Francisco,CA,160000.0,Year,No,,160000.0,True
Certified,H-1B,Data Center Infrastructure Engineer II,17-2051.00,Civil Engineers,Y,0,"AMAZON DATA SERVICES, INC",Umatilla,OR,140000.0,Year,No,,140000.0,False
Certified,H-1B,Junior Architectural Associate,17-1011.00,"Architects, Except Landscape and Naval",Y,1,HIGHT JACKSON ASSOCIATES,Rogers,AR,61838.0,Year,No,,61838.0,False
Certified,H-1B,Civil Constructability Engineer in Training (EIT),17-2051.00,Civil Engineers,Y,0,"HDR ENGINEERING, INC.",Denver,CO,85009.6,Year,No,,85009.6,False
Certified,H-1B,Snr Mechanical Engineer II,17-2141.00,Mechanical Engineers,Y,0,ASM AMERICA INC.,PHOENIX,AZ,115898.0,Year,No,,115898.0,False
Certified,H-1B,Architect & Facilities Design Associate,17-1011.00,"Architects, Except Landscape and Naval",Y,1,"O&H DANISH BAKERY, INC.",Mount Pleasant,WI,29.0,Hour,No,,60320.0,False
Certified,H-1B,Junior Mechanical Engineer,17-2141.00,Mechanical Engineers,Y,0,"ELITE QUARTZ MANUFACTURING, LLC",Latta,SC,60000.0,Year,No,,60000.0,False
Certified,H-1B,Associate Engineer II,17-2141.00,Mechanical Engineers,Y,0,"PENNONI ASSOCIATES, INC.",New York,NY,75000.0,Year,No,,75000.0,False
Certified,H-1B,Junior Geo-Technical Engineer,17-2051.00,Civil Engineers,Y,1,"PINI GROUP USA, INC.",Washington,DC,85000.0,Year,No,,85000.0,False
Certified,H-1B,Civil Engineer In Training (Structural),17-2051.00,Civil Engineers,Y,1,VECTOR STRUCTURAL ENGINEERING OF SOUTHERN CALIFORNIA LLP,Laguna Hills,CA,72000.0,Year,No,,72000.0,True
Certified,H-1B,Structural Engineer 1,17-2051.02,Water/Wastewater Engineers,Y,1,BLACK & VEATCH CORPORATION,Phoenix,AZ,69597.0,Year,No,,69597.0,False
Certified,H-1B,Civil Engineer 2,17-2051.01,Transportation Engineers,Y,1,TRANSYSTEMS CORPORATION,Boston,MA,112028.8,Year,No,,112028.8,False
Certified,H-1B,Junior Designer,17-1011.00,"Architects, Except Landscape and Naval",Y,1,3XN USA LLC,Brooklyn,NY,68016.0,Year,No,,68016.0,False
Certified,H-1B,Junior Geo-Technical Engineer,17-2051.00,Civil Engineers,Y,1,"PINI GROUP USA, INC.",Washington,DC,85000.0,Year,No,,85000.0,False
Certified,H-1B,Associate / Architecture,17-1011.00,"Architects, Except Landscape and Naval",Y,0,"RATIO STATES, LLC",Denver,CO,85000.0,Year,No,,85000.0,False
Certified,H-1B,Graduate Civil Engineer,17-2051.00,Civil Engineers,Y,1,CITY OF PHILADELPHIA,Philadelphia,PA,66494.0,Year,No,,66494.0,False
Certified,H-1B,Structural Engineer 1,17-2051.00,Civil Engineers,Y,1,TRANSYSTEMS CORPORATION,Wichita,KS,96304.0,Year,No,,96304.0,False
Certified,H-1B,Energy Engineer II,17-2199.03,"Energy Engineers, Except Wind and Solar",Y,0,"SCHNEIDER ELECTRIC BUILDINGS AMERICAS, INC.",Lenexa,KS,89735.0,Year,No,,89735.0,False
Certified,H-1B,Engineer II - Controls,17-2071.00,Electrical Engineers,Y,0,"ZF TRANSMISSIONS GRAY COURT, LLC",Gray Court,SC,98000.0,Year,No,,98000.0,False
Certified,H-1B,Associate RF Design Engineer,17-2071.00,Electrical Engineers,Y,0,"LECTROSONICS, INC.",Rio Rancho,NM,93850.0,Year,No,,93850.0,False
Certified,H-1B,Jr. Construction Engineer,17-2051.00,Civil Engineers,Y,1,"GREENMAN-PEDERSEN, INC.",Shelton,CT,36.07,Hour,No,,75025.6,False
Certified,H-1B,Engineering Operations Trainee,17-2071.00,Electrical Engineers,Y,1,"BUNGE NORTH AMERICA, INC.",Destrehan,LA,79849.0,Year,No,,79849.0,False
Certified,H-1B,Engineer - Scientist II,19-2041.00,"Environmental Scientists and Specialists, Including Health",Y,1,UNIVERSITY OF SOUTH FLORIDA,St. Petersburg,FL,80000.0,Year,No,,80000.0,False
Certified,H-1B,Forensic Engineer I,17-2051.00,Civil Engineers,Y,0,"DONAN SOLUTIONS, LLC",Louisville,KY,114421.0,Year,No,,114421.0,False
Certified,H-1B,Mechanical Engineer II,17-2141.00,Mechanical Engineers,Y,0,ASM AMERICA INC.,Phoenix,AZ,115898.0,Year,No,,115898.0,False
Certified,H-1B,Junior Engineer,17-2141.00,Mechanical Engineers,Y,1,STRESS ENGINEERING SERVICES INC.,Mason,OH,86062.6,Year,No,,86062.6,False
Certified - Withdrawn,H-1B,Project Engineer II,17-2051.00,Civil Engineers,Y,1,FLATIRON CONSTRUCTION CORP.,Renton,WA,123000.0,Year,No,,123000.0,False
Certified,H-1B,Data Center Infrastructure Engineer II,17-2051.00,Civil Engineers,Y,0,"AMAZON DATA SERVICES, INC",Herndon,VA,126700.0,Year,No,,126700.0,False
Certified,H-1B,Associate Applications Engineer,17-2141.00,Mechanical Engineers,Y,1,ROLLS-ROYCE SOLUTIONS AMERICA INC.,Mankato,MN,74160.0,Year,No,,74160.0,False
Certified,H-1B,CAE Analyst II,17-2141.00,Mechanical Engineers,N,0,"ROUSH MANAGEMENT, LLC",Livonia,MI,42.11,Hour,No,,87588.8,False
Certified,H-1B,Aerodynamics Engineer II,17-2141.00,Mechanical Engineers,Y,1,AGUSTAWESTLAND PHILADELPHIA CORPORATION,Philadelphia,PA,95077.0,Year,No,,95077.0,False
Certified,H-1B,Engineer 1,17-2071.00,Electrical Engineers,Y,1,PACIFICORP,Salt Lake City,UT,93436.08,Year,No,,93436.08,False
Certified,H-1B,"Associate, Environmental Engineering",17-2081.00,Environmental Engineers,Y,0,BROWN AND CALDWELL,Troy,MI,98000.0,Year,No,,98000.0,False
Certified,H-1B,Research Assistant Professor,17-2051.00,Civil Engineers,Y,1,THE UNIVERSITY OF TENNESSEE,Knoxville,TN,99999.96,Year,No,,99999.96,False
Certified,H-1B,Systems Design and Architecture Engineer II,17-2141.02,Automotive Engineers,Y,0,"ORANGEPEOPLE, LLC",Plano,TX,103792.0,Year,No,,103792.0,False
Certified,H-1B,Cost Engineer II,17-2051.00,Civil Engineers,Y,0,FLATIRON CONSTRUCTION CORP.,Norfolk,VA,106445.0,Year,No,,106445.0,False
Certified,H-1B,PRODUCT ENGINEER II,17-2141.00,Mechanical Engineers,Y,0,YORK INTERNATIONAL CORPORATION,New Freedom,PA,78021.0,Year,No,,78021.0,False
Certified,H-1B,Electrical Engineer I,17-2071.00,Electrical Engineers,Y,1,QIKCONNEX LLC,Skillman,NJ,88000.0,Year,No,,88000.0,False
Certified,H-1B,Structural Engineer I,17-2051.00,Civil Engineers,Y,1,"AECOM TECHNICAL SERVICES, INC.",Baton Rouge,LA,81245.0,Year,No,,81245.0,False
Certified,H-1B,Intern Architect,17-1011.00,"Architects, Except Landscape and Naval",Y,1,"COGDELL & MENDRALA ARCHITECTS, PC",Savannah,GA,65707.0,Year,No,,65707.0,False
Certified,H-1B,Research Engineer II,17-2141.00,Mechanical Engineers,Y,1,GEORGIA INSTITUTE OF TECHNOLOGY,Atlanta,GA,93000.0,Year,No,,93000.0,False
Certified,H-1B,Data Centre Infrastructure Engineer I,17-2051.00,Civil Engineers,Y,0,"AMAZON DATA SERVICES, INC",San Francisco,CA,131700.0,Year,No,,131700.0,True
Certified,H-1B,Assistant Professor of Civil Engineering,25-1032.00,"Engineering Teachers, Postsecondary",Y,0,STATE UNIVERSITY OF NEW YORK - POLYTECHNIC INSTITUTE,Utica,NY,100000.0,Year,No,,100000.0,False
Certified,H-1B,Civil Engineer in Training,17-2051.00,Civil Engineers,Y,1,"CENTERLINE STRUCTURAL ENGINEERING, PLLC",Rexburg,ID,86000.0,Year,No,,86000.0,False
Certified,H-1B,Electrical Engineer 2,17-2071.00,Electrical Engineers,Y,1,"ARCADIS U.S., INC.",Wakefield,MA,105754.0,Year,No,,105754.0,False
Certified,H-1B,Electrical Engineer I,17-2071.00,Electrical Engineers,Y,1,QIKCONNEX LLC,Skillman,NJ,85000.0,Year,No,,85000.0,False
Certified,H-1B,Electrical Engineer 2,17-2071.00,Electrical Engineers,Y,1,"ARCADIS U.S., INC.",Atlanta,GA,92955.0,Year,No,,92955.0,False
Certified,H-1B,Operations Engineer II,17-2199.05,Mechatronics Engineers,Y,0,AMAZON.COM SERVICES LLC,Dallas,TX,99000.0,Year,No,,99000.0,False
Certified,H-1B,Quality Assurance Analyst I,17-2141.00,Mechanical Engineers,Y,1,"DOMINION VOTING SYSTEMS, INC.",Denver,CO,75629.0,Year,No,,75629.0,False
Certified,H-1B,Applied Research Engineer 2,17-2141.00,Mechanical Engineers,Y,1,THE OHIO STATE UNIVERSITY,Columbus,OH,73000.0,Year,No,,73000.0,False
Certified,H-1B,Intern Architect,17-1011.00,"Architects, Except Landscape and Naval",Y,0,RAFAEL VINOLY ARCHITECTS P.C.,New York,NY,94500.0,Year,No,,94500.0,False
Certified,H-1B,Manufacturing Associate,17-2141.00,Mechanical Engineers,Y,10,"TAILSTORM HEALTH, INC",Chandler,AZ,72696.0,Year,No,,72696.0,False
Certified,H-1B,Design Engineer II (Mechanical - Power Engineering),17-2141.00,Mechanical Engineers,Y,1,"GEORGIA GREEN POWER, INC.",Cumming,GA,32.0,Hour,No,,66560.0,False
Certified,H-1B,Design Engineer II (Electrical),17-2071.00,Electrical Engineers,Y,1,"GEORGIA GREEN POWER, INC.",Cumming,GA,45.0,Hour,No,,93600.0,False
Certified,H-1B,Jr. Electrical Commissioning Engineer I,17-2071.00,Electrical Engineers,Y,1,HOMCO RENAISSANCE INC.,Abilene,TX,90000.0,Year,No,,90000.0,False
Certified,H-1B,Transportation Engineer I,17-2051.01,Transportation Engineers,Y,1,T.Y. LIN INTERNATIONAL,Washington,DC,80000.0,Year,No,,80000.0,False
Certified,H-1B,Civil Engineer I,17-2051.00,Civil Engineers,Y,1,"BOWMAN CONSULTING GROUP, LTD.",Tucson,AZ,66000.0,Year,No,,66000.0,False
Certified,H-1B,Civil Engineer 2,17-2051.00,Civil Engineers,Y,1,"ARCADIS U.S., INC.",San Francisco,CA,100048.0,Year,No,,100048.0,True
Certified,H-1B,Junior Project Engineer,17-2071.00,Electrical Engineers,Y,1,"WELSPUN PIPES, INC.",Little Rock,AR,69347.0,Year,No,,69347.0,False
Certified,H-1B,Mechanical Engineer II,17-2141.00,Mechanical Engineers,Y,1,EXPERT GLOBAL SOLUTIONS INC.,Marietta,GA,75000.0,Year,No,,75000.0,False
Certified,H-1B,Mechanical Engineer II,17-2141.00,Mechanical Engineers,Y,1,EXPERT GLOBAL SOLUTIONS INC.,Marietta,GA,75000.0,Year,No,,75000.0,False
Certified,H-1B,Graduate Engineer,17-2051.00,Civil Engineers,Y,1,"IMS ENGINEERS, INC.",Jackson,MS,58261.0,Year,No,,58261.0,False
Certified,H-1B,Assistant Professor Civil and Environmental Engineering,25-1032.00,"Engineering Teachers, Postsecondary",Y,1,UNIVERSITY OF MAINE,Orono,ME,94999.0,Year,No,,94999.0,False
Certified,H-1B,Entry Level Professional Civil Engineer,17-2051.00,Civil Engineers,Y,1,JACOBS ENGINEERING GROUP INC.,Boston,MA,82720.08,Year,No,,82720.08,False
Certified,H-1B,Assistant Engineer I,17-2051.00,Civil Engineers,Y,1,"HAZEN AND SAWYER, D.P.C.",Concord,CA,86528.0,Year,No,,86528.0,True
Certified,H-1B,Junior Architect,17-1011.00,"Architects, Except Landscape and Naval",Y,1,"ONE GROUP DESIGN, LP",Irving,TX,65582.0,Year,No,,65582.0,False
Certified,H-1B,Architectural Intern,17-1011.00,"Architects, Except Landscape and Naval",Y,0,QUINN EVANS ARCHITECT INC.,Washington,DC,72363.0,Year,No,,72363.0,False
Certified,H-1B,Mechanical Engineer II,17-2141.00,Mechanical Engineers,Y,1,SANCTITYINTERNATIONAL LLC,Mesa,AZ,87100.0,Year,No,,87100.0,False
Certified,H-1B,Graduate Engineer,17-2051.00,Civil Engineers,Y,1,"AG&E ASSOCIATES, PLLC",Dallas,TX,82500.0,Year,No,,82500.0,False
Certified,H-1B,Civil Engineer 1,17-2051,Civil Engineer,Y,1,HABERER CARPENTRY INC,Littleton,CO,72030.0,Year,No,,72030.0,False
Certified,H-1B,Jr. Electrical Commissioning Engineer II,17-2071.00,Electrical Engineers,Y,1,HOMCO RENAISSANCE INC.,Abilene,TX,120000.0,Year,No,,120000.0,False
Certified,H-1B,Assistant Professor Civil & Environmental Engineering,25-1032.00,"Engineering Teachers, Postsecondary",Y,1,UNIVERSITY OF MAINE,Orono,ME,94999.0,Year,No,,94999.0,False
Certified,H-1B,Architectural Intern,17-1011.00,"Architects, Except Landscape and Naval",Y,1,"MUSE KIRWAN ARCHITECTS, PC",Bethesda,MD,72363.0,Year,No,,72363.0,False
Certified,H-1B,Project Engineer I,17-2051.00,Civil Engineers,Y,0,"HR GREEN, INC.",Houston,TX,105840.18,Year,No,,105840.18,False
Certified,H-1B,Electrical Engineer II,17-2071.00,Electrical Engineers,Y,0,TBC - THE BORING COMPANY,Las Vegas,NV,80000.0,Year,No,,80000.0,False
Certified,H-1B,Production Associate,17-2141.00,Mechanical Engineers,Y,1,CLOUDORAMA SOLUTIONS,Marysville,OH,70283.0,Year,No,,70283.0,False
Certified,H-1B,Associate,17-2051.00,Civil Engineers,Y,0,STANTEC CONSULTING SERVICES INC.,New York,NY,157268.8,Year,No,,157268.8,False
Certified,H-1B,Environmental Engineer 2,17-2081.00,Environmental Engineers,Y,1,"ARCADIS U.S., INC.",San Francisco,CA,80932.8,Year,No,,80932.8,True
Certified,H-1B,Transportation Engineer 1,17-2051.01,Transportation Engineers,Y,1,"ARCADIS U.S., INC.",Jacksonville,FL,75545.6,Year,No,,75545.6,False
Certified,H-1B,Intern Architect,17-1011.00,"Architects, Except Landscape and Naval",Y,1,JEFFREY EATON ARCHITECT INC.,Campbell,CA,76460.0,Year,No,,76460.0,True
Certified - Withdrawn,H-1B,"Assistant Consultant, Designer",17-1011.00,"Architects, Except Landscape and Naval",Y,1,WSP USA SOLUTIONS INC.,San Diego,CA,70699.0,Year,No,,70699.0,True
Certified - Withdrawn,H-1B,Environmental Engineer II,17-2051.02,Water/Wastewater Engineers,Y,1,GSI ENVIRONMENTAL INC.,Irvine,CA,79043.38,Year,No,,79043.38,True
Certified - Withdrawn,H-1B,Scientist 2,17-2071.00,Electrical Engineers,Y,0,"TRIAD NATIONAL SECURITY, LLC",Los Alamos,NM,140000.0,Year,No,,140000.0,False
Certified,H-1B,Engineer II,17-2051.00,Civil Engineers,Y,0,"BOWMAN ENGINEERING & CONSULTING, INC.",Dallas,TX,89856.0,Year,No,,89856.0,False
Certified,H-1B,Project Engineer I,17-2051.01,Transportation Engineers,Y,1,CRANSTON LLC,Augusta,GA,70075.0,Year,No,,70075.0,False
Certified,H-1B,Graduate Engineer,17-2051.00,Civil Engineers,Y,1,"AG&E ASSOCIATES, PLLC",Houston,TX,87500.0,Year,No,,87500.0,False
Certified,H-1B,Industrial Controls Engineer I,17-2112.00,Industrial Engineers,Y,1,TOYOTA MATERIAL HANDLING INC.,Columbus,IN,78125.0,Year,No,,78125.0,False
Certified,H-1B,Project Engineer I,17-2051.00,Civil Engineers,Y,1,CRANSTON LLC,Augusta,GA,70075.0,Year,No,,70075.0,False
Certified,H-1B,Technical Specialist II,17-2071.00,Electrical Engineers,Y,1,GULFSTREAM AEROSPACE CORPORATION,Savannah,GA,136697.0,Year,No,,136697.0,False
Certified,H-1B,Commissioning Engineer Level 1,17-2071.00,Electrical Engineers,Y,0,"MOTOR SERVICES HUGO STAMP, INC.",Fort Lauderdale,FL,58.33,Hour,No,,121326.4,False
Certified,H-1B,Engineering Associate Consultant,17-2051.00,Civil Engineers,Y,1,"SPIRE CONSULTING GROUP, LLC",Austin,TX,81827.0,Year,No,,81827.0,False
Certified,H-1B,Architectural Associate,17-1011.00,"Architects, Except Landscape and Naval",Y,1,INHABIT DESIGN PLLC,Seattle,WA,75000.0,Year,No,,75000.0,False
Certified,H-1B,Engineer II,17-2141.00,Mechanical Engineers,Y,1,PIKE ENGINEERING LLC,Maitland,FL,72000.0,Year,No,,72000.0,False
Certified,H-1B,Controls Engineer 2,17-2072.00,"Electronics Engineers, Except Computer",Y,0,GREAT LAKES CHEESE CO. INC.,Hiram,OH,98000.0,Year,No,,98000.0,False
Certified,H-1B,Entry-level I&C Engineer,17-2071.00,Electrical Engineers,Y,1,JACOBS ENGINEERING GROUP INC.,Indianapolis,IN,79500.0,Year,No,,79500.0,False
Certified,H-1B,Architectural Associate (Recent Graduate),17-1011.00,"Architects, Except Landscape and Naval",Y,1,"HELIX ARCHITECTURE & DESIGN, INC.",Kansas City,MO,60000.0,Year,No,,60000.0,False
Certified,H-1B,Engineer II,17-2141.00,Mechanical Engineers,Y,1,PIKE ENGINEERING LLC,Lutz,FL,74320.0,Year,No,,74320.0,False
Certified,H-1B,Maintenance Engineer II,17-2141.00,Mechanical Engineers,Y,1,BUILDING MATERIALS MANUFACTURING LLC,Dallas,TX,86466.0,Year,No,,86466.0,False
Certified,H-1B,Junior Test Automation Engineer,17-2071.00,Electrical Engineers,Y,1,ASTRODYNE CORPORATION,Hackettstown,NJ,80000.0,Year,No,,80000.0,False
Certified,H-1B,San Antonio Roadway EIT,17-2051.00,Civil Engineers,Y,1,JACOBS ENGINEERING GROUP INC.,San Antonio,TX,78000.0,Year,No,,78000.0,False
Certified,H-1B,Commissioning Engineer I,17-2141.00,Mechanical Engineers,Y,1,"AFFILIATED ENGINEERS, INC.",Columbus,OH,90000.0,Year,No,,90000.0,False
Certified,H-1B,Associate,17-2051.00,Civil Engineers,Y,0,"THORNTON TOMASETTI, INC.",Tampa,FL,112000.0,Year,No,,112000.0,False
Certified,H-1B,Junior Mechanical Engineer,17-2141.00,Mechanical Engineers,Y,1,"THOMPSON CONSULTANTS, INC.",Marion,MA,81120.0,Year,No,,81120.0,False
Certified,H-1B,"Associate Planning Engineer, Interconnection Projects",17-2071.00,Electrical Engineers,Y,1,NEW YORK INDEPENDENT SYSTEM OPERATOR,Rensselaer,NY,88000.08,Year,No,,88000.08,False
Certified,H-1B,JUNIOR ARCHITECTURAL DESIGNER/DRAFTSPERSON,17-1011.00,"Architects, Except Landscape and Naval",Y,1,CHERICO KING ARCHITECT PC,LIC,NY,32.0,Hour,No,,66560.0,False
Certified - Withdrawn,H-1B,Associate Architect,17-1011.00,"Architects, Except Landscape and Naval",Y,0,"BLDG PROJECTS, INC",Chicago,IL,65000.0,Year,No,,65000.0,False
Certified - Withdrawn,H-1B,Architectural Associate (Recent Graduate),17-1011.00,"Architects, Except Landscape and Naval",Y,1,"HELIX ARCHITECTURE & DESIGN, INC.",Kansas City,MO,53500.0,Year,No,,53500.0,False
Certified,H-1B,Associate Electrical Engineer,17-2071.00,Electrical Engineers,Y,1,BAYER HEALTHCARE LLC,Berkeley,CA,124842.0,Year,No,,124842.0,True
Certified,H-1B,Assistant Professor of Mechanical Engineering,25-1032.00,"Engineering Teachers, Postsecondary",Y,0,INDIANA INSTITUTE OF TECHNOLOGY,Fort Wayne,IN,85000.0,Year,No,,85000.0,False
Certified,H-1B,Server Engineer I,17-2141.00,Mechanical Engineers,Y,1,"JONES LANG LASALLE AMERICAS, INC.",Rocklin,CA,76814.0,Year,No,,76814.0,True
Certified,H-1B,ENGINEER INTERN,17-2051.00,Civil Engineers,Y,1,APEX ENGINEERS INC.,Jacksonville,FL,70000.0,Year,No,,70000.0,False
Certified,H-1B,Engineer I - CDP (Combustion & Digital Programs),17-2141.00,Mechanical Engineers,Y,1,"POWER SYSTEMS MFG., LLC",Jupiter,FL,84000.28,Year,No,,84000.28,False
Certified,H-1B,Electrical Engineer 2,17-2071.00,Electrical Engineers,Y,1,BLACK & VEATCH CORPORATION,Overland Park,KS,70221.0,Year,No,,70221.0,False
Certified,H-1B,Electrical Engineer 2,17-2071.00,Electrical Engineers,Y,1,BLACK & VEATCH CORPORATION,Los Angeles,CA,88566.0,Year,No,,88566.0,True
Certified,H-1B,Mechanical Engineer II,17-2141.00,Mechanical Engineers,Y,0,AMAZON.COM SERVICES LLC,North Reading,MA,145000.0,Year,No,,145000.0,False
Certified,H-1B,Associate Professor of Civil Engineering,25-1032.00,"Engineering Teachers, Postsecondary",Y,0,EMBRY-RIDDLE AERONAUTICAL UNIVERSITY,Daytona Beach,FL,109463.09,Year,No,,109463.09,False
Certified,H-1B,"Associate Professor, Mechanical Engineering",25-1032.00,"Engineering Teachers, Postsecondary",Y,0,MIDWESTERN STATE UNIVERSITY,Wichita Falls,TX,89737.0,Year,No,,89737.0,False
Certified,H-1B,System Controls Engineer 2,17-2199.05,Mechatronics Engineers,Y,1,NEXTEER AUTOMOTIVE CORPORATION,Saginaw,MI,118963.64,Year,No,,118963.64,False
Certified,H-1B,Assistant Professor of Civil Engineering,25-1032.00,"Engineering Teachers, Postsecondary",Y,1,WESTERN CAROLINA UNIVERSITY,Asheville,NC,99330.0,Year,No,,99330.0,False
Certified,H-1B,Electrical Engineer 2,17-2071.00,Electrical Engineers,Y,1,BLACK & VEATCH CORPORATION,Overland Park,KS,70221.0,Year,No,,70221.0,False
Certified,H-1B,ENGINEER II - STRUCTURAL,17-2051.00,Civil Engineers,Y,1,MOTT MACDONALD GROUP INC.,San Francisco,CA,90600.0,Year,No,,90600.0,True
Certified,H-1B,Technical Specialist I,17-2141.00,Mechanical Engineers,Y,1,GULFSTREAM AEROSPACE CORPORATION,Savannah,GA,123320.0,Year,No,,123320.0,False
Certified,H-1B,Electrical Engineer 2,17-2071.00,Electrical Engineers,Y,1,BLACK & VEATCH CORPORATION,Tualatin,OR,84198.0,Year,No,,84198.0,False
Certified,H-1B,Assistant Engineer,17-2051.00,Civil Engineers,Y,1,SCHAAF & WHEELER CONSULTING CIVIL ENGINEERS,Salinas,CA,43.0,Hour,No,,89440.0,True
Certified,H-1B,Traffic EIT,17-2051.01,Transportation Engineers,Y,1,JACOBS ENGINEERING GROUP INC.,Austin,TX,87086.8,Year,No,,87086.8,False
Certified,H-1B,Civil Engineer I,17-2051.00,Civil Engineers,Y,1,"APS CONSULTING, INC.",Chicago,IL,70824.0,Year,No,,70824.0,False
Certified,H-1B,Design Engineer Associate,17-2071.00,Electrical Engineers,Y,1,"M.C. DEAN, INC.",McLean,VA,89999.52,Year,No,,89999.52,False
Certified,H-1B,Electrical Engineer II,17-2071.00,Electrical Engineers,Y,0,WHOOP INC.,Boston,MA,130000.0,Year,No,,130000.0,False
Certified,H-1B,Non-Destructive Engineer II,17-2141.00,Mechanical Engineers,Y,1,ECHEM CONSULTANTS LLC,Kingston,NY,78624.0,Year,No,,78624.0,False
Certified,H-1B,Electrical Engineer I,17-2071.00,Electrical Engineers,Y,1,CRRC MA CORPORATION,Springfield,MA,89149.0,Year,No,,89149.0,False
Certified,H-1B,"Assistant Engineer, Equipment",17-2071.00,Electrical Engineers,Y,1,CANADIAN SOLAR U.S. MODULE MANUFACTURING CORPORATION,Mesquite,TX,62213.0,Year,No,,62213.0,False
Certified,H-1B,Electrical Engineer 2,17-2071.00,Electrical Engineers,Y,1,BLACK & VEATCH CORPORATION,Austin,TX,71282.0,Year,No,,71282.0,False
Certified,H-1B,Civil Engineer II,17-2051.00,Civil Engineers,Y,0,"MICHAEL BAKER INTERNATIONAL, INC.",Tampa,FL,85619.0,Year,No,,85619.0,False
Certified,H-1B,Associate Consultant,17-2051.00,Civil Engineers,Y,0,"RIMKUS CONSULTING GROUP, INC.",Willowbrook,IL,75000.0,Year,No,,75000.0,False
Certified,H-1B,Intern Architect,17-1011.00,"Architects, Except Landscape and Naval",Y,1,GRAND CONSTRUCTION & DEVELOPMENT GROUP CORP.,Corona,NY,68000.0,Year,No,,68000.0,False
Certified,H-1B,Project Engineer II,17-2141.00,Mechanical Engineers,Y,0,FREEPORT MINERALS CORPORATION,Safford,AZ,102000.0,Year,No,,102000.0,False
Certified,H-1B,Architectural Associate,17-1011.00,"Architects, Except Landscape and Naval",Y,1,QUE LLC,New York,NY,65686.0,Year,No,,65686.0,False
Certified,H-1B,Junior Energy Engineer,17-2199.03,"Energy Engineers, Except Wind and Solar",Y,1,"TIMBERWOLF HC, LLC",New York,NY,70000.0,Year,No,,70000.0,False
Certified,H-1B,Jr. Test Engineer,17-2071.00,Electrical Engineers,Y,1,AB ELECTRONICS LLC,Brookfield,CT,69596.0,Year,No,,69596.0,False
Certified,H-1B,Electrical Engineer 1,17-2071.00,Electrical Engineers,Y,1,BLACK & VEATCH CORPORATION,Austin,TX,71282.0,Year,No,,71282.0,False
Certified,H-1B,Field Engineer II,17-2051.00,Civil Engineers,Y,1,"SKANSKA USA CIVIL SOUTHEAST, INC.",Maitland,FL,91520.0,Year,No,,91520.0,False
Certified,H-1B,Graduate Engineer,17-2141.00,Mechanical Engineers,Y,1,APTUS ENGINEERING LLC,Austin,TX,70000.0,Year,No,,70000.0,False
Certified,H-1B,RF Engineer Level II,17-2071,Electrical Engineers,Y,1,"GLOBAL TECHNOLOGY ASSOCIATES, LLC",McKinney,TX,84000.0,Year,No,,84000.0,False
Certified,H-1B,Electrical Engineer 2,17-2071.00,Electrical Engineers,Y,1,BLACK & VEATCH CORPORATION,Overland Park,KS,70221.0,Year,No,,70221.0,False
Certified,H-1B,Graduate Bridge Designer,17-2051.00,Civil Engineers,Y,1,T.Y. LIN INTERNATIONAL,Rockaway,NJ,74589.0,Year,No,,74589.0,False
Certified,H-1B,Engineer I,17-2081.00,Environmental Engineers,Y,1,WRIGHT-PIERCE,Tampa,FL,73507.0,Year,No,,73507.0,False
Certified,H-1B,Design Engineer II,17-2141.00,Mechanical Engineers,Y,1,"GOKEN AMERICA, LLC",Dublin,OH,33.79,Hour,No,,70283.2,False
Certified - Withdrawn,H-1B,Sustainability Associate,13-1199.05,Sustainability Specialists,Y,1,PROTERRA INVESTMENT PARTNERS LP,Minneapolis,MN,74194.0,Year,No,,74194.0,False
Certified,H-1B,Electrical Engineer 1,17-2071.00,Electrical Engineers,Y,1,BLACK & VEATCH CORPORATION,Dallas,TX,62213.0,Year,No,,62213.0,False
Certified,H-1B,Junior Project Engineer,17-2199.00,"Engineers, All Other",Y,1,SMITH INDUSTRIES LLC,Midland,TX,63294.0,Year,No,,63294.0,False
Certified,H-1B,Electrical Engineer 2,17-2071.00,Electrical Engineers,Y,1,BLACK & VEATCH CORPORATION,Houston,TX,71490.0,Year,No,,71490.0,False
Certified,H-1B,Structural Engineer In Training,17-2051.00,Civil Engineers,Y,1,"360 ENGINEERING GROUP, PLLC",Dallas,TX,31.5,Hour,No,,65520.0,False
Certified,H-1B,Mechanical Engineer 2,17-2141.00,Mechanical Engineers,Y,0,CAPGEMINI AMERICA INC,Detroit,MI,111466.0,Year,No,,111466.0,False
Certified,H-1B,Jr. Product Development Engineer,17-2141.00,Mechanical Engineers,Y,1,"JUPITER RESEARCH, LLC",Scottsdale,AZ,72696.0,Year,No,,72696.0,False
Certified,H-1B,ENTRY LEVEL CIVIL ENGINEER,17-2051.00,Civil Engineers,Y,1,MT MAKALU CONSTRUCTION LLC,APPLETON,WI,65998.0,Year,No,,65998.0,False
Certified,H-1B,Junior Electrical Engineer”Power Systems,17-2071.00,Electrical Engineers,Y,1,MARTIN TECHNICAL INC,Bixby,OK,112000.0,Year,No,,112000.0,False
Certified,H-1B,Graduate Engineer,17-2051.00,Civil Engineers,Y,1,"AG&E ASSOCIATES, PLLC",Austin,TX,85000.0,Year,No,,85000.0,False
Certified,H-1B,Associate Protection and Control Engineer,17-2071.00,Electrical Engineers,Y,1,NEW YORK POWER AUTHORITY,White Plains,NY,110000.0,Year,No,,110000.0,False
Certified,H-1B,Entry Level Transportation EIT,17-2051.00,Civil Engineers,Y,1,JACOBS ENGINEERING GROUP INC.,Fort Lauderdale,FL,80651.96,Year,No,,80651.96,False
Certified,H-1B,Research Engineering Associate,17-2141.00,Mechanical Engineers,Y,1,A. O. SMITH CORPORATION,Lebanon,TN,80000.0,Year,No,,80000.0,False
Certified,H-1B,Architectural Associate,17-1011.00,"Architects, Except Landscape and Naval",Y,0,BROOK ARCHITECTURE INCORPORATED,Chicago,IL,34.85,Hour,No,,72488.0,False
Certified,H-1B,Graduate Engineer,17-2051.00,Civil Engineers,Y,1,"AG&E ASSOCIATES, PLLC",Dallas,TX,80000.0,Year,No,,80000.0,False
Certified,H-1B,Manufacturing Associate,17-2141.00,Mechanical Engineers,Y,1,"TAILSTORM HEALTH, INC",Chandler,AZ,72696.0,Year,No,,72696.0,False
Certified,H-1B,Junior Electrical Engineer,17-2071.00,Electrical Engineers,Y,1,"KORRUS, INC.",Cary,NC,83470.0,Year,No,,83470.0,False
Certified,H-1B,Product Design Engineer I,17-2141.00,Mechanical Engineers,Y,1,"SAMSON CONTROLS, INC.",Baytown,TX,86000.0,Year,No,,86000.0,False
Certified - Withdrawn,H-1B,Mechanical Engineer II,17-2141.00,Mechanical Engineers,Y,0,"BTU INTERNATIONAL, INC.",Westford,MA,117083.0,Year,No,,117083.0,False
Certified - Withdrawn,H-1B,Traffic Applications Engineer II,17-2051.00,Civil Engineers,Y,0,"ECONOLITE CONTROL PRODUCTS, INC.",Anaheim,CA,114012.08,Year,No,,114012.08,True
Certified,H-1B,Associate Applications Engineer,17-2141.00,Mechanical Engineers,Y,1,NTN BEARING CORPORATION OF AMERICA,Mount Prospect,IL,77250.0,Year,No,,77250.0,False
Certified,H-1B,Associate Energy Specialist,17-2199.03,"Energy Engineers, Except Wind and Solar",Y,1,CALIFORNIA ENERGY COMMISSION,Sacramento,CA,6107.0,Month,No,,73284.0,True
Certified,H-1B,Project Engineer (Entry Level Construction Professional),17-2051.00,Civil Engineers,Y,1,JACOBS ENGINEERING GROUP INC.,Atlanta,GA,75190.08,Year,No,,75190.08,False
Certified,H-1B,Civil Engineer II,17-2051.00,Civil Engineers,Y,0,"INFRATERRA, INC.",San Francisco,CA,106163.0,Year,No,,106163.0,True
Certified,H-1B,CTRLS SYSTEMS ENGINEER I,17-2199.05,Mechatronics Engineers,Y,0,"JOHNSON CONTROLS, INC.",Pennsauken,NJ,91894.0,Year,No,,91894.0,False
Certified,H-1B,Mechanical Engineer II,17-2141.00,Mechanical Engineers,Y,0,"STARKEY LABORATORIES, INC.",Eden Prairie,MN,99000.0,Year,No,,99000.0,False
Certified,H-1B,Data Center Infrastructure Engineer I,17-2051.00,Civil Engineers,Y,1,"AMAZON DATA SERVICES, INC",Herndon,VA,130500.0,Year,No,,130500.0,False
Certified,H-1B,Chemical Engineering Professional Entry Level/Environmental,17-2081.00,Environmental Engineers,Y,1,JACOBS ENGINEERING GROUP INC.,Bellevue,WA,95659.32,Year,No,,95659.32,False
Certified,H-1B,Data Centre Infrastructure Engineer I,17-2051.00,Civil Engineers,Y,0,"AMAZON WEB SERVICES, INC.",Herndon,VA,128000.0,Year,No,,128000.0,False
Certified,H-1B,Junior Project Engineer,17-2071.00,Electrical Engineers,Y,0,"EXERGY, LLC",Garden City,NY,113855.0,Year,No,,113855.0,False
Certified,H-1B,ENGINEER I,17-2141.00,Mechanical Engineers,Y,1,JC RESIDENTIAL AND LIGHT COMMERCIAL LLC,Wichita,KS,65707.0,Year,No,,65707.0,False
Certified,H-1B,ENGINEER II,17-2141.00,Mechanical Engineers,Y,1,JC RESIDENTIAL AND LIGHT COMMERCIAL LLC,Wichita,KS,65707.0,Year,No,,65707.0,False
Certified,H-1B,Electrical Engineer II,17-2071.00,Electrical Engineers,Y,1,"INTELLIGRATED SYSTEMS, LLC",Mason,OH,86791.0,Year,No,,86791.0,False
Certified,H-1B,Junior Scheduler,17-2051.00,Civil Engineers,Y,1,"PMA CONSULTANTS, LLC",Braintree,MA,79040.0,Year,No,,79040.0,False
Certified,H-1B,Mechanical Engineer II,17-2141.00,Mechanical Engineers,Y,1,"PHYSICAL ELECTRONICS, INC.",Chanhassen,MN,87381.0,Year,No,,87381.0,False
Certified,H-1B,Junior Civil Designer,17-2051.00,Civil Engineers,Y,1,VILLA CIVIL APC,Encinitas,CA,76960.0,Year,No,,76960.0,True
Certified,H-1B,Engineer 1,17-2051.01,Transportation Engineers,Y,1,ATLAS TECHNICAL CONSULTANTS LLC,Chicago,IL,70855.0,Year,No,,70855.0,False
Certified,H-1B,HiL Test Engineer - Junior,17-2141.02,Automotive Engineers,Y,1,"AKKODIS, INC.",Allen Park,MI,34.84,Hour,No,,72467.20000000001,False
Certified,H-1B,Entry Level Transportation Engineer,17-2051.01,Transportation Engineers,Y,1,JACOBS ENGINEERING GROUP INC.,Jacksonville,FL,72000.0,Year,No,,72000.0,False
Certified,H-1B,Data Center Infrastructure Engineer I,17-2051.00,Civil Engineers,Y,1,"AMAZON DATA SERVICES, INC",Herndon,VA,130000.0,Year,No,,130000.0,False
Certified,H-1B,Design Architecture Professional Entry Level,17-1011.00,"Architects, Except Landscape and Naval",Y,1,JACOBS ENGINEERING GROUP INC.,Conshohocken,PA,70000.0,Year,No,,70000.0,False
Certified,H-1B,ENGINEER I,17-2071.00,Electrical Engineers,Y,1,JC RESIDENTIAL AND LIGHT COMMERCIAL LLC,Norman,OK,73611.0,Year,No,,73611.0,False
Certified,H-1B,Assistant Engineer II,17-2051.00,Civil Engineers,Y,1,"HAZEN AND SAWYER, D.P.C.",Dallas,TX,81702.0,Year,No,,81702.0,False
Certified,H-1B,Junior Civil Engineer,17-2051.00,Civil Engineers,N,1,LS GALLEGOS & ASSOCIATES INC.,Colorado Springs,CO,97000.0,Year,No,,97000.0,False
Certified - Withdrawn,H-1B,Radio Frequency Engineer II (RF Engineer II),17-2071,Electrical Engineers,Y,1,"GLOBAL TECHNOLOGY ASSOCIATES, LLC",Reston,VA,105000.0,Year,No,,105000.0,False
Certified,H-1B,Opto-Mechanical Engineer II,17-2141.00,Mechanical Engineers,Y,1,BASIC SOLUTIONS CORP.,Sunnyvale,CA,68.0,Hour,No,,141440.0,True
Certified,H-1B,Associate Technical Architect,17-2141.00,Mechanical Engineers,Y,0,"KPIT TECHNOLOGIES, INC.",Columbus,IN,120000.0,Year,No,,120000.0,False
Certified,H-1B,Architectural Associate,17-1011.00,"Architects, Except Landscape and Naval",Y,1,FOUGERON ARCHITECTURE,Oakland,CA,85696.0,Year,No,,85696.0,True
Certified,H-1B,I and C Engineering Professional Associate,17-2071.00,Electrical Engineers,Y,1,JACOBS ENGINEERING GROUP INC.,Indianapolis,IN,107807.76,Year,No,,107807.76,False
Certified,H-1B,"Structural Engineering Professional, Entry Level",17-2051.00,Civil Engineers,Y,1,JACOBS ENGINEERING GROUP INC.,Dallas,TX,80620.0,Year,No,,80620.0,False
Certified,H-1B,Graduate Project Engineer,17-2071.00,Electrical Engineers,Y,1,"ONESTEP POWER SOLUTIONS, INC.",Katy,TX,35.0,Hour,No,,72800.0,False
Certified,H-1B,Engineering Associate,17-2141.00,Mechanical Engineers,Y,1,"LB INDUSTRIAL SYSTEMS, L.L.C.",San Antonio,TX,70000.0,Year,No,,70000.0,False
Certified,H-1B,Architectural Associate,17-1011.00,"Architects, Except Landscape and Naval",Y,1,"JULIAN WEBER ARCHITECTURE AND DESIGN, LLC",Seattle,WA,74000.0,Year,No,,74000.0,False
Certified,H-1B,Quality Engineer 2,17-2051.00,Civil Engineers,Y,0,"TRAYLOR BROS., INC.",San Jose,CA,129667.0,Year,No,,129667.0,True
Certified,H-1B,New Product Development Engineer I,17-2141.00,Mechanical Engineers,Y,0,"AIRTECH GROUP, INC.",Rutherford,NJ,91620.0,Year,No,,91620.0,False
Certified,H-1B,Assistant Project Engineer (Civil Engineer),17-2051.00,Civil Engineers,Y,1,TRIAX ENGINNERING LLC,Commerce City,CO,72030.0,Year,No,,72030.0,False
Certified,H-1B,Systems Integration Engineer I,17-2141.00,Mechanical Engineers,Y,1,"DAIMLER TRUCK NORTH AMERICA, LLC",Detroit,MI,91369.0,Year,No,,91369.0,False
Certified,H-1B,"Graduate Engineer, Precast, Prestressed Engineerin",17-2051.00,Civil Engineers,Y,1,"AG&E ASSOCIATES, PLLC",Winchester,VA,85000.0,Year,No,,85000.0,False
Certified,H-1B,Associate,17-1011.00,"Architects, Except Landscape and Naval",Y,0,"JENSEN HUGHES, INC.",Beaverton,OR,87744.0,Year,No,,87744.0,False
Certified,H-1B,Architectural Associate,17-1011.00,"Architects, Except Landscape and Naval",Y,1,"JULIAN WEBER ARCHITECTURE AND DESIGN, LLC",Seattle,WA,75800.0,Year,No,,75800.0,False
Certified,H-1B,Distribution Engineer II,17-2071.00,Electrical Engineers,Y,1,"QUANTA TECHNOLOGY, LLC",Raleigh,NC,99216.0,Year,No,,99216.0,False
Certified,H-1B,Civil Engineer 1,17-2051.00,Civil Engineers,Y,1,CITY OF PHILADELPHIA,Philadelphia,PA,72254.0,Year,No,,72254.0,False
Certified,H-1B,Geotechnical Engineering Professional - Entry Level,17-2051.00,Civil Engineers,Y,1,JACOBS ENGINEERING GROUP INC.,Redding,CA,87000.0,Year,No,,87000.0,True
Certified,H-1B,Recent College Graduate (non-licensed),17-1011.00,"Architects, Except Landscape and Naval",Y,1,"LIGHTING WORKSHOP, INC.",Brooklyn,NY,69000.0,Year,No,,69000.0,False
Certified,H-1B,Architectural Associate,17-1011.00,"Architects, Except Landscape and Naval",Y,1,FOUGERON ARCHITECTURE,San Francisco,CA,85696.0,Year,No,,85696.0,True
Certified,H-1B,Application Engineer I,17-2141.00,Mechanical Engineers,Y,1,NIDEC MOTOR CORPORATION,St. Louis,MO,80184.0,Year,No,,80184.0,False
Certified,H-1B,Field Engineer Trainee,17-2071.00,Electrical Engineers,Y,1,"WELLTEC, INC.",Midland,TX,54000.0,Year,No,,54000.0,False
Certified,H-1B,Assistant Project Engineer (Civil Engineer),17-2051.00,Civil Engineers,Y,1,TRIAX ENGINEERING LLC,Commerce City,CO,72030.0,Year,No,,72030.0,False
Certified,H-1B,Release Engineer II,17-2141.00,Mechanical Engineers,Y,0,"SUMITOMO ELECTRIC WIRING SYSTEMS, INC.",Farmington Hills,MI,72467.0,Year,No,,72467.0,False
Certified,H-1B,Control Engineer I,17-2071.00,Electrical Engineers,Y,1,"M.C. DEAN, INC.",Manassas,VA,94725.28,Year,No,,94725.28,False
Certified,H-1B,Firmware Engineer II,17-2141.00,Mechanical Engineers,Y,1,SIBEL HEALTH INC.,Chicago,IL,100320.0,Year,No,,100320.0,False
Certified,H-1B,Electrical Engineer II,17-2071.00,Electrical Engineers,Y,0,"FOREST RIVER BUS, LLC",South Hutchinson,KS,102000.0,Year,No,,102000.0,False
Certified,H-1B,Safety Investigations Engineer I,17-2141.00,Mechanical Engineers,Y,1,"TORC ROBOTICS, INC.",Fort Worth,TX,118824.0,Year,No,,118824.0,False
Certified,H-1B,Flight Controls System Engineer 2,17-2071.00,Electrical Engineers,Y,0,GARMIN INTERNATIONAL INC.,Olathe,KS,106100.0,Year,No,,106100.0,False
Certified,H-1B,Environmental Engineer I,17-2081.00,Environmental Engineers,Y,1,"COSMOS TECHNOLOGIES, INC.",Pittsburgh,PA,63440.0,Year,No,,63440.0,False
Certified,H-1B,Mechanical Engineer II,17-2141.00,Mechanical Engineers,Y,1,MESABI METALLICS COMPANY LLC,Nashwauk,MN,78000.0,Year,No,,78000.0,False
Certified,H-1B,Electrical Engineer I,17-2071.00,Electrical Engineers,Y,1,"KDM ENGINEERING, LLC",Chicago,IL,73237.0,Year,No,,73237.0,False
Certified,H-1B,Data Centre Infrastructure Engineer I,17-2051.00,Civil Engineers,Y,1,"AMAZON DATA SERVICES, INC",Herndon,VA,128200.0,Year,No,,128200.0,False
Certified,H-1B,Assistant Professor of Mechanical Engineering,25-1032.00,"Engineering Teachers, Postsecondary",Y,1,QUINNIPIAC UNIVERSITY,Hamden,CT,100000.0,Year,No,,100000.0,False
Certified,H-1B,Associate Project Engineer - KBGFJG271400-2,17-2141.02,Automotive Engineers,Y,1,"CONTINENTAL AUTOMOTIVE SYSTEMS, INC.",Auburn Hills,MI,87589.0,Year,No,,87589.0,False
Certified,H-1B,ELECTRICAL ENGINEER I,17-2071.00,Electrical Engineers,Y,1,"MARTARANO ENGINEERING, INC.",WYOMISSING,PA,32.87,Hour,No,,68369.59999999999,False
Certified,H-1B,Assistant Engineer I,17-2081.00,Environmental Engineers,Y,1,"HAZEN AND SAWYER, D.P.C.",Raleigh,NC,72155.0,Year,No,,72155.0,False
Certified,H-1B,Mechanical Engineer II,17-2141.00,Mechanical Engineers,Y,1,"THORLABS, INC.",Morganville,NJ,111000.0,Year,No,,111000.0,False
Certified,H-1B,Data Centre Infrastructure Engineer I,17-2051.00,Civil Engineers,Y,0,"AMAZON DATA SERVICES, INC",Portland,OR,126200.0,Year,No,,126200.0,False
Certified,H-1B,Engineer 2,17-2141.00,Mechanical Engineers,Y,1,THE RAYMOND CORPORATION,Syracuse,NY,90000.0,Year,No,,90000.0,False
Certified,H-1B,Compliance Engineer I,17-2051.00,Civil Engineers,Y,1,"SPIRE, INC.",St. Louis,MO,74350.0,Year,No,,74350.0,False
Certified,H-1B,Engineer Associate,17-2141.00,Mechanical Engineers,Y,1,THE GOODYEAR TIRE & RUBBER COMPANY,Akron,OH,76981.0,Year,No,,76981.0,False
Certified,H-1B,Water Resource Engineering Professional Associate Level,17-2051.02,Water/Wastewater Engineers,Y,1,JACOBS ENGINEERING GROUP INC.,Redding,CA,107550.0,Year,No,,107550.0,True
Certified,H-1B,Transportation Engineer 2,17-2051.01,Transportation Engineers,Y,1,CDM SMITH INC.,Houston,TX,82326.0,Year,No,,82326.0,False
Certified,H-1B,Junior Architectural Associate,17-1011.00,"Architects, Except Landscape and Naval",Y,1,HIGHT JACKSON ASSOCIATES,Rogers,AR,61838.0,Year,No,,61838.0,False
Certified,H-1B,Civil Engineer II,17-2051.00,Civil Engineers,Y,0,CORDOBA CORP,Los Gatos,CA,115000.0,Year,No,,115000.0,True
Certified,H-1B,Engineer - Trainee,17-2051.00,Civil Engineers,Y,1,"FARGO CONSULTANTS, INC.",Dallas,TX,65000.0,Year,No,,65000.0,False
Certified,H-1B,DATA CENTER INFRASTRUCTURE ENGINEER II,17-2051.00,Civil Engineers,Y,0,"AMAZON DATA SERVICES, INC.",SEATTLE,WA,146100.0,Year,No,,146100.0,False
Certified,H-1B,Engineer - Trainee,17-2051.00,Civil Engineers,Y,1,"FARGO CONSULTANTS, INC.",Dallas,TX,65000.0,Year,No,,65000.0,False
Certified,H-1B,Machine Learning Engineer I,17-2199.08,Robotics Engineers,Y,1,"TORC ROBOTICS, INC.",Ann Arbor,MI,150000.0,Year,No,,150000.0,False
Certified,H-1B,Junior Civil Engineer,17-2051.00,Civil Engineers,Y,1,US HOUSING PORTFOLIO MANAGER LLC,Miami,FL,59946.0,Year,No,,59946.0,False
Certified,H-1B,Junior Engineer,17-2141.00,Mechanical Engineers,Y,1,RESEARCH FOUNDATION OF CUNY,New York,NY,66000.0,Year,No,,66000.0,False
Certified,H-1B,Structural Engineer 2,17-2051.00,Civil Engineers,Y,1,"ARCADIS U.S., INC.",Baton Rouge,LA,81245.0,Year,No,,81245.0,False
Certified,H-1B,Water Engineer 2,17-2051.02,Water/Wastewater Engineers,Y,1,"ARCADIS U.S., INC.",Clifton Park,NY,82513.6,Year,No,,82513.6,False
Certified,H-1B,Mechanical Engineer I,17-2141.00,Mechanical Engineers,Y,1,MESABI METALLICS COMPANY LLC,Nashwauk,MN,72000.0,Year,No,,72000.0,False
Certified,H-1B,Associate R&D Engineer,17-2141.00,Mechanical Engineers,Y,1,PROCEPT BIOROBOTICS,San Jose,CA,100947.0,Year,No,,100947.0,True
Certified,H-1B,Product Regulatory Affairs Engineer II,17-2141.00,Mechanical Engineers,Y,1,DETROIT DIESEL CORPORATION,Detroit,MI,112181.0,Year,No,,112181.0,False
Certified,H-1B,Junior Engineer - Construction,17-2051.00,Civil Engineers,Y,1,JACOBS PROJECT MANAGEMENT COMPANY,Buffalo,NY,70000.0,Year,No,,70000.0,False
Certified - Withdrawn,H-1B,Associate Systems Engineer II,17-2199.05,Mechatronics Engineers,Y,1,NEXTEER AUTOMOTIVE CORPORATION,Saginaw,MI,78000.0,Year,No,,78000.0,False
Certified,H-1B,Engineer II,17-2141.00,Mechanical Engineers,Y,1,"ONEOK SERVICES COMPANY, LLC",Tulsa,OK,85987.0,Year,No,,85987.0,False
Certified,H-1B,Junior Mechanical Engineer,17-2141.00,Mechanical Engineers,Y,1,"MASON TECHNOLOGIES, INC.",DEER PARK,NY,75000.0,Year,No,,75000.0,False
Certified,H-1B,Automation Engineer II,17-2199.05,Mechatronics Engineers,Y,0,"NOR-CAL CONTROLS ES, INC.",El Dorado Hills,CA,134306.0,Year,No,,134306.0,True
Certified,H-1B,Electrical Engineer I,17-2071.00,Electrical Engineers,Y,0,GULF STATES ENGINEERING INC.,Mobile,AL,70741.0,Year,No,,70741.0,False
Certified,H-1B,Process Automation Engineer II,17-2071.00,Electrical Engineers,Y,1,CLIMAX MOLYBDENUM COMPANY,Parshall,CO,105000.0,Year,No,,105000.0,False
Certified,H-1B,Mechanical Engineer II,17-2141.00,Mechanical Engineers,Y,1,CLIMAX MOLYBDENUM COMPANY,Fort Madison,IA,105500.0,Year,No,,105500.0,False
Certified,H-1B,Geomechanical Engineer I,17-2151.00,"Mining and Geological Engineers, Including Mining Safety Engineers",Y,1,FREEPORT-MCMORAN SAFFORD INC.,Safford,AZ,89700.0,Year,No,,89700.0,False
Certified,H-1B,Design Release Engineer II,17-2141.00,Mechanical Engineers,Y,1,"GOKEN AMERICA, LLC",Dublin,OH,34.84,Hour,No,,72467.20000000001,False
Certified,H-1B,Structural Engineer I,17-2051.00,Civil Engineers,Y,0,"SINNOTT, GERING, AND SCHMITT TOWERS, INC.",Omaha,NE,80000.0,Year,No,,80000.0,False
Certified,H-1B,Mechanical Engineer I,17-2141.00,Mechanical Engineers,Y,1,FREEPORT-MCMORAN MORENCI INC.,Morenci,AZ,89200.0,Year,No,,89200.0,False
Certified,H-1B,Braking Controls  Engineer II,17-2141.00,Mechanical Engineers,Y,1,ZF ACTIVE SAFETY US INC.,Livonia,MI,103696.0,Year,No,,103696.0,False
Certified,H-1B,Geomechanical Engineer I,17-2151.00,"Mining and Geological Engineers, Including Mining Safety Engineers",Y,1,FREEPORT-MCMORAN MORENCI INC.,Morenci,AZ,87500.0,Year,No,,87500.0,False
Certified,H-1B,Water Engineer 1,17-2051.02,Water/Wastewater Engineers,Y,1,"ARCADIS U.S., INC.",San Francisco,CA,86528.0,Year,No,,86528.0,True
Certified,H-1B,Assistant Superintendent - Commercial,17-2051.00,Civil Engineers,Y,1,W.G. YATES AND SONS CONSTRUCTION CO.,Corpus Christi,TX,90000.0,Year,No,,90000.0,False
Certified,H-1B,Electrical Engineer 2,17-2071.00,Electrical Engineers,Y,1,BLACK & VEATCH CORPORATION,New York,NY,78686.0,Year,No,,78686.0,False
Certified,H-1B,Associate Mfg Systems Engineer,17-2141.00,Mechanical Engineers,Y,1,AMGEN INC.,New Albany,OH,86320.0,Year,No,,86320.0,False
Certified,H-1B,Electrical Engineer 2,17-2071.00,Electrical Engineers,Y,1,BLACK & VEATCH CORPORATION,Phoenix,AZ,72696.0,Year,No,,72696.0,False
Certified,H-1B,Electrical Engineer I,17-2071.00,Electrical Engineers,Y,1,FREEPORT-MCMORAN BAGDAD INC.,Bagdad,AZ,94100.0,Year,No,,94100.0,False
Certified,H-1B,CONTROLS ENGINEER 1,17-2071.00,Electrical Engineers,Y,1,"COMPUSOFT INTEGRATED SOLUTIONS, INC",CHILLICOTHE,IL,84302.0,Year,No,,84302.0,False
Certified,H-1B,Electrical Engineer II,17-2071.00,Electrical Engineers,Y,1,SYSCON INTERNATIONAL INC.,South Bend,IN,84718.0,Year,No,,84718.0,False
Certified,H-1B,Graduate Engineer,17-2051.00,Civil Engineers,Y,0,"STRAND SYSTEMS ENGINEERING, INC.",Dallas,TX,64459.0,Year,No,,64459.0,False
Certified,H-1B,Assistant Resident Engineer,17-2051.00,Civil Engineers,Y,0,"VSCE, INC.",Oakland,CA,125798.0,Year,No,,125798.0,True
Certified,H-1B,Assistant Engineer II,17-2071.00,Electrical Engineers,Y,1,"HAZEN AND SAWYER, D.P.C.",Coral Gables,FL,67621.0,Year,No,,67621.0,False
Certified,H-1B,Bridge Engineering Professional Associate,17-2051.00,Civil Engineers,Y,1,JACOBS ENGINEERING GROUP INC.,Austin,TX,110250.0,Year,No,,110250.0,False
Certified,H-1B,Entry Level Civil Engineer (Highways),17-2051.00,Civil Engineers,Y,1,JACOBS ENGINEERING GROUP INC.,Morristown,NJ,81112.5,Year,No,,81112.5,False
Certified,H-1B,Project Controls Engineer II,17-2051.00,Civil Engineers,Y,1,AEGIS PROJECT CONTROLS CORP,Dallas,TX,71906.0,Year,No,,71906.0,False
Certified,H-1B,Data Center Infrastructure Engineer II,17-2051.00,Civil Engineers,Y,0,"AMAZON DATA SERVICES, INC",Austin,TX,140000.0,Year,No,,140000.0,False
Certified,H-1B,Assistant Project Engineer,17-2141.00,Mechanical Engineers,Y,1,"VOGT POWER INTERNATIONAL, INC.",Louisville,KY,79560.0,Year,No,,79560.0,False
Certified - Withdrawn,H-1B,Field Engineer II,17-2051.00,Civil Engineers,Y,1,"SUNDT CONSTRUCTION, INC.",Tempe,AZ,71200.0,Year,No,,71200.0,False
Certified,H-1B,Jr. Construction Engineer,17-2051.00,Civil Engineers,Y,1,"GREENMAN-PEDERSEN, INC.",Mystic,CT,35.25,Hour,No,,73320.0,False
Certified,H-1B,Data Centre Infrastructure Engineer I,17-2051.00,Civil Engineers,Y,0,"AMAZON WEB SERVICES, INC.",Herndon,VA,140000.0,Year,No,,140000.0,False
Certified,H-1B,Engineer II - NPD,17-2141.00,Mechanical Engineers,Y,0,"CLIMATECRAFT, INC.",Oklahoma City,OK,78603.0,Year,No,,78603.0,False
Certified,H-1B,Electrical Engineer I,17-2071.00,Electrical Engineers,Y,1,M.W. WATERMARK LLC,Holland,MI,81557.0,Year,No,,81557.0,False
Certified,H-1B,DESIGN ENGINEER II,17-2141.00,Mechanical Engineers,Y,0,"PAC SEATING SYSTEMS, LLC",PALM CITY,FL,83157.0,Year,No,,83157.0,False
Certified,H-1B,Systems Engineer II,17-2071.00,Electrical Engineers,Y,1,"JOHNSON CONTROLS, INC.",Houston,TX,93267.0,Year,No,,93267.0,False
Certified,H-1B,Hardware Engineer 1,17-2071.00,Electrical Engineers,Y,1,DELL PRODUCTS L.P.,Austin,TX,97650.0,Year,No,,97650.0,False
Certified,H-1B,Process Automation Engineer I,17-2141.00,Mechanical Engineers,Y,1,FREEPORT-MCMORAN CHINO MINES COMPANY,Vanadium,NM,87100.0,Year,No,,87100.0,False
Certified,H-1B,Electrical Engineer I,17-2071.00,Electrical Engineers,Y,1,FREEPORT-MCMORAN BAGDAD INC.,Bagdad,AZ,90100.0,Year,No,,90100.0,False
Certified,H-1B,Mechanical Engineer I,17-2141.00,Mechanical Engineers,Y,1,FREEPORT-MCMORAN MIAMI INC.,Claypool,AZ,86000.0,Year,No,,86000.0,False
Certified,H-1B,Hardware Development Engineer 2,17-2199.07,Photonics Engineers,Y,1,INFINERA CORPORATION,Sunnyvale,CA,126672.0,Year,No,,126672.0,True
Certified,H-1B,Intern Architect,17-1011.00,"Architects, Except Landscape and Naval",Y,1,RONNETTE RILEY ARCHITECT,New York,NY,65690.0,Year,No,,65690.0,False
Certified,H-1B,Civil Engineer 1,17-2051.00,Civil Engineers,Y,1,TRANSYSTEMS CORPORATION,Baltimore,MD,76003.2,Year,No,,76003.2,False
Certified,H-1B,Electrical Engineer 2,17-2071.00,Electrical Engineers,Y,1,BLACK & VEATCH CORPORATION,Overland Park,KS,70221.0,Year,No,,70221.0,False
Certified,H-1B,Snr Mechanical Engineer I,17-2141.00,Mechanical Engineers,Y,0,ASM AMERICA INC.,Phoenix,AZ,101504.0,Year,No,,101504.0,False
Certified,H-1B,Civil Engineer 1,17-2051.00,Civil Engineers,Y,1,TRANSYSTEMS CORPORATION,Berkeley,CA,83907.2,Year,No,,83907.2,True
Certified,H-1B,Data Centre Infrastructure Engineer I,17-2051.00,Civil Engineers,Y,0,"AMAZON DATA SERVICES, INC",Hilliard,OH,130000.0,Year,No,,130000.0,False
Certified,H-1B,MECHANICAL ENGINEER 1,17-2141.00,Mechanical Engineers,Y,1,"TRIMAC INDUSTRIAL SYSTEMS, LLC",Bonner Springs,KS,30.0,Hour,No,,62400.0,False
Certified,H-1B,Building Science Associate,17-2051.00,Civil Engineers,Y,0,"WISS, JANNEY, ELSTNER ASSOCIATES, INC.",New York,NY,96138.0,Year,No,,96138.0,False
Certified,H-1B,Graduate Civil Engineer,17-2051.00,Civil Engineers,Y,1,CITY OF PHILADELPHIA,Philadelphia,PA,66114.0,Year,No,,66114.0,False
Certified,H-1B,Engineer I,17-2071.00,Electrical Engineers,Y,1,"MANGAN, INC.",Long Beach,CA,88566.0,Year,No,,88566.0,True
Certified,H-1B,Design Engineer Associate,17-2071.00,Electrical Engineers,Y,1,"M.C. DEAN, INC.",Tysons,VA,89999.52,Year,No,,89999.52,False
Certified,H-1B,Civil Engineer 1,17-2051.00,Civil Engineers,Y,1,TRANSYSTEMS CORPORATION,Ft Lauderdale,FL,78457.6,Year,No,,78457.6,False
Certified,H-1B,Silicon Validation Engineer 1,17-2071.00,Electrical Engineers,Y,1,"TESSOLVE SEMICONDUCTOR, INC.",San Diego,CA,84219.0,Year,No,,84219.0,True
Certified,H-1B,Electrical Engineer I,17-2071.00,Electrical Engineers,Y,1,FREEPORT-MCMORAN SAFFORD INC.,Safford,AZ,87600.0,Year,No,,87600.0,False
Certified,H-1B,Energy Analyst 2,17-2199.03,"Energy Engineers, Except Wind and Solar",Y,1,BRIGHTWORKS SUSTAINABILITY LLC,Chicago,IL,93500.0,Year,No,,93500.0,False
Certified,H-1B,Jr. Product Development Engineer,17-2141.00,Mechanical Engineers,Y,1,"JUPITER RESEARCH, LLC",Scottsdale,AZ,72696.0,Year,No,,72696.0,False
Certified,H-1B,Design Engineer II,17-2051.00,Civil Engineers,Y,0,"FABCON PRECAST, LLC",Grandville,MI,93829.89,Year,No,,93829.89,False
Certified,H-1B,Civil Engineer I,17-2051.00,Civil Engineers,Y,1,FREEPORT-MCMORAN MORENCI INC.,Morenci,AZ,87400.0,Year,No,,87400.0,False
Certified,H-1B,Electrical Engineer I,17-2071.00,Electrical Engineers,Y,1,FREEPORT-MCMORAN SIERRITA INC.,Green Valley,AZ,86000.0,Year,No,,86000.0,False
Certified,H-1B,Process Automation Engineer I,17-2199.05,Mechatronics Engineers,Y,1,ARCHER DANIELS MIDLAND COMPANY,Valdosta,GA,85000.0,Year,No,,85000.0,False
Certified,H-1B,Geomechanical Engineer I,17-2151.00,"Mining and Geological Engineers, Including Mining Safety Engineers",Y,1,FREEPORT-MCMORAN CHINO MINES COMPANY,Vanadium,NM,86500.0,Year,No,,86500.0,False
Certified,H-1B,Systems Engineer II,17-2199.00,"Engineers, All Other",Y,1,PLUG POWER INC.,Slingerlands,NY,102500.0,Year,No,,102500.0,False
Certified,H-1B,Photonics Engineer I,17-2199.07,Photonics Engineers,Y,1,ES FOUNDRY CORP,Greenwood,SC,76461.0,Year,No,,76461.0,False
Certified,H-1B,Associate,19-2041.00,"Environmental Scientists and Specialists, Including Health",Y,1,COHO CLIMATE ADVISORS LLC,New York,NY,124500.0,Year,No,,124500.0,False
Certified,H-1B,Engineer II,17-2051.00,Civil Engineers,Y,1,HNTB CORPORATION,New York,NY,103001.6,Year,No,,103001.6,False
Certified,H-1B,Field Service Engineer 2,17-2141.00,Mechanical Engineers,Y,1,"ASML US, LLC",Richardson,TX,69160.0,Year,No,,69160.0,False
Certified,H-1B,PRODUCIBILITY ENGINEER II,17-2071.00,Electrical Engineers,Y,0,"INTELLIGRATED SYSTEMS, INC.",Mason,OH,92846.0,Year,No,,92846.0,False
Certified,H-1B,Structural Engineer 2,17-2051.00,Civil Engineers,Y,1,BLACK & VEATCH CORPORATION,Overland Park,KS,64438.0,Year,No,,64438.0,False
Certified,H-1B,Assistant Professor of Civil Engineering,25-1032.00,"Engineering Teachers, Postsecondary",Y,1,WILKES UNIVERSITY,Wilkes-Barre,PA,82000.0,Year,No,,82000.0,False
Certified,H-1B,Hardware Engineer 2,17-2141.00,Mechanical Engineers,Y,1,DELL PRODUCTS L.P.,Round Rock,TX,125000.0,Year,No,,125000.0,False
Certified,H-1B,G&P Engineer I,17-2051.00,Civil Engineers,Y,0,MARATHON PETROLEUM COMPANY LP,San Antonio,TX,95000.0,Year,No,,95000.0,False
Certified,H-1B,Assistant Office Engineer,17-2051.00,Civil Engineers,Y,1,"M&J ENGINEERING, D.P.C.",New Hyde Park,NY,41.2,Hour,No,,85696.0,False
Certified,H-1B,Power Engineer II,17-2071.00,Electrical Engineers,Y,1,"ELLIOT ENGINEERING, INC.",Lexington,KY,75000.0,Year,No,,75000.0,False
Certified,H-1B,Mechanical Engineer 2,17-2141.00,Mechanical Engineers,Y,1,BLACK & VEATCH CORPORATION,Ann Arbor,MI,76648.0,Year,No,,76648.0,False
Certified,H-1B,Structural Engineer 1,17-2051.00,Civil Engineers,Y,1,BLACK & VEATCH CORPORATION,Bloomington,MN,71760.0,Year,No,,71760.0,False
Certified,H-1B,Associate - Construction Delay- Civil Engineer,17-2051.00,Civil Engineers,Y,1,SECRETARIAT ADVISORS LLC,El Segundo,CA,105000.0,Year,No,,105000.0,True
Certified,H-1B,Project Engineer I,17-2051.00,Civil Engineers,Y,1,HGC CONSTRUCTION CO.,Cincinnati,OH,66000.0,Year,No,,66000.0,False
Certified,H-1B,Engineer II,17-2051.00,Civil Engineers,Y,1,HNTB CORPORATION,New York,NY,115980.8,Year,No,,115980.8,False
Certified,H-1B,Civil EIT - Traffic,17-2051.00,Civil Engineers,Y,1,JACOBS ENGINEERING GROUP INC.,Atlanta,GA,74520.0,Year,No,,74520.0,False
Certified,H-1B,Intern Architect,17-1011.00,"Architects, Except Landscape and Naval",Y,1,CONSTRUCTION TECHNOLOGY LABORATORIES INC.,New York,NY,31.58,Hour,No,,65686.4,False
Certified,H-1B,Structural Engineer 2,17-2051.00,Civil Engineers,Y,1,BLACK & VEATCH CORPORATION,Houston,TX,64355.0,Year,No,,64355.0,False
Certified,H-1B,Design Engineer I,17-2051.00,Civil Engineers,Y,1,"BLUEWAVE PROJECT DEVELOPMENT, LLC",Boston,MA,78750.0,Year,No,,78750.0,False
Certified,H-1B,Building Energy Analyst II Sustainability Track,13-1199.05,Sustainability Specialists,Y,1,ENERGETICS CONSULTING ENGINEERS LLC,Denver,CO,77600.0,Year,No,,77600.0,False
Certified,H-1B,Assistant Engineer,17-2051.00,Civil Engineers,Y,0,"PEOPLES ASSOCIATES STRUCTURAL ENGINEERS, INC.",San Jose,CA,90000.0,Year,No,,90000.0,True
Certified,H-1B,"Associate Engineer, Product Marketing",17-2071.00,Electrical Engineers,Y,1,"ANALOG DEVICES, INC.",Wilmington,MA,95700.8,Year,No,,95700.8,False
Certified,H-1B,Design Engineer II,17-2141.00,Mechanical Engineers,Y,1,"GOKEN AMERICA, LLC",Dublin,OH,33.79,Hour,No,,70283.2,False
Certified,H-1B,Architectural Associate,17-1011.00,"Architects, Except Landscape and Naval",Y,1,NIMMO INC.,Dallas,TX,71000.16,Year,No,,71000.16,False
Certified,H-1B,Structural Engineer 2,17-2051.00,Civil Engineers,Y,1,BLACK & VEATCH CORPORATION,Overland Park,KS,64438.0,Year,No,,64438.0,False
Certified,H-1B,Civil Engineer 1,17-2051.00,Civil Engineers,Y,1,BLACK & VEATCH CORPORATION,Austin,TX,64979.0,Year,No,,64979.0,False
Certified,H-1B,Manufacturing Associate,17-2141.00,Mechanical Engineers,Y,1,"TAILSTORM HEALTH, INC",Chandler,AZ,72696.0,Year,No,,72696.0,False
Certified - Withdrawn,H-1B,Project Engineer 2,17-2141.00,Mechanical Engineers,Y,0,"MARELLI NORTH AMERICA, INC.",Southfield,MI,95634.0,Year,No,,95634.0,False
Certified - Withdrawn,H-1B,Project Engineer 2,17-2141.00,Mechanical Engineers,Y,0,"MARELLI NORTH AMERICA, INC.",Southfield,MI,90000.0,Year,No,,90000.0,False
Certified,H-1B,Equipment Engineer II,17-2141.00,Mechanical Engineers,Y,1,ES FOUNDRY CORP,Greenwood,SC,75600.0,Year,No,,75600.0,False
Certified,H-1B,Equipment Engineer II,17-2141.00,Mechanical Engineers,Y,1,ES FOUNDRY CORP,Greenwood,SC,75600.0,Year,No,,75600.0,False
Certified,H-1B,Equipment Engineer I,17-2141.00,Mechanical Engineers,Y,1,ES FOUNDRY CORP,Greenwood,SC,74100.0,Year,No,,74100.0,False
Certified,H-1B,Engineer 2,17-2141.00,Mechanical Engineers,Y,1,THE RAYMOND CORPORATION,Greene,NY,96600.0,Year,No,,96600.0,False
Certified,H-1B,Equipment Engineer II,17-2141.00,Mechanical Engineers,Y,1,ES FOUNDRY CORP,Greenwood,SC,78500.0,Year,No,,78500.0,False
Certified,H-1B,Intern Architect,17-1011.00,"Architects, Except Landscape and Naval",Y,3,ASYMPTOTE ARCHITECTURE D.P.C.,Brooklyn,NY,65686.0,Year,No,,65686.0,False
Certified,H-1B,MECHANICAL ENGINEER 1,17-2141.00,Mechanical Engineers,Y,1,DOUGLAS MACHINES CORPORATION,CLEARWATER,FL,70000.0,Year,No,,70000.0,False
Certified,H-1B,Intern Architect,17-1011.00,"Architects, Except Landscape and Naval",Y,3,ASYMPTOTE ARCHITECTURE D.P.C.,Brooklyn,NY,64350.0,Year,No,,64350.0,False
Certified,H-1B,Geotechnical EIT,17-2081.00,Environmental Engineers,Y,1,STANTEC CONSULTING SERVICES INC.,Irvine,CA,90001.6,Year,No,,90001.6,True
Certified,H-1B,Process Control Engineer 2,17-2141.02,Automotive Engineers,Y,0,"CULLERTON GROUP, LLC",Decatur,IL,35.0,Hour,No,,72800.0,False
Certified,H-1B,Professional Engineer II,17-2051.00,Civil Engineers,Y,1,"BLUESCOPE BUILDINGS NORTH AMERICA, INC.",Evansville,WI,135000.0,Year,No,,135000.0,False
Certified,H-1B,Architectural Intern,17-1011.00,"Architects, Except Landscape and Naval",Y,1,QUINN EVANS ARCHITECT INC.,Baltimore,MD,61506.0,Year,No,,61506.0,False
Certified,H-1B,Data Centre Infrastructure Engineer I,17-2051.00,Civil Engineers,Y,0,"AMAZON WEB SERVICES, INC.",Columbus,OH,62650.0,Year,No,,62650.0,False
Certified,H-1B,"Associate Engineer, Product Applications",17-2071.00,Electrical Engineers,Y,1,"ANALOG DEVICES, INC.",San Jose,CA,108375.05,Year,No,,108375.05,True
Certified,H-1B,ENGINEER 2,17-2081.00,Environmental Engineers,Y,1,R2T INC.,ALEXANDRIA,VA,85000.0,Year,No,,85000.0,False
Certified,H-1B,Engineer II (ASCE II),17-2051.00,Civil Engineers,Y,1,"ADVANCED INFRASTRUCTURE DESIGN, INC",Hamilton,NJ,90064.0,Year,No,,90064.0,False
Certified,H-1B,"Mass Engineer I, Vehicle Integration",17-2141.02,Automotive Engineers,Y,0,"LUCID USA, INC.",Newark,CA,118810.0,Year,No,,118810.0,True
Certified,H-1B,Mechanical Engineer in Training,17-2081.00,Environmental Engineers,Y,0,STANTEC CONSULTING SERVICES INC.,Walnut Creek,CA,114608.0,Year,No,,114608.0,True
Certified,H-1B,Graduate Subsea Engineer - KBGFJG270468-2,17-2141.00,Mechanical Engineers,Y,1,"WOOD GROUP USA, INC.",Houston,TX,80759.0,Year,No,,80759.0,False
Certified,H-1B,Civil/Structural Engineer Co-Op,17-2051.00,Civil Engineers,Y,1,LINDE ENGINEERING NORTH AMERICA LLC,Tonawanda,NY,86352.0,Year,No,,86352.0,False
Certified,H-1B,Associate Project Engineer,17-2051.00,Civil Engineers,Y,0,"GROUP PMX, LLC",Jamaica,NY,125000.0,Year,No,,125000.0,False
Certified - Withdrawn,H-1B,Systems Integration Engineer I,17-2141.00,Mechanical Engineers,Y,1,DETROIT DIESEL CORPORATION,Detroit,MI,91369.0,Year,No,,91369.0,False
Certified,H-1B,Graduate Electrical Engineer,17-2071.00,Electrical Engineers,Y,1,"PAGE SOUTHERLAND PAGE, INC.",Dallas,TX,66532.0,Year,No,,66532.0,False
Certified,H-1B,Mechanical Engineer II,17-2141.00,Mechanical Engineers,Y,0,"LAIRD THERMAL SYSTEMS, INC.",Morrisville,NC,87150.0,Year,No,,87150.0,False
Certified,H-1B,Data Center Infrastructure Engineer II,17-2051.00,Civil Engineers,Y,0,"AMAZON DATA SERVICES, INC",Seattle,WA,119000.0,Year,No,,119000.0,False
Certified,H-1B,Associate - Construction Delay-Civil Engineer,17-2051.00,Civil Engineers,Y,1,SECRETARIAT ADVISORS LLC,Atlanta,GA,94000.0,Year,No,,94000.0,False
Certified,H-1B,Data Centre Infrastructure Engineer I,17-2051.00,Civil Engineers,Y,1,"AMAZON DATA SERVICES, INC",Herndon,VA,126200.0,Year,No,,126200.0,False
Certified,H-1B,Application Engineer II,17-2071.00,Electrical Engineers,Y,1,"ANSYS, LNC.",Irvine,CA,104187.0,Year,No,,104187.0,True
Certified,H-1B,Controls Engineer II,17-2199.05,Mechatronics Engineers,Y,1,WRIGHT INDUSTRIES LLC,Nashville,TN,106783.99,Year,No,,106783.99,False
Certified,H-1B,Graduate Engineer,17-2071.00,Electrical Engineers,Y,1,"ULTEIG ENGINEERS, INC.",Jersey City,NJ,84500.0,Year,No,,84500.0,False
Certified,H-1B,Mechanical Engineer 2,17-2141.00,Mechanical Engineers,Y,0,CAPGEMINI AMERICA INC,KINSTON,NC,87800.0,Year,No,,87800.0,False
Certified,H-1B,Junior Architectural Designer,17-1011.00,"Architects, Except Landscape and Naval",Y,1,REX ARCHITECTURE PC,New York,NY,73500.0,Year,No,,73500.0,False
Certified,H-1B,Architectural Intern,17-1011.00,"Architects, Except Landscape and Naval",Y,1,DARIOUSH S TORABY ARCHITECT PC,New York,NY,72800.0,Year,No,,72800.0,False
Certified,H-1B,Research Associate B,17-2141.00,Mechanical Engineers,Y,0,TRUSTEES OF DARTMOUTH COLLEGE,Hanover,NH,68000.0,Year,No,,68000.0,False
Certified,H-1B,Field Engineer I,17-2051.00,Civil Engineers,Y,1,"TRAYLOR BROS., INC.",Channelview,TX,75000.64,Year,No,,75000.64,False
Certified,H-1B,Mechanical Engineer 2,17-2141.00,Mechanical Engineers,Y,0,CAPGEMINI AMERICA INC,KINSTON,NC,110000.0,Year,No,,110000.0,False
Certified,H-1B,Engineer I,17-2141.00,Mechanical Engineers,Y,1,"E-TECHNOLOGIES GROUP, LLC.",Seabrook,NH,80850.0,Year,No,,80850.0,False
Certified,H-1B,Engineer I,17-2051.00,Civil Engineers,Y,1,"HBM ENGINEERING GROUP, LLC",Hillside,IL,87006.4,Year,No,,87006.4,False
Certified,H-1B,ASSISTANT ENGINEER,17-2051.00,Civil Engineers,Y,1,CHIRU CONSULTING LLC,MARLTON,NJ,41.25,Hour,No,,85800.0,False
Certified,H-1B,Junior Mechanical Engineer,17-2141.00,Mechanical Engineers,Y,1,"MASON TECHNOLOGIES, INC.",Deer Park,NY,75000.0,Year,No,,75000.0,False
Certified,H-1B,Associate - Construction Delay-Civil Engineer,17-2051.00,Civil Engineers,Y,1,SECRETARIAT ADVISORS LLC,Atlanta,GA,98500.0,Year,No,,98500.0,False
Certified,H-1B,ASSISTANT ENGINEER,17-2051.00,Civil Engineers,Y,1,CHIRU CONSULTING LLC,MOUNT LAUREL,NJ,41.25,Hour,No,,85800.0,False
Certified,H-1B,Product Engineer II,17-2141.00,Mechanical Engineers,Y,1,ALLIED AIR ENTERPRISES,West Columbia,SC,75005.0,Year,No,,75005.0,False
Certified,H-1B,Engineer II,17-2141.00,Mechanical Engineers,Y,1,"BIO-RAD LABORATORIES, INC.",Pleasanton,CA,94786.0,Year,No,,94786.0,True
Certified,H-1B,TTI Associate Research Scientist,17-2081.00,Environmental Engineers,Y,0,TEXAS A&M TRANSPORTATION INSTITUTE,Bryan,TX,116214.86,Year,No,,116214.86,False
Certified,H-1B,Entry Level Architectural Designer,17-1011.00,"Architects, Except Landscape and Naval",Y,1,"HELLYER LEWIS SMITH, INC.",Philadelphia,PA,66500.0,Year,No,,66500.0,False
Certified,H-1B,Thermal-Mechanical Engineer - Engineer II,17-2161.00,Nuclear Engineers,Y,1,FRAMATOME INC.,Lynchburg,VA,92144.0,Year,No,,92144.0,False
Certified,H-1B,Engineer I,17-2141.00,Mechanical Engineers,Y,1,JC RESIDENTIAL AND LIGHT COMMERCIAL LLC,NORMAN,OK,67018.0,Year,No,,67018.0,False
Certified,H-1B,CONTROLS ENGINEER 1,17-2071.00,Electrical Engineers,Y,1,"COMPUSOFT INTEGRATED SOLUTIONS, INC",CHILLICOTHE,IL,72800.0,Year,No,,72800.0,False
Certified - Withdrawn,H-1B,Junior Designer,17-1011.00,"Architects, Except Landscape and Naval",Y,1,GUNKEL ARCHITECTURE INC.,Emeryville,CA,77529.0,Year,No,,77529.0,True
Certified,H-1B,Junior Project Engineer,17-2051.00,Civil Engineers,Y,1,"COREBRACE, LLC",West Jordan,UT,84000.0,Year,No,,84000.0,False
Certified,H-1B,Design Engineer II - KBGFJG186914-4,17-2141.00,Mechanical Engineers,Y,0,"MOLEX, LLC",Rochester Hills,MI,95000.0,Year,No,,95000.0,False
Certified,H-1B,Electric Generation System Specialist I,17-2199.03,"Energy Engineers, Except Wind and Solar",Y,1,CALIFORNIA ENERGY COMMISSION,Sacramento,CA,8721.0,Month,No,,104652.0,True
Certified,H-1B,Graduate Structural Engineer,17-2051.00,Civil Engineers,Y,1,DPIS ENGINEERING LLC,Houston,TX,64355.0,Year,No,,64355.0,False
Certified,H-1B,Civil Engineer I (Construction),17-2051.00,Civil Engineers,Y,1,MESABI METALLICS COMPANY LLC,Nashwauk,MN,72000.0,Year,No,,72000.0,False
Certified,H-1B,Civil Engineer I (Pelletization),17-2051.00,Civil Engineers,Y,1,MESABI METALLICS COMPANY LLC,Nashwauk,MN,72000.0,Year,No,,72000.0,False
Certified,H-1B,System Specialist II,17-2071.00,Electrical Engineers,Y,0,"CLIMATEC, LLC",Anaheim,CA,140116.0,Year,No,,140116.0,True
Certified,H-1B,Civil Engineer 1,17-2051.00,Civil Engineers,Y,1,CITY OF PHILADELPHIA,Philadelphia,PA,71841.0,Year,No,,71841.0,False
Certified,H-1B,Associate 2,17-2071.00,Electrical Engineers,Y,1,SARGENT & LUNDY LLC,Lone Tree,CO,81786.0,Year,No,,81786.0,False
Certified,H-1B,Architectural Associate,17-1011.00,"Architects, Except Landscape and Naval",Y,1,"ARCHITECT ONE, INC.",Topeka,KS,61506.0,Year,No,,61506.0,False
Certified,H-1B,Battery Cell Test Engineer II,17-2141.00,Mechanical Engineers,Y,0,"RIVIAN AUTOMOTIVE, LLC",Tustin,CA,110000.0,Year,No,,110000.0,True
Certified,H-1B,Assistant Professor-Mechanical Engineering,25-1032.00,"Engineering Teachers, Postsecondary",Y,1,THE CURATORS OF THE UNIVERSITY OF MISSOURI/UNIVERSITY OF MISSOURI-KANSAS CITY,Kansas City,MO,97000.0,Year,No,,97000.0,False
Certified,H-1B,Project Engineer 2,17-2051.00,Civil Engineers,Y,1,"SHREWSBERRY & ASSOCIATES, LLC",Indianapolis,IN,98990.0,Year,No,,98990.0,False
Certified,H-1B,Mechanical Engineer 2,17-2141.00,Mechanical Engineers,Y,0,CAPGEMINI AMERICA INC,KINSTON,NC,110000.0,Year,No,,110000.0,False
Certified,H-1B,Systems Studies Engineer II,17-2071.00,Electrical Engineers,Y,0,"MITSUBISHI ELECTRIC POWER PRODUCTS, INC.",Irving,TX,103327.0,Year,No,,103327.0,False
Certified,H-1B,Electrical Engineer I,17-2071.00,Electrical Engineers,Y,1,"THE WATTSTOPPER, INC.",Carlsbad,CA,90480.0,Year,No,,90480.0,True
Certified,H-1B,Mechanical Engineer I,17-2141.00,Mechanical Engineers,Y,1,MESABI METALLICS COMPANY LLC,Nashwauk,MN,72000.0,Year,No,,72000.0,False
Certified,H-1B,Structural Engineer II,17-2051.00,Civil Engineers,Y,1,KCS CORPORATION,Schaumburg,IL,86736.0,Year,No,,86736.0,False
Certified,H-1B,Environmental Program Associate,19-2041.01,Climate Change Policy Analysts,Y,1,"TRADEWATER, LLC",Winston-Salem,NC,63300.0,Year,No,,63300.0,False
Certified,H-1B,Mechanical Engineer I,17-2141.00,Mechanical Engineers,Y,1,MESABI METALLICS COMPANY LLC,Nashwauk,MN,72000.0,Year,No,,72000.0,False
Certified,H-1B,Civil Engineer I,17-2051.00,Civil Engineers,Y,1,MESABI METALLICS COMPANY LLC,Nashwauk,MN,72000.0,Year,No,,72000.0,False
Certified,H-1B,Graduate Architect,17-1011.00,"Architects, Except Landscape and Naval",Y,1,"URVANX, INC.",Miami,FL,63901.76,Year,No,,63901.76,False
Certified,H-1B,Civil Engineer I (Structure),17-2051.00,Civil Engineers,Y,1,MESABI METALLICS COMPANY LLC,Nashwauk,MN,72000.0,Year,No,,72000.0,False
Certified,H-1B,Mechanical Engineer 2,17-2141.00,Mechanical Engineers,Y,0,CAPGEMINI AMERICA INC,KINSTON,NC,115000.0,Year,No,,115000.0,False
Certified,H-1B,Process Automation Engineer I,17-2199.05,Mechatronics Engineers,Y,1,ARCHER DANIELS MIDLAND COMPANY,Enderlin,ND,85000.0,Year,No,,85000.0,False
Certified,H-1B,Jr Virtual Design & Construction Coordinator,17-2051.00,Civil Engineers,Y,1,"HARPER GENERAL CONTRACTORS, INC.",Greenville,SC,68370.0,Week,No,,3555240.0,False
Certified,H-1B1 Singapore,Mechanical Engineer II,17-2141.00,Mechanical Engineers,Y,0,LENNOX INTERNATIONAL INC.,Carrolton,TX,86466.0,Year,,,86466.0,False
Certified,H-1B,Engineer I,17-2141.00,Mechanical Engineers,Y,1,JC RESIDENTIAL AND LIGHT COMMERCIAL LLC,WICHITA,KS,65707.0,Year,No,,65707.0,False
Certified,H-1B,Controls Engineer I,17-2199.00,"Engineers, All Other",Y,1,OPPORTUNITIES INC. OF JEFFERSON COUNTY,Fort Atkinson,WI,69930.0,Year,No,,69930.0,False
Certified,H-1B,Associate 3,17-2071.00,Electrical Engineers,Y,1,SARGENT & LUNDY LLC,Chicago,IL,93122.0,Year,No,,93122.0,False
Certified,H-1B,Associate Solar Engineer,17-2199.11,Solar Energy Systems Engineers,Y,1,HELIOVOLTA LLC,Iselin,NJ,69000.0,Year,No,,69000.0,False
Certified,H-1B,Controls Engineer II,17-2199.05,Mechatronics Engineers,Y,1,BEUMER CORPORATION,Somerset,NJ,117624.0,Year,No,,117624.0,False
Certified,H-1B,Traffic Engineer in Training (EIT),17-2051.01,Transportation Engineers,Y,1,"HDR ENGINEERING, INC.",Jacksonville,FL,78478.4,Year,No,,78478.4,False
Certified,H-1B,Associate Engineer,17-2071.00,Electrical Engineers,Y,1,"ATLANTIC CITY ELECTRIC, AN EXELON COMPANY",Newark,DE,78166.0,Year,No,,78166.0,False
Certified,H-1B,Junior Designer,17-1011.00,"Architects, Except Landscape and Naval",Y,1,OMA AMO ARCHITECTURE PC,New York,NY,65686.0,Year,No,,65686.0,False
Certified,H-1B,Civil Engineer II,17-2051.00,Civil Engineers,Y,1,"AECOM TECHNICAL SERVICES, INC.",New York,NY,82955.0,Year,No,,82955.0,False
Certified,H-1B,CEI Construction Engineer II,17-2051.00,Civil Engineers,Y,1,"AECOM TECHNICAL SERVICES, INC.",Austin,TX,83844.0,Year,No,,83844.0,False
Certified,H-1B,Civil Engineer I,17-2051.00,Civil Engineers,Y,1,"CRAWFORD, MURPHY & TILLY, INC.",Peoria,IL,77184.48,Year,No,,77184.48,False
Certified,H-1B,Engineer II (Electrical Inspector - Bridge),17-2071.00,Electrical Engineers,Y,1,PARSONS TRANSPORTATION GROUP INC.,New York,NY,90000.0,Year,No,,90000.0,False
Certified,H-1B,Mechanical Engineer I,17-2141.00,Mechanical Engineers,Y,1,TOYOTA MATERIAL HANDLING INC.,Columbus,IN,89960.0,Year,No,,89960.0,False
Certified,H-1B,Graduate Engineer,17-2051.00,Civil Engineers,Y,1,"AMANI ENGINEERING, INC.",Houston,TX,64355.0,Year,No,,64355.0,False
Certified,H-1B,Graduate Technical Consultant,17-2071.00,Electrical Engineers,Y,1,"WORLEY GROUP, INC.",Folsom,CA,91811.2,Year,No,,91811.2,True
Certified,H-1B,Transportation Engineer 1,17-2051.01,Transportation Engineers,Y,1,"ARCADIS U.S., INC.",Atlanta,GA,70096.0,Year,No,,70096.0,False
Certified,H-1B,R&D SYSTEMS MECHANICAL ENGINEER I,17-2141.00,Mechanical Engineers,Y,1,"AAON, INC.",TULSA,OK,87538.0,Year,No,,87538.0,False
Certified,H-1B,Power Systems Engineer I,17-2071.00,Electrical Engineers,Y,1,"OPEN SYSTEMS INTERNATIONAL, INC.",Medina,MN,76898.0,Year,No,,76898.0,False
Certified,H-1B,Project Engineer I,17-2051.00,Civil Engineers,Y,0,M. A. MORTENSON COMPANY,Rayville,LA,6983.59,Month,No,,83803.08,False
Certified,H-1B,Junior Electrical Engineer,17-2071.00,Electrical Engineers,Y,1,"HATCH ASSOCIATES CONSULTANTS, INC.",Houston,TX,88000.0,Year,No,,88000.0,False
Certified,H-1B,"Associate Engineer, Reliability Engineering",17-2071.00,Electrical Engineers,Y,1,"ANALOG DEVICES, INC.",San Jose,CA,99275.0,Year,No,,99275.0,True
Certified,H-1B,Civil Engineer I,17-2051.00,Civil Engineers,Y,1,"CRAWFORD, MURPHY & TILLY, INC.",Peoria,IL,72748.0,Year,No,,72748.0,False
Certified,H-1B,Associate 1,17-2071.00,Electrical Engineers,Y,1,SARGENT & LUNDY LLC,Chicago,IL,73237.0,Year,No,,73237.0,False
Certified,H-1B,Research Scientist I [00086501],19-2041.00,"Environmental Scientists and Specialists, Including Health",N,0,"WOODWELL CLIMATE RESEARCH CENTER, INC.",Falmouth,MA,35.12,Hour,No,,73049.59999999999,False
Certified,H-1B,Engineer I,17-2051.01,Transportation Engineers,Y,0,"CRAWFORD, MURPHY & TILLY, INC.",Indianapolis,IN,91099.92,Year,No,,91099.92,False
Certified,H-1B,Junior Electrical Engineer,17-2071.00,Electrical Engineers,Y,1,"HATCH ASSOCIATES CONSULTANTS, INC.",Pittsburgh,PA,85900.0,Year,No,,85900.0,False
Certified,H-1B,Engineer 1,17-2071.00,Electrical Engineers,Y,1,PACIFICORP,Portland,OR,93436.08,Year,No,,93436.08,False
Certified,H-1B,Project Controls Analyst II,17-2051.00,Civil Engineers,Y,0,"AECOM TECHNICAL SERVICES, INC.",Arlington,VA,80500.0,Year,No,,80500.0,False
Certified,H-1B,Civil Engineer- EIT,17-2051.00,Civil Engineers,Y,1,STANTEC CONSULTING SERVICES INC.,Tampa,FL,70900.0,Year,No,,70900.0,False
Certified,H-1B,Water Resources EIT,17-2081.00,Environmental Engineers,Y,1,STANTEC CONSULTING SERVICES INC.,Nashville,TN,78665.6,Year,No,,78665.6,False
Certified,H-1B,Structural Engineer EIT,17-2051.00,Civil Engineers,Y,1,STANTEC CONSULTING SERVICES INC.,Clearwater,FL,78686.4,Year,No,,78686.4,False
Certified,H-1B,Junior Electrical Engineer,17-2071.00,Electrical Engineers,Y,1,"RGD & ASSOCIATES, INC.",Jupiter,FL,111239.96,Year,No,,111239.96,False
Certified,H-1B,Graduate Engineer,17-2051.00,Civil Engineers,Y,1,"WESTRA CONSULTANTS, LLC",Arlington,TX,67600.0,Year,No,,67600.0,False
Certified,H-1B,Mechanical Engineer Associate,17-2141.00,Mechanical Engineers,Y,1,"TAILSTORM HEALTH, INC",Chandler,AZ,87090.0,Year,No,,87090.0,False
Certified,H-1B,Mechanical Engineer Associate,17-2141.00,Mechanical Engineers,Y,1,"TAILSTORM HEALTH, INC",Chandler,AZ,72696.0,Year,No,,72696.0,False
Certified,H-1B,Associate 2,17-2051.00,Civil Engineers,Y,1,SARGENT & LUNDY LLC,Chicago,IL,86736.0,Year,No,,86736.0,False
Certified,H-1B,Transportation Engineer 1,17-2051.01,Transportation Engineers,Y,1,CONNECTICUT DEPARTMENT OF TRANSPORTATION,Newington,CT,72629.0,Year,No,,72629.0,False
Certified,H-1B,Architectural Intern,17-1011.00,"Architects, Except Landscape and Naval",Y,1,"ALLIANCE ARCHITECTS, INC.",Richardson,TX,68000.0,Year,No,,68000.0,False
Certified,H-1B,Project Engineer I,17-2141.00,Mechanical Engineers,Y,0,"WILLDAN LIGHTING AND ELECTRIC, INC.",New York,NY,74027.0,Year,No,,74027.0,False
Certified,H-1B,Engineering Research Associate,17-2051.00,Civil Engineers,N,0,CITY OF FORT WAYNE,Fort Wayne,IN,35.0,Hour,No,,72800.0,False
Certified,H-1B,Engineer in Training 1,17-2071.00,Electrical Engineers,Y,1,"SMITH SECKMAN REID, INC.",Tampa,FL,74318.0,Year,No,,74318.0,False
Certified,H-1B,Application Engineer II SCBU,17-2071.00,Electrical Engineers,Y,1,"ANSYS, INC.",Austin,TX,101982.0,Year,No,,101982.0,False
Certified,H-1B,Engineer II,17-2199.11,Solar Energy Systems Engineers,Y,1,"ENGIE NORTH AMERICA, INC.",Broomfield,CO,82390.0,Year,No,,82390.0,False
Certified,H-1B,Electrical Engineer in Training,17-2071.00,Electrical Engineers,Y,1,STANTEC CONSULTING SERVICES INC.,Chandler,AZ,84489.6,Year,No,,84489.6,False
Certified,H-1B,Civil Engineer in Training,17-2051.00,Civil Engineers,Y,0,STANTEC CONSULTING SERVICES INC.,Deerfield Beach,FL,78000.0,Year,No,,78000.0,False
Certified,H-1B,Field Engineer 1,17-2051.00,Civil Engineers,Y,1,"SKANSKA USA CIVIL NORTHEAST, INC.",Allston,MA,85000.0,Year,No,,85000.0,False
Certified,H-1B,Transportation Engineer 1,17-2051.01,Transportation Engineers,Y,1,CONNECTICUT DEPARTMENT OF TRANSPORTATION,Newington,CT,81047.0,Year,No,,81047.0,False
Certified,H-1B,Engineering Research Associate,17-2051.00,Civil Engineers,N,0,CITY OF FORT WAYNE,Fort Wayne,IN,35.0,Hour,No,,72800.0,False
Certified,H-1B,Mechanical Engineer Associate,17-2141.00,Mechanical Engineers,Y,1,"TAILSTORM HEALTH, INC",Chandler,AZ,75234.0,Year,No,,75234.0,False
Certified,H-1B,Transportation Engineer 1,17-2051.01,Transportation Engineers,Y,1,CONNECTICUT DEPARTMENT OF TRANSPORTATION,Newington,CT,83403.0,Year,No,,83403.0,False
Certified,H-1B,"Junior Architect, Design",17-1011.00,"Architects, Except Landscape and Naval",Y,1,YUNG ARCHITECTURE LLC,Duluth,GA,63086.0,Year,No,,63086.0,False
Certified,H-1B,Flow Assurance Engineer II,17-2141.00,Mechanical Engineers,Y,1,"WORLEY GROUP, INC.",Houston,TX,108118.4,Year,No,,108118.4,False
Certified,H-1B,Architectural Preservation Associate,17-1011.00,"Architects, Except Landscape and Naval",Y,1,SIMPLE DESIGN STUDIO ARCHITECTS P.C.,New York,NY,78000.0,Year,No,,78000.0,False
Certified,H-1B,Transportation Engineer 1,17-2051.01,Transportation Engineers,Y,1,CONNECTICUT DEPARTMENT OF TRANSPORTATION,Newington,CT,81047.0,Year,No,,81047.0,False
Certified,H-1B,Mechanical Design Engineer II,17-2141.00,Mechanical Engineers,Y,0,"MEDTRONIC, INC.",Mounds View,MN,87381.0,Year,No,,87381.0,False
Certified,H-1B,Engineer in Training I,17-2071.00,Electrical Engineers,Y,1,"SMITH SECKMAN REID, INC.",Memphis,TN,68661.0,Year,No,,68661.0,False
Certified,H-1B,Water Resources Engineer  EIT,17-2051.00,Civil Engineers,Y,1,STANTEC CONSULTING SERVICES INC.,Laurel,MD,107806.4,Year,No,,107806.4,False
Certified,H-1B,Engineer in Training I,17-2071.00,Electrical Engineers,Y,1,"SMITH SECKMAN REID, INC.",Fort Worth,TX,62213.0,Year,No,,62213.0,False
Certified,H-1B,Engineer in Training I,17-2051.00,Civil Engineers,Y,1,"WOOLPERT, INC.",Indianapolis,IN,75004.18,Year,No,,75004.18,False
Certified,H-1B,Junior Architectural Designer,17-1011.00,"Architects, Except Landscape and Naval",Y,1,RAN ORON DESIGN CORP,New York,NY,65686.0,Year,No,,65686.0,False
Certified,H-1B,Engineer II,17-2071.00,Electrical Engineers,Y,1,"NORTHERN STATES POWER COMPANY, MINNESOTA",Welch,MN,121610.0,Year,No,,121610.0,False
Certified,H-1B,Junior Designer,17-1011.00,"Architects, Except Landscape and Naval",Y,1,OMA AMO ARCHITECTURE PC,New York,NY,65686.0,Year,No,,65686.0,False
Certified,H-1B,Intern Architect,17-1011.00,"Architects, Except Landscape and Naval",N,1,"FREYER COLLABORATIVE ARCHITECTS, PLLC",New York,NY,31.58,Hour,No,,65686.4,False
Certified,H-1B,Autonomy Systems Engineer II,17-2051.01,Transportation Engineers,Y,1,"DIDI RESEARCH AMERICA, LLC",San Jose,CA,110000.0,Year,No,,110000.0,True
Certified,H-1B,Graduate Engineer B,17-2051.00,Civil Engineers,Y,1,CITY OF AUSTIN,Austin,TX,79539.2,Year,No,,79539.2,False
Certified,H-1B,"Assistant Professor, Mechanical Engineering",25-1032.00,"Engineering Teachers, Postsecondary",Y,1,THE UNIVERSITY OF ALABAMA,Tuscaloosa,AL,106000.0,Year,No,,106000.0,False
Certified,H-1B,Civil Associate I,17-2051.02,Water/Wastewater Engineers,Y,1,"MICHAEL BAKER INTERNATIONAL, INC.",Virginia Beach,VA,64438.0,Year,No,,64438.0,False
Certified,H-1B,Architectural Preservation Associate,17-1011.00,"Architects, Except Landscape and Naval",Y,1,SIMPLE DESIGN STUDIO ARCHITECTS P.C.,New York,NY,74000.0,Year,No,,74000.0,False
Certified,H-1B,Assistant Engineer I,17-2051.00,Civil Engineers,Y,1,"HAZEN AND SAWYER, D.P.C.",Buffalo,NY,83741.0,Year,No,,83741.0,False
Certified,H-1B,Junior Designer,17-1011.00,"Architects, Except Landscape and Naval",Y,1,"ALLIED WORKS ARCHITECTURE, INC.",Portland,OR,66310.0,Year,No,,66310.0,False
Certified,H-1B,Transportation Engineer 2,17-2051.01,Transportation Engineers,Y,1,CONNECTICUT DEPARTMENT OF TRANSPORTATION,Newington,CT,99477.0,Year,No,,99477.0,False
Certified,H-1B,Transportation Engineer 1,17-2051.01,Transportation Engineers,Y,1,CONNECTICUT DEPARTMENT OF TRANSPORTATION,Newington,CT,81047.0,Year,No,,81047.0,False
Certified,H-1B,Graduate Engineer “ Traffic,17-2051.01,Transportation Engineers,Y,0,WSB LLC,Austin,TX,64979.0,Year,No,,64979.0,False
Certified,H-1B,Transportation Engineer 1,17-2051.01,Transportation Engineers,Y,1,CONNECTICUT DEPARTMENT OF TRANSPORTATION,Newington,CT,72629.0,Year,No,,72629.0,False
Certified,H-1B,Transportation Engineer 1,17-2051.01,Transportation Engineers,Y,1,CONNECTICUT DEPARTMENT OF TRANSPORTATION,Newington,CT,81047.0,Year,No,,81047.0,False
Certified,H-1B,Engineer I,17-2071.00,Electrical Engineers,Y,1,PACIFICORP,Portland,OR,98700.0,Year,No,,98700.0,False
Certified,H-1B,Associate Field Service Engineer,17-2141.00,Mechanical Engineers,Y,1,ELEKTA INC.,Youngstown,OH,73000.0,Year,No,,73000.0,False
Certified,H-1B,Assistant Engineer II,17-2051.00,Civil Engineers,Y,1,"HAZEN AND SAWYER, D.P.C.",San Francisco,CA,86528.0,Year,No,,86528.0,True
Certified,H-1B,RF Engineer Level II,17-2071,Electrical Engineers,Y,1,"GLOBAL TECHNOLOGY ASSOCIATES, LLC",Allen,TX,84000.0,Year,No,,84000.0,False
Certified,H-1B,Associate (Fire Protection Engineer),17-2111.02,Fire-Prevention and Protection Engineers,Y,1,"JENSEN HUGHES, INC.",Concord,CA,86570.0,Year,No,,86570.0,True
Certified,H-1B,Building Analyst I,17-2199.03,"Energy Engineers, Except Wind and Solar",Y,1,"CYCLONE GROUP, P.C.",Chicago,IL,71968.0,Year,No,,71968.0,False
Certified,H-1B,"Associate Engineer, Wind Project",17-2199.10,Wind Energy Engineers,Y,1,"AES CLEAN ENERGY SERVICES, LLC",Louisville,CO,101274.75,Year,No,,101274.75,False
Certified,H-1B,Associate Application Engineer--Automation,17-2071.00,Electrical Engineers,Y,1,"SCHWEITZER ENGINEERING LABORATORIES, INC.",Nashua,NH,92700.0,Year,No,,92700.0,False
Certified,H-1B,Professional Engineer II,17-2051.00,Civil Engineers,Y,1,"BLUESCOPE BUILDINGS NORTH AMERICA, INC.",Annville,PA,127490.0,Year,No,,127490.0,False
Certified,H-1B,Mechanical Engineer II,17-2141.00,Mechanical Engineers,Y,0,FRIESEN'S INC.,Shakopee,MN,88026.0,Year,No,,88026.0,False
Certified,H-1B,Architect Level 2 ,17-1011.00,"Architects, Except Landscape and Naval",Y,0,"KUTH RANIERI ARCHITECTS, LLP",San Francisco,CA,91000.0,Year,No,,91000.0,True
Certified,H-1B,Junior Engineer,17-2051.00,Civil Engineers,Y,1,"MACCONNELL & ASSOCIATES, PC",Cary,NC,67891.0,Year,No,,67891.0,False
Certified,H-1B,Project Controls Engineer II,17-2051.00,Civil Engineers,Y,1,AEGIS PROJECT CONTROLS CORP,Dallas,TX,71906.0,Year,No,,71906.0,False
Certified,H-1B,Water Engineer 2,17-2051.02,Water/Wastewater Engineers,Y,1,"ARCADIS U.S., INC.",San Francisco,CA,100006.4,Year,No,,100006.4,True
Certified,H-1B,Sustainability Analyst I,17-2199.03,"Energy Engineers, Except Wind and Solar",Y,1,"CYCLONE GROUP, P.C.",Chicago,IL,71968.0,Year,No,,71968.0,False
Certified,H-1B,Civil Engineer I,17-2051.00,Civil Engineers,Y,1,FUTURE CONSTRUCTION CORP,Brooklyn,NY,75000.0,Year,No,,75000.0,False
Certified,H-1B,Associate Application Engineer--Automation,17-2071.00,Electrical Engineers,Y,1,"SCHWEITZER ENGINEERING LABORATORIES, INC.",Columbus,GA,90640.0,Year,No,,90640.0,False
Certified,H-1B,Systems Engineer 1 (Mechatronics Engineering),17-2199.05,Mechatronics Engineers,Y,1,"ROVISYS BUILDING TECHNOLOGIES, LLC",Aurora,OH,78000.0,Year,No,,78000.0,False
Certified,H-1B,Application Engineer II SCBU,17-2071.00,Electrical Engineers,Y,1,"ANSYS, INC.",San Jose,CA,106946.0,Year,No,,106946.0,True
Certified,H-1B,Associate,17-1011.00,"Architects, Except Landscape and Naval",N,1,MG ARCHITECTURE URBANISM LLC,Englewood Cliffs,NJ,31.58,Hour,No,,65686.4,False
Certified,H-1B,Mechanical Reliability Engineer 2,17-2141.00,Mechanical Engineers,Y,1,MOSAIC FERTILIZER LLC,Mulberry,FL,90000.0,Year,No,,90000.0,False
Certified,H-1B,Audit & Assurance Sustainability Assistant,13-2011.00,Accountants and Auditors,Y,1,DELOITTE & TOUCHE LLP,Los Angeles,CA,78000.0,Year,No,,78000.0,True
Certified,H-1B,Junior Project Engineer,17-2051.00,Civil Engineers,Y,1,"COREBRACE, LLC",West Jordan,UT,77000.0,Year,No,,77000.0,False
Certified,H-1B,Transportation Engineer 2,17-2051.01,Transportation Engineers,Y,1,"ARCADIS U.S., INC.",Dallas,TX,79216.38,Year,No,,79216.38,False
Certified,H-1B,Construction Engineer Level II,17-2051.00,Civil Engineers,Y,1,MOBILICT TECHNOLOGIES LLC,Dallas,TX,81702.0,Year,No,,81702.0,False
Certified,H-1B,Electrical Engineer II,17-2071.00,Electrical Engineers,Y,1,"SAFRAN TEST CELLS, INC.",New Brighton,MN,88156.0,Year,No,,88156.0,False
Certified,H-1B,Design Engineer II,17-2071.00,Electrical Engineers,Y,1,ARI HOLDINGS LLC,East Peoria,IL,68515.0,Year,No,,68515.0,False
Certified,H-1B,Junior Project Engineer,17-2051.01,Transportation Engineers,Y,1,"JACOBS ENGINEERING GROUP, INC.",Atlanta,GA,70018.0,Year,No,,70018.0,False
Certified,H-1B,Engineering Associate,17-2141.00,Mechanical Engineers,Y,1,"TAILSTORM HEALTH, INC",Chandler,AZ,87090.0,Year,No,,87090.0,False
Certified,H-1B,Transportation Engineer 2,17-2051.01,Transportation Engineers,Y,1,"ARCADIS U.S., INC.",Atlanta,GA,74817.6,Year,No,,74817.6,False
Certified,H-1B,Audit & Assurance Sustainability Assistant,13-2011.00,Accountants and Auditors,Y,1,DELOITTE & TOUCHE LLP,Los Angeles,CA,61526.0,Year,No,,61526.0,True
Certified,H-1B,Mechanical Product Design Engineer II,17-2141.00,Mechanical Engineers,Y,1,DETROIT DIESEL CORPORATION,Detroit,MI,95000.0,Year,No,,95000.0,False
Certified,H-1B,Rail Engineer in Training (EIT),17-2051.00,Civil Engineers,Y,1,"HDR ENGINEERING, INC.",Portland,OR,78582.4,Year,No,,78582.4,False
Certified,H-1B,Intern Architect,17-1011.00,"Architects, Except Landscape and Naval",Y,1,"VALENTINER CRANE BRUNJES ONYON ARCHITECTS, LLC",Salt Lake City,UT,64896.0,Year,No,,64896.0,False
Certified - Withdrawn,H-1B,Civil/Structural Engineer Co-Op,17-2051.00,Civil Engineers,Y,1,LINDE ENGINEERING NORTH AMERICA LLC,Tonawanda,NY,82816.56,Year,No,,82816.56,False
Certified - Withdrawn,H-1B,Engineer I,17-2141.00,Mechanical Engineers,Y,1,"SAMSUNG AUSTIN SEMICONDUCTOR, LLC.",Austin,TX,89419.0,Year,No,,89419.0,False
Certified - Withdrawn,H-1B,Architectural Designer (Architectural Intern),17-1011.00,"Architects, Except Landscape and Naval",Y,0,ZIMMER GUNSUL FRASCA ARCHITECTS LLP,Washington,DC,88073.9,Year,No,,88073.9,False
Certified,H-1B,Engineer II - Substation Engineering,17-2071.00,Electrical Engineers,Y,1,"LUZCO TECHNOLOGIES, LLC",St. Louis,MO,75000.0,Year,No,,75000.0,False
Certified,H-1B,Associate Power Engineer,17-2071.00,Electrical Engineers,Y,1,"SCHWEITZER ENGINEERING LABORATORIES, INC.",King of Prussia,PA,99621.0,Year,No,,99621.0,False
Certified,H-1B,"Associate, Electrical (Project Engineer)",17-2071.00,Electrical Engineers,Y,0,"AMA CONSULTING ENGINEERS, P.C.",Hannover Park,IL,116000.0,Year,No,,116000.0,False
Certified,H-1B,Mobility Wireless Engineer Level II,17-2071.00,Electrical Engineers,Y,1,MOBILICT TECHNOLOGIES LLC,Dallas,TX,82722.0,Year,No,,82722.0,False
Certified,H-1B,Mechanical Engineer 1,17-2141.00,Mechanical Engineers,Y,1,CUSTOM DREDGE WORKS INC.,Topeka,KS,60000.0,Year,No,,60000.0,False
Certified,H-1B,Civil Engineer 2.,17-2051.00,Civil Engineers,Y,0,"ARCADIS U.S., INC.",Highlands Ranch,CO,101649.6,Year,No,,101649.6,False
Certified,H-1B,Civil Engineer II,17-2051.00,Civil Engineers,Y,1,"MICHAEL BAKER INTERNATIONAL, INC.",Madison,WI,85619.0,Year,No,,85619.0,False
Certified,H-1B,Engineer I,17-2141.00,Mechanical Engineers,Y,1,PROGRESS RAIL SERVICES CORPORATION,Sherman,TX,86757.0,Year,No,,86757.0,False
Certified,H-1B,Associate Integration & Automation Engineer,17-2071.00,Electrical Engineers,Y,1,"SCHWEITZER ENGINEERING LABORATORIES, INC.",King of Prussia,PA,98112.0,Year,No,,98112.0,False
Certified,H-1B,Engineer II,17-2081.00,Environmental Engineers,Y,1,"GZA GEOENVIRONMENTAL, INC.",Norwood,MA,77064.0,Year,No,,77064.0,False
Certified,H-1B,Associate Mechanical Design Engineer,17-2141.00,Mechanical Engineers,Y,1,"TESLA, INC.",Fremont,CA,113000.0,Year,No,,113000.0,True
Certified,H-1B,Chemical EIT,17-2051.02,Water/Wastewater Engineers,Y,1,STANTEC CONSULTING SERVICES INC.,Houston,TX,85000.0,Year,No,,85000.0,False
Certified,H-1B,"Engineer I, Transportation",17-2051.01,Transportation Engineers,Y,1,"BOWMAN CONSULTING GROUP, LTD.",Richmond,VA,73000.0,Year,No,,73000.0,False
Certified,H-1B,Snr Electrical Engineer I,17-2071.00,Electrical Engineers,Y,0,ASM AMERICA INC.,Phoenix,AZ,116106.0,Year,No,,116106.0,False
Certified,H-1B,Engineer II- Systems,17-2141.00,Mechanical Engineers,Y,1,"ZF ACTIVE SAFETY AND ELECTRONICS US, LLC",Lafayette,IN,97760.0,Year,No,,97760.0,False
Certified,H-1B,Water Resources EIT-Transportation Drainage,17-2051.02,Water/Wastewater Engineers,Y,1,"JACOBS ENGINEERING GROUP, INC.",Dallas,TX,83000.0,Year,No,,83000.0,False
Certified,H-1B,Junior Hardware Designer,17-2071.00,Electrical Engineers,Y,1,MURANO CORPORATION,Durham,NC,83470.0,Year,No,,83470.0,False
Certified,H-1B,Electrical Engineer 1,17-2071.00,Electrical Engineers,Y,1,BLACK & VEATCH CORPORATION,Walnut Creek,CA,99445.0,Year,No,,99445.0,True
Certified,H-1B,Snr Field Service Engineer I,17-2141.00,Mechanical Engineers,Y,1,ASM AMERICA INC.,San Jose,CA,97365.0,Year,No,,97365.0,True
Certified - Withdrawn,H-1B,Quality Control Engineer I,17-2051.00,Civil Engineers,Y,1,"ROCKY MOUNTAIN PRECAST, LLC",Yigo,GU,48443.0,Year,No,,48443.0,False
Certified,H-1B,Engineer in Training,17-2199.00,"Engineers, All Other",Y,1,R.R.P. CONSULTING ENGINEERS LLC,Houston,TX,76939.0,Year,No,,76939.0,False
Certified,H-1B,Environmental Scientist II,19-2041.00,"Environmental Scientists and Specialists, Including Health",Y,0,J.S. HELD LLC,Summit,NJ,77106.0,Year,No,,77106.0,False
Certified,H-1B,Testing & Commissioning Engineer I,17-2071.00,Electrical Engineers,Y,1,"TRC ENGINEERS, LLC",Windsor,CT,85009.6,Year,No,,85009.6,False
Certified,H-1B,Civil Engineer 1,17-2051.00,Civil Engineers,Y,1,BLACK & VEATCH CORPORATION,Houston,TX,64355.0,Year,No,,64355.0,False
Certified,H-1B,Controls Engineer II,17-2071.00,Electrical Engineers,Y,0,"TREW, LLC.",Gainesville,FL,92355.0,Year,No,,92355.0,False
Certified,H-1B,Associate Electrical Engineer,17-2071,Electrical Engineers,Y,1,"VITESCO TECHNOLOGIES USA, LLC",Royal Oak,MI,86950.0,Year,No,,86950.0,False
Certified,H-1B,Engineering Associate,17-2051.00,Civil Engineers,Y,1,"JACOBS ENGINEERING GROUP, INC.",Bellevue,WA,130000.0,Year,No,,130000.0,False
Certified,H-1B,Junior Geotechnical Engineer,17-2051.00,Civil Engineers,Y,1,WOOD THILSTED USA INC.,Boston,MA,95141.0,Year,No,,95141.0,False
Certified,H-1B,ARCHITECTURAL ASSOCIATE,17-1011.00,"Architects, Except Landscape and Naval",Y,1,LENHARDT RODGER ARCHITECTS PC,FT. WASHINGTON,PA,65000.0,Year,No,,65000.0,False
Certified,H-1B,Mechanical Product Design Engineer I,17-2141.00,Mechanical Engineers,Y,1,DETROIT DIESEL CORPORATION,Redford,MI,89737.0,Year,No,,89737.0,False
Certified,H-1B,Reliability Engineer I,17-2141.00,Mechanical Engineers,Y,1,NEVADA GOLD MINES LLC,Carlin,NV,84000.0,Year,No,,84000.0,False
Certified,H-1B,Structural Engineer-EIT,17-2051.00,Civil Engineers,Y,1,"MK AND ASSOCIATES, INC",Plano,TX,64459.0,Year,No,,64459.0,False
Certified,H-1B,Junior Architect,17-1011.00,"Architects, Except Landscape and Naval",Y,1,"ALLEN KILLCOYNE ARCHITECTS, LLP",New York,NY,65686.0,Year,No,,65686.0,False
Certified,H-1B,GRADUATE ENGINEER,17-2051.00,Civil Engineers,Y,0,"ANLARR BUILDERS, LLC",HOUSTON,TX,30.94,Hour,No,,64355.200000000004,False
Certified,H-1B,Engineer in Training,17-2051.00,Civil Engineers,Y,1,REDBUILT LLC,Boise,ID,33.17,Hour,No,,68993.6,False
Certified,H-1B,Associate Designer,17-1011.00,"Architects, Except Landscape and Naval",Y,1,"KE ARCH, INC D/B/A ARCX STUDIO",Cincinnati,OH,30.05,Hour,No,,62504.0,False
Certified,H-1B,ASSISTANT RESIDENT ENGINEER,17-2051.00,Civil Engineers,Y,0,"JACOBS CIVIL CONSULTANTS, INC.",CLARK,NJ,130000.0,Year,No,,130000.0,False
Certified,H-1B,Environmental Engineer 2,17-2051.02,Water/Wastewater Engineers,Y,1,CDM SMITH INC.,Manchester,NH,81224.0,Year,No,,81224.0,False
Certified,H-1B,Project Engineer II,17-2199.03,"Energy Engineers, Except Wind and Solar",Y,1,ENGIE SERVICES U.S. INC.,Overland Park,KS,78645.0,Year,No,,78645.0,False
Certified,H-1B,Mechanical Engineer 2,17-2141.00,Mechanical Engineers,Y,1,CAPGEMINI AMERICA INC,Auburn Hills,MI,92726.0,Year,No,,92726.0,False
Certified,H-1B,Systems Studies Engineer II,17-2071.00,Electrical Engineers,Y,1,"MITSUBISHI ELECTRIC POWER PRODUCTS, INC.",Pittsburgh,PA,95674.0,Year,No,,95674.0,False
Certified,H-1B,Applied Scientist II,17-2199.08,Robotics Engineers,Y,1,"BOSTON DYNAMICS AI INSTITUTE, LLC",Cambridge,MA,175667.0,Year,No,,175667.0,False
Certified,H-1B,Upgrade Install and Relocation Engineer 2,17-2141.00,Mechanical Engineers,Y,1,"ASML US, LLC",Hillsboro,OR,80053.0,Year,No,,80053.0,False
Certified,H-1B,Transportation Engineer I,17-2051.01,Transportation Engineers,Y,1,"LG2WB ENGINEERS, INC.",Irvine,CA,85425.6,Year,No,,85425.6,True
Certified,H-1B,Research Engineer II,17-2071.00,Electrical Engineers,Y,1,"SOFEC, INC",Houston,TX,100231.0,Year,No,,100231.0,False
Certified,H-1B,Embedded Systems Engineer II,17-2199.05,Mechatronics Engineers,Y,0,"ROGERS, FREELS & ASSOCIATES, INC",Dubuque,IA,101600.72,Year,No,,101600.72,False
Certified,H-1B,Engineer II - Structural,17-2051.00,Civil Engineers,Y,1,MOTT MACDONALD GROUP INC.,Oakland,CA,90600.0,Year,No,,90600.0,True
Certified,H-1B,"Associate Consultant, Enclosures",17-1011.00,"Architects, Except Landscape and Naval",Y,1,WSP USA BUILDINGS INC.,Arlington,VA,86467.26,Year,No,,86467.26,False
Certified,H-1B,Electrical Engineer 1,17-2071.00,Electrical Engineers,Y,1,BLACK & VEATCH CORPORATION,Houston,TX,71490.0,Year,No,,71490.0,False
Certified - Withdrawn,H-1B,Intern Architect,17-1011.00,"Architects, Except Landscape and Naval",Y,0,"PECKHAM GUYTON ALBERS & VIETS, INC.",Westwood,KS,65000.0,Year,No,,65000.0,False
Certified,H-1B,Technology Systems Engineer II,17-2071.00,Electrical Engineers,Y,1,EXYTE U.S. INC.,Chandler,AZ,105000.0,Year,No,,105000.0,False
Certified,H-1B,Graduate Structural Engineer,17-2051.00,Civil Engineers,Y,1,JPS CONSULTING ENGINEERS LLC,Indianapolis,IN,77000.0,Year,No,,77000.0,False
Certified,H-1B,Civil Engineer I,17-2051.00,Civil Engineers,Y,1,"AECOM TECHNICAL SERVICES, INC.",Dallas,TX,73916.0,Year,No,,73916.0,False
Certified,H-1B,Systems Engineer I,17-2199.03,"Energy Engineers, Except Wind and Solar",Y,1,"MERIT SI TECHNOLOGIES, LLC D.B.A. MERIT CONTROLS",Chicago,IL,91000.0,Year,No,,91000.0,False
Certified,H-1B,Associate Mechanical Design Engineer,17-2141.00,Mechanical Engineers,Y,1,"TESLA, INC.",Fremont,CA,112915.0,Year,No,,112915.0,True
Certified,H-1B,Mechanical Engineer II,17-2141.00,Mechanical Engineers,Y,1,"MP MACHINERY AND TESTING, LLC",State College,PA,75816.0,Year,No,,75816.0,False
Certified,H-1B,Associate Power Systems Engineer,17-2071.00,Electrical Engineers,Y,1,"OPEN SYSTEMS INTERNATIONAL, INC.",Plainfield,IL,118450.0,Year,No,,118450.0,False
Certified,H-1B,Mechanical Engineer II,17-2141.00,Mechanical Engineers,Y,1,"STEFANINI, INC.",Greensboro,NC,35.0,Hour,No,,72800.0,False
Certified,H-1B,Junior Architect,17-1011.00,"Architects, Except Landscape and Naval",Y,1,"ATANE ENGINEERS, ARCHITECTS AND LAND SURVEYORS, D.P.C.",New York,NY,31.58,Hour,No,,65686.4,False
Certified,H-1B,Project Engineer II,17-2051.00,Civil Engineers,Y,1,POWER CONTRACTING LLC,Phoenix,AZ,82000.0,Year,No,,82000.0,False
Certified,H-1B,Graduate Civil/Geotechnical Engineer,17-2051.00,Civil Engineers,Y,1,"AECOM TECHNICAL SERVICES, INC.",Denver,CO,75261.0,Year,No,,75261.0,False
Certified,H-1B,Civil Associate II,17-2051.00,Civil Engineers,Y,1,MOFFATT & NICHOL,Costa Mesa,CA,71510.0,Year,No,,71510.0,True
Certified,H-1B,Civil Engineer I,17-2051.00,Civil Engineers,Y,1,"AECOM TECHNICAL SERVICES, INC.",Austin,TX,79268.0,Year,No,,79268.0,False
Certified,H-1B,Engineer II,17-2051.00,Civil Engineers,Y,1,TN AMERICAS LLC,Columbia,MD,84510.0,Year,No,,84510.0,False
Certified,H-1B,Assistant Engineer,17-2051.00,Civil Engineers,Y,1,"WOOD RODGERS, INC.",Orange,CA,71510.0,Year,No,,71510.0,True
Certified,H-1B,Technical Project Engineer II,17-2199.00,"Engineers, All Other",Y,1,"JINKO SOLAR (U.S.) INDUSTRIES, INC.",Jacksonville,FL,83000.0,Year,No,,83000.0,False
Certified,H-1B,Civil Engineer I,17-2051.00,Civil Engineers,Y,1,"AECOM TECHNICAL SERVICES, INC.",Austin,TX,79268.0,Year,No,,79268.0,False
Certified,H-1B,Structural Engineer I,17-2051.00,Civil Engineers,Y,1,"AECOM TECHNICAL SERVICES, INC.",Conshohocken,PA,73440.0,Year,No,,73440.0,False
Certified,H-1B,Process R&D Packaging Engineer II,17-2141.00,Mechanical Engineers,Y,1,MOLSON COORS BEVERAGE COMPANY USA LLC,Milwaukee,WI,105851.0,Year,No,,105851.0,False
Certified,H-1B,Design Engineer I,17-2141.00,Mechanical Engineers,Y,1,RHEEM MANUFACTURING COMPANY,Montgomery,AL,62005.0,Year,No,,62005.0,False
Certified,H-1B,Associate Electrical Engineer,17-2071,Electrical Engineers,Y,1,"VITESCO TECHNOLOGIES USA, LLC",Auburn Hills,MI,86950.0,Year,No,,86950.0,False
Certified,H-1B,Assistant Project Engineer,17-2051.00,Civil Engineers,Y,1,"ATANE ENGINEERS, ARCHITECTS AND LAND SURVEYORS, D.P.C.",New York,NY,35.86,Hour,No,,74588.8,False
Certified,H-1B,Data Center Infrastructure Engineer II,17-2051.00,Civil Engineers,Y,0,"AMAZON DATA SERVICES, INC",Herndon,VA,150000.0,Year,No,,150000.0,False
Certified,H-1B,Associate Mechanical Design Engineer,17-2141.00,Mechanical Engineers,Y,1,"TESLA, INC.",Fremont,CA,112915.0,Year,No,,112915.0,True
Certified,H-1B,Architectural Associate,17-1011.00,"Architects, Except Landscape and Naval",Y,1,"DENHAM-BLYTHE COMPANY, INC.",Lexington,KY,53768.0,Year,No,,53768.0,False
Certified,H-1B,Engineer in Training I,17-2051.00,Civil Engineers,Y,1,"MODJESKI AND MASTERS, INC.",Round Rock,TX,73100.0,Year,No,,73100.0,False
Certified,H-1B,Project Engineer II,17-2051.00,Civil Engineers,Y,1,"PCL CONSTRUCTION, INC.",Salt Lake City,UT,78000.0,Year,No,,78000.0,False
Certified,H-1B,Civil/Structural Junior Engineer,17-2051.00,Civil Engineers,Y,0,"STRAND SYSTEMS ENGINEERING, INC.",Dallas,TX,64459.0,Year,No,,64459.0,False
Certified,H-1B,Civil Engineer I,17-2051.00,Civil Engineers,Y,1,"AECOM TECHNICAL SERVICES, INC.",Meridian,ID,77325.0,Year,No,,77325.0,False
Certified,H-1B,Associate Project Engineer--Protection,17-2071.00,Electrical Engineers,Y,1,"SEL ENGINEERING SERVICES, INC.",Plymouth,MI,86100.0,Year,No,,86100.0,False
Certified,H-1B,Civil Engineering Associate - Roadway Bridge Design,17-2051.00,Civil Engineers,Y,1,TEIM DESIGN PLLC,Oklahoma City,OK,77250.0,Year,No,,77250.0,False
Certified,H-1B,Civil Engineer I,17-2051.00,Civil Engineers,Y,1,"AECOM TECHNICAL SERVICES, INC.",Seattle,WA,80255.0,Year,No,,80255.0,False
Certified,H-1B,Associate Project Engineer--Protection,17-2071.00,Electrical Engineers,Y,1,"SEL ENGINEERING SERVICES, INC.",Alpharetta,GA,86993.0,Year,No,,86993.0,False
Certified,H-1B,Associate Project Engineer--Automation,17-2071.00,Electrical Engineers,Y,1,"SEL ENGINEERING SERVICES, INC.",Alpharetta,GA,82000.0,Year,No,,82000.0,False
Certified,H-1B,GRADUATE ENGINEER,17-2051.00,Civil Engineers,Y,0,"CIVITAS ENGINEERING GROUP, INC.",HOUSTON,TX,104000.0,Year,No,,104000.0,False
Certified,H-1B,Project Engineer II,17-2051.00,Civil Engineers,Y,0,FLATIRON CONSTRUCTION CORP.,Chino,CA,137000.0,Year,No,,137000.0,True
Certified,H-1B,Junior Structural Engineer,17-2051.00,Civil Engineers,Y,1,"FLORIDA ENGINEERING, LLC",Port Charlotte,FL,70000.0,Year,No,,70000.0,False
Certified,H-1B,"Associate, Banker, Sustainable Investment Banking Team",13-2051.00,Financial and Investment Analysts,Y,1,CREDIT AGRICOLE CORPORATE AND INVESTMENT BANK,New York,NY,180000.0,Year,No,,180000.0,False
Certified,H-1B,Systems Studies Engineer II,17-2071.00,Electrical Engineers,Y,1,"MITSUBISHI ELECTRIC POWER PRODUCTS, INC.",Dublin,CA,124842.0,Year,No,,124842.0,True
Certified,H-1B,Electrical Engineer II,17-2071.00,Electrical Engineers,Y,1,"AECOM TECHNICAL SERVICES, INC.",Los Angeles,CA,92650.0,Year,No,,92650.0,True
Certified,H-1B,Snr Total Product Support Engineer I,17-2071.00,Electrical Engineers,Y,1,ASM AMERICA INC.,Phoenix,AZ,100048.0,Year,No,,100048.0,False
Certified,H-1B,"Engineer I, Systems and Controls Engineer",17-2071.00,Electrical Engineers,Y,1,"ENTEGRIS, INC.",San Luis Obispo,CA,101136.0,Year,No,,101136.0,True
Certified,H-1B,Traffic EIT,17-2051.00,Civil Engineers,Y,0,JACOBS ENGINEERING GROUP INC.,Wethersfield,CT,87000.0,Year,No,,87000.0,False
Certified,H-1B,Engineer I,17-2051.01,Transportation Engineers,Y,1,"RUMMEL, KLEPPER & KAHL, LLP",Fairfax,VA,38.0,Hour,No,,79040.0,False
Certified,H-1B,Engineer Associate,17-2141.00,Mechanical Engineers,Y,1,THE GOODYEAR TIRE & RUBBER COMPANY,Cleveland,OH,82347.0,Year,No,,82347.0,False
Certified,H-1B,Antenna Engineer I,17-2071.00,Electrical Engineers,Y,1,PLANEWAVE INC.,Reseda,CA,88566.0,Year,No,,88566.0,True
Certified,H-1B,"Automation Engineer II, Research Automation",17-2199.08,Robotics Engineers,Y,1,"MODERNATX, INC.",Cambridge,MA,104437.0,Year,No,,104437.0,False
Certified,H-1B,Trainee - Engineering Development Program,17-2199.05,Mechatronics Engineers,Y,1,"TESLA, INC.",Austin,TX,81910.0,Year,No,,81910.0,False
Certified,H-1B,Wire Harness Engineer II,17-2141.00,Mechanical Engineers,Y,1,MOTIV POWER SYSTEMS INC.,Novi,MI,72467.0,Year,No,,72467.0,False
Certified,H-1B,Graduate Transportation Engineer,17-2051.01,Transportation Engineers,Y,1,"ALLIANT ENGINEERING, INC.",Minneapolis,MN,71760.0,Year,No,,71760.0,False
Certified,H-1B,Electrical Engineer I,17-2071.00,Electrical Engineers,Y,1,GRADIENT TECHNOLOGIES LLC,Alpharetta,GA,76000.0,Year,No,,76000.0,False
Certified,H-1B,Mechanical Design Engineer I,17-2141.00,Mechanical Engineers,Y,1,GROUP-S LLC,New York,NY,74027.0,Year,No,,74027.0,False
Certified,H-1B,Transportation Engineer 2,17-2051.00,Civil Engineers,Y,1,"ARCADIS U.S., INC.",Atlanta,GA,92705.6,Year,No,,92705.6,False
Certified,H-1B,Application Engineer II (Clean Energy),17-2071.00,Electrical Engineers,Y,0,"SENSATA TECHNOLOGIES, INC.",Troy,MI,108281.16,Year,No,,108281.16,False
Certified,H-1B,Associate Project Engineer--Automation,17-2071.00,Electrical Engineers,Y,1,"SEL ENGINEERING SERVICES, INC.",Houston,TX,99225.0,Year,No,,99225.0,False
Certified,H-1B,Project Engineer II,17-2051.00,Civil Engineers,Y,1,"FLUOR ENTERPRISES, INC.",Houston,TX,115668.0,Hour,No,,240589440.0,False
Certified,H-1B,R&D Engineer II,17-2141.00,Mechanical Engineers,Y,1,"ANSYS, INC.",Cottonwood Heights,UT,83574.0,Year,No,,83574.0,False
Certified,H-1B,Architectural Associate - Truss and Wall Design,17-1011.00,"Architects, Except Landscape and Naval",Y,1,"EL DORADO TRUSS CO., INC.",Placerville,CA,75000.0,Year,No,,75000.0,True
Certified,H-1B,Associate Application Engineer--Automation,17-2071.00,Electrical Engineers,Y,1,"SCHWEITZER ENGINEERING LABORATORIES, INC.",Boise,ID,99216.0,Year,No,,99216.0,False
Certified,H-1B,Associate Project Engineer--Security,17-2071.00,Electrical Engineers,Y,1,"SEL ENGINEERING SERVICES, INC.",Charlotte,NC,93783.0,Year,No,,93783.0,False
Certified,H-1B,Transportation Engineer 2,17-2051.00,Civil Engineers,Y,0,"ARCADIS U.S., INC.",Cary,NC,120000.0,Year,No,,120000.0,False
Certified,H-1B,Associate Project Engineer--Protection,17-2071.00,Electrical Engineers,Y,1,"SEL ENGINEERING SERVICES, INC.",Houston,TX,88580.0,Year,No,,88580.0,False
Certified,H-1B,Electrical Engineer I,17-2071.00,Electrical Engineers,Y,0,NEW YORK POWER AUTHORITY,White Plains,NY,125000.0,Year,No,,125000.0,False
Certified,H-1B,Associate Substation Engineer,17-2071.00,Electrical Engineers,Y,1,"LEIDOS ENGINEERING, LLC",Atlanta,GA,75000.0,Year,No,,75000.0,False
Certified,H-1B,Transportation Engineer 1,17-2051.00,Civil Engineers,Y,1,"ARCADIS U.S., INC.",Tampa,FL,67080.0,Year,No,,67080.0,False
Certified,H-1B,Plant Engineer II,17-2141.00,Mechanical Engineers,Y,1,"WELLS ENTERPRISES, INC.",Le Mars,IA,85000.0,Year,No,,85000.0,False
Certified,H-1B,R&D Engineer II,17-2141.00,Mechanical Engineers,Y,1,"ANSYS, INC.",Canonsburg,PA,88899.0,Year,No,,88899.0,False
Certified,H-1B,Civil Engineer II,17-2051.00,Civil Engineers,Y,1,"ARDURRA GROUP, INC.",Dallas,TX,80000.0,Year,No,,80000.0,False
Certified,H-1B,Intern Architect,17-1011.00,"Architects, Except Landscape and Naval",Y,1,"CARLETON HART ARCHITECTURE, P.C.",Portland,OR,66500.0,Year,No,,66500.0,False
Certified,H-1B,"Commissioning, Qualification and Validation Engineer II",17-2112.02,Validation Engineers,Y,0,"DPS GROUP, INC.",Framingham,MA,100000.0,Year,No,,100000.0,False
Certified,H-1B,Associate Application Engineer--Protection,17-2071.00,Electrical Engineers,Y,1,"SCHWEITZER ENGINEERING LABORATORIES, INC.",Nashua,NH,89985.0,Year,No,,89985.0,False
Certified,H-1B,Automation and Validation Engineer 2,17-2199.05,Mechatronics Engineers,Y,1,JSAT AUTOMATION INC,Blue Bell,PA,91894.0,Year,No,,91894.0,False
Certified,H-1B,Engineer I,17-2051.00,Civil Engineers,Y,1,"ARDURRA GROUP, INC.",Flagstaff,AZ,78374.0,Year,No,,78374.0,False
Certified,H-1B,Energy Engineer I,17-2199.03,"Energy Engineers, Except Wind and Solar",Y,1,GROUP-S LLC,New York,NY,68500.0,Year,No,,68500.0,False
Certified,H-1B,Civil Engineer II,17-2051.00,Civil Engineers,Y,1,"ARDURRA GROUP, INC.",Dallas,TX,80000.0,Year,No,,80000.0,False
Certified,H-1B,Non-Destructive Engineer II,17-2141,Mechanical Engineers,Y,1,ECHEM CONSULTANTS LLC,New Paltz,NY,78624.0,Year,No,,78624.0,False
Certified,H-1B,Electrical Engineer II,17-2071.00,Electrical Engineers,Y,1,"INTELLIGRATED SYSTEMS, LLC",Mason,OH,92635.0,Year,No,,92635.0,False
Certified,H-1B,Engineer II,17-2141.00,Mechanical Engineers,Y,0,"SAMSUNG AUSTIN SEMICONDUCTOR, LLC.",Austin,TX,90000.0,Year,No,,90000.0,False
Certified,H-1B,ARCHITECT INTERN I,17-1011.00,"Architects, Except Landscape and Naval",Y,1,"CJMW ARCHITECTURE, P.A.",RALEIGH,NC,56451.0,Year,No,,56451.0,False
Certified,H-1B,Associate Application Engineer--Automation,17-2071.00,Electrical Engineers,Y,1,"SCHWEITZER ENGINEERING LABORATORIES, INC.",Lewis Center,OH,78000.0,Year,No,,78000.0,False
Certified,H-1B,Associate RF Engineer,17-2071.00,Electrical Engineers,Y,1,VERVEBA TELECOM LLC,Richardson,TX,72000.0,Year,No,,72000.0,False
Certified,H-1B,Engineer I,17-2051.00,Civil Engineers,Y,1,"ARDURRA GROUP, INC.",Flagstaff,AZ,78374.0,Year,No,,78374.0,False
Certified,H-1B,Associate Application Engineer--Protection,17-2071.00,Electrical Engineers,Y,1,"SCHWEITZER ENGINEERING LABORATORIES, INC.",Irvine,CA,98700.0,Year,No,,98700.0,True
Certified,H-1B,"Engineer II, Field Service",17-2071.00,Electrical Engineers,Y,1,THERMO FISHER SCIENTIFIC INC.,Westfield,IN,106434.0,Year,No,,106434.0,False
Certified,H-1B,Design Engineer II,17-2071.00,Electrical Engineers,Y,1,"ROCHESTER ELECTRONICS, LLC",Rockville,MD,89440.0,Year,No,,89440.0,False
Certified,H-1B,Formwork Engineer I,17-2051.00,Civil Engineers,Y,1,"BAKER CONCRETE CONSTRUCTION, INC.",Houston,TX,66257.36,Year,No,,66257.36,False
Certified,H-1B,JUNIOR ARCHITECT,17-1011.00,"Architects, Except Landscape and Naval",Y,1,GACE CONSULTING ENGINEERS DPC,NEW YORK,NY,66000.0,Year,No,,66000.0,False
Certified,H-1B,Assistant Professor of Mechanical Engineering,25-1032.00,"Engineering Teachers, Postsecondary",Y,1,UNIVERSITY OF NEW HAVEN,West Haven,CT,95000.0,Year,No,,95000.0,False
Certified - Withdrawn,H-1B,Battery Systems Validation Engineer I,17-2071.00,Electrical Engineers,Y,0,"FREUDENBERG BATTERY POWER SYSTEMS, LLC",Auburn Hills,MI,90000.0,Year,No,,90000.0,False
Certified,H-1B,Civil Engineer 1,17-2051.00,Civil Engineers,Y,1,CITY OF PHILADELPHIA,Philadelphia,PA,71841.0,Year,No,,71841.0,False
Certified,H-1B,Water Engineer 1,17-2051.02,Water/Wastewater Engineers,Y,1,"ARCADIS U.S., INC.",Cary,NC,76148.8,Year,No,,76148.8,False
Certified,H-1B,Battery Systems Validation Engineer II,17-2071.00,Electrical Engineers,Y,0,"FREUDENBERG BATTERY POWER SYSTEMS, LLC",Auburn Hills,MI,90000.0,Year,No,,90000.0,False
Certified,H-1B,R&D Robotics Engineer II,17-2199.08,Robotics Engineers,Y,1,BASTIAN SOLUTION LLC,Meridian,ID,107672.0,Year,No,,107672.0,False
Certified,H-1B,Construction Field Engineer 1,17-2141.00,Mechanical Engineers,Y,1,WEEKS MARINE INC.,Jersey City,NJ,98956.0,Year,No,,98956.0,False
Certified,H-1B,Associate Manufacturing Equipment Engineer,17-2141.00,Mechanical Engineers,Y,1,"TESLA, INC.",Sparks,NV,106755.3,Year,No,,106755.3,False
Certified,H-1B,Environmental Scientist II,19-2041.00,"Environmental Scientists and Specialists, Including Health",Y,1,"BIO-TECH CONSULTING, LLC",Orlando,FL,67000.0,Year,No,,67000.0,False
Certified,H-1B,Mechanical Engineer II,17-2141.00,Mechanical Engineers,Y,1,"RONDO ENERGY, INC.",Alameda,CA,145000.0,Year,No,,145000.0,True
Certified,H-1B,"Associate Designer, Transportation Operations",17-2051.01,Transportation Engineers,Y,1,"GANNETT FLEMING, INC.",Boston,MA,75878.0,Year,No,,75878.0,False
Certified,H-1B,Coastal Associate II,17-2051.00,Civil Engineers,Y,1,MOFFATT & NICHOL,Long Beach,CA,91354.0,Year,No,,91354.0,True
Certified,H-1B,Structural Engineer 2,17-2051.00,Civil Engineers,Y,1,"ARCADIS U.S., INC.",Atlanta,GA,82014.4,Year,No,,82014.4,False
Certified,H-1B,Engineer II,17-2141.00,Mechanical Engineers,Y,1,"SAMSUNG AUSTIN SEMICONDUCTOR, LLC.",Austin,TX,90000.0,Year,No,,90000.0,False
Certified,H-1B,"Engineer II, Commissioning/Qualification/Validation (CQV)",17-2112.02,Validation Engineers,Y,0,"IPS-INTEGRATED PROJECT SERVICES, LLC",Somerset,NJ,75816.0,Year,No,,75816.0,False
Certified,H-1B,Engineer II,17-2051.00,Civil Engineers,Y,1,"RUMMEL, KLEPPER & KAHL, LLP",Raleigh,NC,45.0,Hour,No,,93600.0,False
Certified,H-1B,"Engineer II, Commissioning/Qualification/Validation (CQV)",17-2112.02,Validation Engineers,Y,0,"IPS-INTEGRATED PROJECT SERVICES, LLC",Somerset,NJ,91894.0,Year,No,,91894.0,False
Certified,H-1B,Engineer I,17-2141.00,Mechanical Engineers,Y,1,WESTINGHOUSE ELECTRIC COMPANY LLC,Cranberry Township,PA,77000.0,Year,No,,77000.0,False
Certified,H-1B,Engineer in Training I,17-2051.00,Civil Engineers,Y,1,WOOLPERT INC,Houston,TX,73008.0,Year,No,,73008.0,False
Certified,H-1B,Project Engineer II,17-2051.00,Civil Engineers,Y,0,FORE PROPERTY COMPANY,Ocoee,FL,115837.28,Year,No,,115837.28,False
Certified,H-1B,Engineer in Training II,17-2051.00,Civil Engineers,Y,1,WOOLPERT INC,Plano,TX,82014.4,Year,No,,82014.4,False
Certified,H-1B,Graduate Engineer,17-2051.00,Civil Engineers,Y,1,"PENNONI ASSOCIATES, INC.",Tampa,FL,66000.0,Year,No,,66000.0,False
Certified,H-1B,Engineer I,17-2071.00,Electrical Engineers,Y,1,"SAMSUNG AUSTIN SEMICONDUCTOR, LLC.",Austin,TX,75000.0,Year,No,,75000.0,False
Certified,H-1B,Graduate Engineer B,17-2051.00,Civil Engineers,Y,1,CITY OF AUSTIN,Austin,TX,79539.2,Year,No,,79539.2,False
Certified,H-1B,Architect Intern,17-1011.00,"Architects, Except Landscape and Naval",Y,0,BB & M ARCHITECTURE PLLC,Charlotte,NC,78000.0,Year,No,,78000.0,False
Certified,H-1B,Design Engineer I,17-2071.00,Electrical Engineers,Y,1,HUTEC ENGINEERING INC,Philadelphia,PA,79000.0,Year,No,,79000.0,False
Certified,H-1B,"Associate Designer, Water",17-2051.00,Civil Engineers,Y,1,"GANNETT FLEMING, INC.",Houston,TX,64355.0,Year,No,,64355.0,False
Certified,H-1B,Engineer in Training,17-2051.00,Civil Engineers,Y,0,"CONSOR ENGINEERS, LLC",San Antonio,TX,74307.0,Year,No,,74307.0,False
Certified,H-1B,Productivity Development Specialist 2,17-2141.00,Mechanical Engineers,Y,1,"MERCEDES BENZ VANS, LLC",Ladson,SC,116338.14,Year,No,,116338.14,False
Certified,H-1B,Intern Architect II/Project Designer,17-1011.00,"Architects, Except Landscape and Naval",Y,1,"TAP ARCHITECTURE, LLC.",Oklahoma City,OK,55099.0,Year,No,,55099.0,False
Certified,H-1B,Field Engineer 2,17-2051.00,Civil Engineers,Y,1,KIEWIT POWER CONSTRUCTORS CO.,Albany,NY,99164.0,Year,No,,99164.0,False
Certified,H-1B,Mechanical Engineer I,17-2141.00,Mechanical Engineers,Y,1,JPC LOGISTICS LLC,Hillsborough,NJ,74027.0,Year,No,,74027.0,False
Certified,H-1B,Engineer II - Highways,17-2051.01,Transportation Engineers,Y,1,MOTT MACDONALD GROUP INC.,San Jose,CA,88213.0,Year,No,,88213.0,True
Certified,H-1B,Project Engineer I,17-2051.00,Civil Engineers,Y,0,"HR GREEN, INC.",Austin,TX,108990.13,Year,No,,108990.13,False
Certified,H-1B,Data Center Infrastructure Engineer II,17-2051.00,Civil Engineers,Y,0,"AMAZON DATA SERVICES, INC",Umatilla,OR,121400.0,Year,No,,121400.0,False
Certified,H-1B,Mechanical Engineer II,17-2141.00,Mechanical Engineers,Y,1,"ENERSYS DELAWARE, INC.",Escondido,CA,100568.0,Year,No,,100568.0,True
Certified,H-1B,Engineer I,17-2141.00,Mechanical Engineers,Y,1,"SAMSUNG AUSTIN SEMICONDUCTOR, LLC.",Austin,TX,89419.0,Year,No,,89419.0,False
Certified,H-1B,Water Engineer 2,17-2081.00,Environmental Engineers,Y,0,"ARCADIS U.S., INC.",Sewickley,PA,109013.0,Year,No,,109013.0,False
Certified,H-1B,Engineer in Training I,17-2051.00,Civil Engineers,Y,1,WOOLPERT INC,Houston,TX,72009.6,Year,No,,72009.6,False
Certified,H-1B,Junior Architectural Designer,17-1011.00,"Architects, Except Landscape and Naval",Y,1,"ANDREW BERMAN ARCHITECT, PLLC",New York,NY,66000.0,Year,No,,66000.0,False
Certified,H-1B,Mech Design Engineer I,17-2141.00,Mechanical Engineers,Y,1,"INTELLIGRATED SERVICES, LLC",Mason,OH,79827.0,Year,No,,79827.0,False
Certified,H-1B,Engineer II,17-2051.00,Civil Engineers,Y,0,GRANITE CONSTRUCTION COMPANY GUAM,Dededo,GU,90000.0,Year,No,,90000.0,False
Certified,H-1B,Engineer I - Civil/Structural,17-2051.00,Civil Engineers,Y,1,PARSONS TRANSPORTATION GROUP INC.,East Hartford,CT,86653.0,Year,No,,86653.0,False
Certified,H-1B,R&D Engineer II,17-2141.00,Mechanical Engineers,Y,1,"ANSYS, LNC.",Austin,TX,89419.0,Year,No,,89419.0,False
Certified - Withdrawn,H-1B,Telephony Engineer I,17-2071.00,Electrical Engineers,Y,0,U.S. CELLULAR CORPORATION,Chicago,IL,125175.14,Year,No,,125175.14,False
Certified,H-1B,Mechanical Engineer II,17-2112.00,Industrial Engineers,Y,1,"COX AUTOMOTIVE CORPORATE SERVICES, LLC",North Las Vegas,NV,82400.0,Year,No,,82400.0,False
Certified,H-1B,Engineer in Training II,17-2051.00,Civil Engineers,Y,1,"MODJESKI AND MASTERS, INC.",Edwardsville,IL,84000.0,Year,No,,84000.0,False
Certified,H-1B,Automation Engineer II,17-2071.00,Electrical Engineers,Y,1,THERMO FISHER SCIENTIFIC INC.,Plainville,MA,100000.0,Year,No,,100000.0,False
Certified,H-1B,Associate,17-2071.00,Electrical Engineers,Y,0,VBFA - BNA CORPORATION,West Valley City,UT,92000.0,Year,No,,92000.0,False
Certified,H-1B,Engineer in Training I,17-2051.00,Civil Engineers,Y,1,"WOOLPERT, INC.",Houston,TX,77812.8,Year,No,,77812.8,False
Certified,H-1B,Associate Project Consultant,17-2051.00,Civil Engineers,Y,1,SIMPSON GUMPERTZ & HEGER INC.,Waltham,MA,83415.0,Year,No,,83415.0,False
Certified,H-1B,Geotechnical Engineer - EIT,17-2051.00,Civil Engineers,Y,1,STANTEC CONSULTING SERVICES INC.,Richmond,VA,79768.0,Year,No,,79768.0,False
Certified,H-1B,Product Safety and Compliance Engineer II,17-2071.00,Electrical Engineers,Y,1,GRACO INC.,Minneapolis,MN,100000.0,Year,No,,100000.0,False
Certified,H-1B,Engineer in Training II,17-2051.00,Civil Engineers,Y,1,"MODJESKI AND MASTERS, INC.",Grand Rapids,MI,81000.0,Year,No,,81000.0,False
Certified,H-1B,Construction Engineer I,17-2051.00,Civil Engineers,Y,1,"FLUOR ENTERPRISES, INC.",Houston,TX,80340.0,Year,No,,80340.0,False
Certified,H-1B,Engineer 1 (Unlicensed),17-2051.00,Civil Engineers,Y,1,GRESHAM SMITH,Nashville,TN,90000.0,Year,No,,90000.0,False
Certified,H-1B,"Associate Consultant, Electrical Engineer",17-2071.00,Electrical Engineers,Y,0,WSP USA BUILDINGS INC.,New York,NY,86931.1,Year,No,,86931.1,False
Certified,H-1B,Architectural Associate,17-1011.00,"Architects, Except Landscape and Naval",Y,0,"LARSON SHORES ARCHITECTS, INC.",San Francisco,CA,85696.0,Year,No,,85696.0,True
Certified,H-1B,Junior Designer,17-1011.00,"Architects, Except Landscape and Naval",Y,1,"SAMAHA HOLDINGS, LLC",Los Angeles,CA,65000.0,Year,No,,65000.0,True
Certified,H-1B,Jr. Validation Engineer,17-2071.00,Electrical Engineers,Y,1,"SILC TECHNOLOGIES, INC.",Monrovia,CA,88566.0,Year,No,,88566.0,True
Certified,H-1B,Engineer in Training II,17-2051.00,Civil Engineers,Y,1,"MODJESKI AND MASTERS, INC.",Edwardsville,IL,83000.0,Year,No,,83000.0,False
Certified,H-1B,Engineer Associate,17-2141.00,Mechanical Engineers,Y,1,THE GOODYEAR TIRE & RUBBER COMPANY,Akron,OH,76981.0,Year,No,,76981.0,False
Certified,H-1B,Design Engineer II,17-2141.00,Mechanical Engineers,Y,0,"GOKEN AMERICA, LLC",Dublin,OH,33.79,Hour,No,,70283.2,False
Certified,H-1B,Associate Project Consultant,17-2051.00,Civil Engineers,Y,1,SIMPSON GUMPERTZ & HEGER INC.,Oakland,CA,87113.0,Year,No,,87113.0,True
Certified,H-1B,Architectural Associate,17-1011.00,"Architects, Except Landscape and Naval",N,0,"TAI & LEE, ARCHITECTS PC",Pittsburgh,PA,26.53,Hour,No,,55182.4,False
Certified,H-1B,Engineer II,17-2141.00,Mechanical Engineers,Y,1,"SAMSUNG AUSTIN SEMICONDUCTOR, LLC.",Austin,TX,90000.0,Year,No,,90000.0,False
Certified,H-1B,Water/Wastewater Engineer I,17-2051.02,Water/Wastewater Engineers,Y,1,"ARDURRA GROUP, INC.",Albuquerque,NM,84000.0,Year,No,,84000.0,False
Certified,H-1B,Energy Engineer II,17-2141.00,Mechanical Engineers,Y,0,"LINCUS, INC.",Monrovia,CA,97198.0,Year,No,,97198.0,True
Certified,H-1B,Engineer II,17-2051.00,Civil Engineers,Y,1,"ARDURRA GROUP, INC.",Miami,FL,60630.49,Year,No,,60630.49,False
Certified,H-1B,Engineer I,17-2081.00,Environmental Engineers,Y,1,"GZA GEOENVIRONMENTAL, INC.",Hooksett,NH,82035.0,Year,No,,82035.0,False
Certified,H-1B,Power Electronics Engineer II,17-2071.00,Electrical Engineers,Y,1,LENNOX INTERNATIONAL INC.,Carrollton,TX,103230.0,Year,No,,103230.0,False
Certified,H-1B,MECHANICAL ENGINEERING PROFESSIONAL ASSOCIATE,17-2141.00,Mechanical Engineers,Y,0,JACOBS ENGINEERING GROUP INC.,CINCINNATI,OH,120890.0,Year,No,,120890.0,False
Certified,H-1B,Associate Project Consultant,17-2051.00,Civil Engineers,Y,1,SIMPSON GUMPERTZ & HEGER INC.,Chicago,IL,82258.0,Year,No,,82258.0,False
Certified,H-1B,Graduate Electrical Engineer,17-2071.00,Electrical Engineers,Y,1,EXYTE U.S. INC.,Chandler,AZ,75000.0,Year,No,,75000.0,False
Certified,H-1B,Graduate Structural Engineer,17-2051.00,Civil Engineers,Y,1,"ENERGY INSPECTORS LLC (FORMERLY DPIS ENGINEERING, LLC.)",Houston,TX,64355.0,Year,No,,64355.0,False
Certified,H-1B,Civil EIT,17-2051.00,Civil Engineers,Y,0,"BOWMAN ENGINEERING & CONSULTING, INC.",Houston,TX,90000.0,Year,No,,90000.0,False
Certified,H-1B,"Exterior Engineer II, Plant Vehicle Engineering",17-2141.00,Mechanical Engineers,Y,0,"LUCID USA, INC.",Casa Grande,AZ,87090.0,Year,No,,87090.0,False
Certified,H-1B,Research Associate,19-2041.00,"Environmental Scientists and Specialists, Including Health",Y,0,STATE UNIVERSITY OF NEW YORK AT STONY BROOK,Stony Brook,NY,76600.0,Year,No,,76600.0,False
Certified,H-1B,"Associate Consultant, Building Technology Systems",17-2051.00,Civil Engineers,Y,1,WSP USA BUILDINGS INC.,Troy,NY,85072.0,Year,No,,85072.0,False
Certified,H-1B,Snr Mechanical Engineer I,17-2141.00,Mechanical Engineers,Y,0,ASM AMERICA INC.,Phoenix,AZ,101504.0,Year,No,,101504.0,False
Certified,H-1B,Civil Engineer - EIT,17-2051.00,Civil Engineers,Y,1,STANTEC CONSULTING SERVICES INC.,Alpharetta,GA,80641.6,Year,No,,80641.6,False
Certified,H-1B,Entry Level Mechanical/Electrical/Systems EIT,17-2071.00,Electrical Engineers,Y,1,"JACOBS CIVIL CONSULTANTS, INC.",New York,NY,89000.0,Year,No,,89000.0,False
Certified,H-1B,Junior Interconnection Engineer,17-2199.11,Solar Energy Systems Engineers,Y,1,X-ELIO NORTH AMERICA INC.,Washington,DC,96390.0,Year,No,,96390.0,False
Certified,H-1B,Civil Engineer I,17-2051.00,Civil Engineers,Y,1,JPC LOGISTICS LLC,Hillsborough,NJ,74589.0,Year,No,,74589.0,False
Certified,H-1B,Civil Engineer - EIT,17-2051.00,Civil Engineers,Y,1,STANTEC CONSULTING SERVICES INC.,Albuquerque,NM,76003.2,Year,No,,76003.2,False
Certified,H-1B,Signal Processing Engineer II,17-2071.00,Electrical Engineers,Y,1,WHOOP INC.,Boston,MA,158100.0,Year,No,,158100.0,False
Certified,H-1B,Automation and Validation Engineer 2,17-2199.05,Mechatronics Engineers,Y,1,JSAT AUTOMATION INC,Blue Bell,PA,91894.0,Year,No,,91894.0,False
Certified,H-1B,Engineer in Training I,17-2051.00,Civil Engineers,Y,1,"MODJESKI AND MASTERS, INC.",Washington,DC,81000.0,Year,No,,81000.0,False
Certified,H-1B,Jr. Product Development Engineer,17-2141.00,Mechanical Engineers,Y,1,"JUPITER RESEARCH, LLC",Phoenix,AZ,72696.0,Year,No,,72696.0,False
Certified,H-1B,Mechanical Design Engineer II,17-2141.00,Mechanical Engineers,Y,1,"SENSATA TECHNOLOGIES, INC.",Attleboro,MA,105794.76,Year,No,,105794.76,False
Certified,H-1B,Engineer I - Electronics,17-2071.00,Electrical Engineers,Y,1,"ZF ACTIVE SAFETY AND ELECTRONICS US, LLC",Farmington Hills,MI,80411.0,Year,No,,80411.0,False
Certified,H-1B,Engineer II,17-2071.00,Electrical Engineers,Y,0,"SAMSUNG AUSTIN SEMICONDUCTOR, LLC.",Austin,TX,101982.0,Year,No,,101982.0,False
Certified,H-1B,"Associate Consultant, Electrical Engineer",17-2071.00,Electrical Engineers,Y,1,WSP USA BUILDINGS INC.,Orlando,FL,79571.23,Year,No,,79571.23,False
Certified,H-1B,"Associate Consul., Sustainability, Energy and Climate Change",13-1199.05,Sustainability Specialists,Y,1,WSP USA INC.,New York,NY,92830.4,Year,No,,92830.4,False
Certified,H-1B,"Research Associate, Mechanical Engineering",17-2141.00,Mechanical Engineers,Y,0,UNIVERSITY OF COLORADO,Boulder,CO,74874.05,Year,No,,74874.05,False
Certified,H-1B,Associate Project Engineer,17-2051.00,Civil Engineers,Y,1,"PERFORMANCE CONTRACTING, INC.",ASHBURN,VA,81600.0,Year,No,,81600.0,False
Certified,H-1B,"Associate Technical Professional, Mechanical-KBGFJG341857-1",17-2141.00,Mechanical Engineers,Y,1,"KBR TECHNICAL SERVICES, INC.",Houston,TX,82400.0,Year,No,,82400.0,False
Certified,H-1B,Geotechnical Engineer I,17-2051.00,Civil Engineers,Y,1,"MILLENNIA PROFESSIONAL SERVICES OF ILLINOIS, LTD.",Fairview Heights,IL,67808.0,Year,No,,67808.0,False
Certified,H-1B,Junior Architectural Designer,17-1011.00,"Architects, Except Landscape and Naval",Y,1,STUDIO GANG ARCHITECTS,Chicago,IL,78000.0,Year,No,,78000.0,False
Certified,H-1B,Engineer II,17-2071.00,Electrical Engineers,Y,1,SEAGATE US LLC,Bloomington,MN,94203.0,Year,No,,94203.0,False
Certified,H-1B,Highway Engineer in Training II,17-2051.00,Civil Engineers,Y,1,"MODJESKI AND MASTERS, INC.",Charleston,WV,77500.0,Year,No,,77500.0,False
Certified,H-1B,"Engineer I, Water/WasteWater",17-2051.02,Water/Wastewater Engineers,Y,1,"BOWMAN CONSULTING GROUP, LTD.",Williamsburg,VA,68000.0,Year,No,,68000.0,False
Certified,H-1B,Reliability Engineer II,17-2141.00,Mechanical Engineers,Y,0,DETROIT DIESEL CORPORATION,Detroit,MI,100462.5,Year,No,,100462.5,False
Certified,H-1B,Geomechanical Engineer I,17-2151.00,"Mining and Geological Engineers, Including Mining Safety Engineers",Y,1,FREEPORT-MCMORAN MORENCI INC.,Morenci,AZ,88800.0,Year,No,,88800.0,False
Certified,H-1B,Associate II,17-2051.00,Civil Engineers,Y,1,"WISS, JANNEY, ELSTNER ASSOCIATES, INC.",Pasadena,CA,91000.0,Year,No,,91000.0,True
Certified,H-1B,Traffic Engineer in Training (EIT),17-2051.01,Transportation Engineers,Y,1,"HDR ENGINEERING, INC.",Phoenix,AZ,81952.0,Year,No,,81952.0,False
Certified,H-1B,Associate II,17-2051.00,Civil Engineers,Y,1,"WISS, JANNEY, ELSTNER ASSOCIATES, INC.",Northbrook,IL,92910.0,Year,No,,92910.0,False
Certified,H-1B,Engineer II Systems Design & Implementation,17-2071.00,Electrical Engineers,Y,1,"MOTOROLA SOLUTIONS, INC.",Doral,FL,86798.0,Year,No,,86798.0,False
Certified,H-1B,Mechanical Engineer in Training,17-2081.00,Environmental Engineers,Y,0,STANTEC CONSULTING SERVICES INC.,Walnut Creek,CA,114608.0,Year,No,,114608.0,True
Certified,H-1B,Engineer II,17-2141.00,Mechanical Engineers,Y,0,"SAMSUNG AUSTIN SEMICONDUCTOR, LLC.",Austin,TX,95000.0,Year,No,,95000.0,False
Certified,H-1B,Engineer In Training I,17-2051.00,Civil Engineers,Y,1,"RABA KISTNER, INC.",Dallas,TX,64459.0,Year,No,,64459.0,False
Certified,H-1B,Systems Studies Engineer II,17-2071.00,Electrical Engineers,Y,0,"MITSUBISHI ELECTRIC POWER PRODUCTS, INC.",Rancho Santa Margarita,CA,111426.0,Year,No,,111426.0,True
Certified,H-1B,Engineer In Training I,17-2051.00,Civil Engineers,Y,1,"RABA KISTNER, INC.",San Antonio,TX,72800.26,Year,No,,72800.26,False
Certified,H-1B,Engineer in Training I,17-2051.00,Civil Engineers,Y,1,"RABA KISTNER, INC.",Dallas,TX,64459.0,Year,No,,64459.0,False
Certified,H-1B,Architectural Design Associate,17-1011.00,"Architects, Except Landscape and Naval",Y,0,ASSIST INC.,Salt Lake City,UT,32.0,Hour,No,,66560.0,False
Certified,H-1B,Design Engineer II,17-2141.00,Mechanical Engineers,Y,0,"NORTH AMERICAN LIGHTING, INC.",Farmington Hills,MI,114800.0,Year,No,,114800.0,False
Certified,H-1B,Architectural Assistant,17-1011.00,"Architects, Except Landscape and Naval",Y,1,"MGLM ARCHITECTS, LTD.",Chicago,IL,62500.0,Year,No,,62500.0,False
Certified,H-1B,Hardware Commodity Specialist II,17-2141.00,Mechanical Engineers,Y,0,"AMAZON DATA SERVICES, INC",Seattle,WA,115700.0,Year,No,,115700.0,False
Certified,H-1B,Architectural Associate II,17-1011,"Architects, Except Landscape and Naval",Y,0,ECKENHOFF SAUNDERS ARCHITECTS INC.,Chicago,IL,79939.0,Year,No,,79939.0,False
Certified,H-1B,Bridge Engineer in Training (EIT),17-2051.00,Civil Engineers,Y,0,"HDR ENGINEERING, INC.",Walnut Creek,CA,110000.0,Year,No,,110000.0,True
Certified,H-1B,Associate Engineer,17-2071.00,Electrical Engineers,Y,1,EVERSOURCE ENERGY SERVICE COMPANY,Hartford,CT,92000.0,Year,No,,92000.0,False
Certified,H-1B,Graduate Engineer,17-2051.00,Civil Engineers,Y,1,"AMERICAN ENGINEERING CONSULTANTS, INC.",CHICAGO,IL,70824.0,Year,No,,70824.0,False
Certified,H-1B,Junior Architectural Designer,17-1011.00,"Architects, Except Landscape and Naval",Y,1,STUDIO GANG ARCHITECTS,CHICAGO,IL,42.11,Hour,No,,87588.8,False
Certified,H-1B,Engineer in Training II,17-2051.00,Civil Engineers,Y,1,"MODJESKI AND MASTERS, INC.",Round Rock,TX,84900.0,Year,No,,84900.0,False
Certified,H-1B,Junior Designer,17-1011.00,"Architects, Except Landscape and Naval",Y,1,"POPLI ARCHITECTURE & ENGINEERING & LS, DPC",Buffalo,NY,66019.0,Year,No,,66019.0,False
Certified,H-1B,Mechanical Design Engineer II,17-2141.00,Mechanical Engineers,Y,1,TRANSNORM SYSTEM INC,Richardson,TX,101558.0,Year,No,,101558.0,False
Certified,H-1B,Geomechanical Engineer I,17-2151.00,"Mining and Geological Engineers, Including Mining Safety Engineers",Y,1,FREEPORT-MCMORAN MORENCI INC.,Morenci,AZ,89000.0,Year,No,,89000.0,False
Certified,H-1B,Engineer II,17-2071.00,Electrical Engineers,Y,1,SEAGATE US LLC,Bloomington,MN,94203.0,Year,No,,94203.0,False
Certified,H-1B,"Junior Engineer, Bridge Inspection",17-2051.00,Civil Engineers,Y,2,"POPLI ARCHITECTURE & ENGINEERING & LS, DPC",New York,NY,82700.0,Year,No,,82700.0,False
Certified,H-1B,Facilities Engineer 2,17-2141.00,Mechanical Engineers,Y,0,"ILLUMINA, INC.",Foster City,CA,118810.0,Year,No,,118810.0,True
Certified,H-1B,Architectural Graduate (Level I),17-1011.00,"Architects, Except Landscape and Naval",Y,1,"JKS ARCHITECTURE, INC.",Hopkinsville,KY,88611.0,Year,No,,88611.0,False
Certified,H-1B,Junior Designer,17-1011.00,"Architects, Except Landscape and Naval",Y,0,"SKIDMORE, OWINGS & MERRILL LLP",Chicago,IL,59634.0,Year,No,,59634.0,False
Certified,H-1B,GRADUATE ENGINEER,17-2051.00,Civil Engineers,Y,1,"ISANI CONSULTANTS, L.P.",HOUSTON,TX,72000.0,Year,No,,72000.0,False
Certified,H-1B,Global Product Support Engineer II,17-2141.00,Mechanical Engineers,Y,1,ASM AMERICA INC.,Phoenix,AZ,93600.0,Year,No,,93600.0,False
Certified,H-1B,JUNIOR ENGINEER,17-2051.02,Water/Wastewater Engineers,Y,1,"ISANI CONSULTANTS, L.P.",HOUSTON,TX,75000.0,Year,No,,75000.0,False
Certified,H-1B,Power Systems Engineer I,17-2071.00,Electrical Engineers,Y,1,"OPEN SYSTEMS INTERNATIONAL, INC.",Medina,MN,80000.0,Year,No,,80000.0,False
Certified,H-1B,Graduate Engineer,17-2051.00,Civil Engineers,Y,1,"BOLTON & MENK, INC.",Minneapolis,MN,60660.0,Year,No,,60660.0,False
Certified,H-1B,Civil Associate II,17-2051.00,Civil Engineers,Y,0,"MICHAEL BAKER INTERNATIONAL, INC.",Newark,NJ,100000.0,Year,No,,100000.0,False
Certified,H-1B,Electrical EIT (Engineer in Training) II,17-2071.00,Electrical Engineers,Y,0,"SMITH SECKMAN REID, INC.",Tampa,FL,74318.0,Year,No,,74318.0,False
Certified,H-1B,Engineer I,17-2071.00,Electrical Engineers,Y,1,M. A. MORTENSON COMPANY,Denver,CO,6865.25,Month,No,,82383.0,False
Certified,H-1B,Mechanical Design Engineer I,17-2141.00,Mechanical Engineers,Y,1,LUXVIEW LLC,Antioch,TN,75000.0,Year,No,,75000.0,False
Certified,H-1B,Civil Associate I,17-2051.00,Civil Engineers,Y,1,"MICHAEL BAKER INTERNATIONAL, INC.",Chicago,IL,71000.0,Year,No,,71000.0,False
Certified,H-1B,"Associate Consultant, Mechanical Engineering",17-2141.00,Mechanical Engineers,Y,1,WSP USA BUILDINGS INC.,Troy,NY,80300.0,Year,No,,80300.0,False
Certified,H-1B,Engineering Analyst II,17-2051.00,Civil Engineers,Y,0,"KEITH AND ASSOCIATES, INC.",West Palm Beach,FL,75088.0,Year,No,,75088.0,False
Certified,H-1B,Snr Electrical Engineer I,17-2071.00,Electrical Engineers,Y,0,ASM AMERICA INC.,Phoenix,AZ,116106.0,Year,No,,116106.0,False
Certified,H-1B,Vision Engineer II,17-2199.08,Robotics Engineers,Y,0,BASTIAN SOLUTIONS LLC,Meridian,ID,140258.0,Year,No,,140258.0,False
Certified,H-1B,"Assistant Consultant, Structural Engineering",17-2051.00,Civil Engineers,Y,1,WSP USA BUILDINGS INC.,Los Angeles,CA,77022.4,Year,No,,77022.4,True
Certified,H-1B,Field Service Engineer I,17-2141.00,Mechanical Engineers,Y,1,ASM AMERICA INC.,Chandler,AZ,72696.0,Year,No,,72696.0,False
Certified,H-1B,"Assistant Consultant, Electrical Engineering",17-2071.00,Electrical Engineers,Y,1,WSP USA BUILDINGS INC.,MILWAUKEE,WI,75920.0,Year,No,,75920.0,False
Certified,H-1B,Junior Architect,17-1011.00,"Architects, Except Landscape and Naval",Y,1,KELLOGG ARCHITECTS INC.,San Francisco,CA,85696.0,Year,No,,85696.0,True
Certified,H-1B,Civil Associate I,17-2051.00,Civil Engineers,Y,1,"MICHAEL BAKER INTERNATIONAL, INC.",Linthicum,MD,70000.0,Year,No,,70000.0,False
Certified,H-1B,Project Engineer I,17-2051.00,Civil Engineers,Y,0,S&ME INC.,Spartanburg,SC,75067.0,Year,No,,75067.0,False
Certified,H-1B,Jr. Equipment Engineer,17-2141.00,Mechanical Engineers,Y,0,"UNITED FOODS INTERNATIONAL (USA), INC.",Phoenix,AZ,80712.0,Year,No,,80712.0,False
Certified,H-1B,Electrical Engineer II,17-2071.00,Electrical Engineers,Y,0,SEALED AIR CORPORATION (US),Streetsboro,OH,102200.0,Year,No,,102200.0,False
Certified,H-1B,Engineer I,17-2051.01,Transportation Engineers,Y,1,"RUMMEL, KLEPPER & KAHL, LLP",Baltimore,MD,40.5,Hour,No,,84240.0,False
Certified,H-1B,Engineer I,17-2051.02,Water/Wastewater Engineers,Y,1,"RUMMEL, KLEPPER & KAHL, LLP",Baltimore,MD,40.88,Hour,No,,85030.40000000001,False
Certified,H-1B,Civil Associate II,17-2051.00,Civil Engineers,Y,1,"MICHAEL BAKER INTERNATIONAL, INC.",Waltham,MA,76000.0,Year,No,,76000.0,False
Certified,H-1B,Engineer II,17-2051.00,Civil Engineers,Y,1,"FREESE AND NICHOLS, INC.",Austin,TX,64979.0,Year,No,,64979.0,False
Certified,H-1B,Project Associate/Architectural and Preservation Designer,17-1011.00,"Architects, Except Landscape and Naval",Y,1,"ARCHITECTURAL PRESERVATION STUDIO, DPC",New York,NY,72000.0,Year,No,,72000.0,False
Certified,H-1B,Electrical Engineer I,17-2071.00,Electrical Engineers,Y,1,ADF ENGINEERING INC.,Miamisburg,OH,75000.0,Year,No,,75000.0,False
Certified,H-1B,Associate Professor of Civil Engineering,25-1032.00,"Engineering Teachers, Postsecondary",Y,1,WESTERN NEW ENGLAND UNIVERSITY,Springfield,MA,92000.0,Year,No,,92000.0,False
Certified,H-1B,"Associate Consultant, Electrical Engineering",17-2071.00,Electrical Engineers,Y,1,WSP USA BUILDINGS INC.,St. Louis,MO,86709.79,Year,No,,86709.79,False
Certified,H-1B,Project Engineer in Training,17-2051.00,Civil Engineers,Y,1,ZFI ENGINEERING CO.,Oklahoma City,OK,67475.0,Year,No,,67475.0,False
Certified,H-1B,Civil Associate I,17-2051.00,Civil Engineers,Y,1,"MICHAEL BAKER INTERNATIONAL, INC.",Salt Lake City,UT,79000.0,Year,No,,79000.0,False
Certified,H-1B,Engineer II,17-2051.00,Civil Engineers,Y,1,"FREESE AND NICHOLS, INC.",Dallas,TX,64459.0,Year,No,,64459.0,False
Certified,H-1B,Engineer I,17-2051.00,Civil Engineers,Y,1,"RUMMEL, KLEPPER & KAHL, LLP",Baltimore,MD,40.5,Hour,No,,84240.0,False
Certified,H-1B,"Associate Consultant, Plumbing Engineering",17-2141.00,Mechanical Engineers,Y,1,WSP USA BUILDINGS INC.,Kansas City,MO,87984.94,Year,No,,87984.94,False
Certified,H-1B,Research Associate-Postdegree Trainee,19-2041.00,"Environmental Scientists and Specialists, Including Health",Y,0,UNIVERSITY OF WISCONSIN SYSTEM,MADISON,WI,70000.0,Year,No,,70000.0,False
Certified,H-1B,Engineer II,17-2051.01,Transportation Engineers,Y,1,"RUMMEL, KLEPPER & KAHL, LLP",Orlando,FL,39.75,Hour,No,,82680.0,False
Certified,H-1B,Architect (Junior),17-1011.00,"Architects, Except Landscape and Naval",Y,1,VISUAL ARCHITECTURE D.P.C.,New York,NY,75000.0,Year,No,,75000.0,False
Certified,H-1B,Field Service Engineer 2,17-2141.00,Mechanical Engineers,Y,1,"ASML US, LLC",Phoenix,AZ,76533.0,Year,No,,76533.0,False
Certified,H-1B,Engineer in Training I,17-2051.00,Civil Engineers,Y,1,"MODJESKI AND MASTERS, INC.",Littleton,CO,75300.0,Year,No,,75300.0,False
Certified,H-1B,Water Engineer 2,17-2051.02,Water/Wastewater Engineers,Y,1,"ARCADIS U.S., INC.",Virginia Beach,VA,84011.2,Year,No,,84011.2,False
Certified,H-1B,Associate Environmental Consultant,19-2041.00,"Environmental Scientists and Specialists, Including Health",Y,0,"TRINITY CONSULTANTS, INC.",Phoenix,AZ,84231.05,Year,No,,84231.05,False
Certified,H-1B,Assistant Professor of Mechanical Engineering ,25-1032.00,"Engineering Teachers, Postsecondary",Y,1,YORK COLLEGE OF PENNSYLVANIA,York,PA,83000.0,Year,No,,83000.0,False
Certified,H-1B,ASSISTANT STRUCTURAL ENGINEER,17-2051.00,Civil Engineers,Y,1,"CORKY WELLS ELECTRIC, INC.",WASHINGTON,PA,32.5,Hour,No,,67600.0,False
Certified,H-1B,Structural Engineer I,17-2051.00,Civil Engineers,Y,1,UZUN AND CASE LLC,Atlanta,GA,66000.0,Year,No,,66000.0,False
Certified,H-1B,Transportation Engineer 1,17-2051.01,Transportation Engineers,Y,1,"ARCADIS U.S., INC.",Jacksonville,FL,71864.0,Year,No,,71864.0,False
Certified,H-1B,Engineering Associate I,17-2051.00,Civil Engineers,Y,1,"EVS, INC.",Eden Prairie,MN,71760.0,Year,No,,71760.0,False
Certified,H-1B,Mechanical Product Design Engineer II,17-2141.00,Mechanical Engineers,Y,0,"DAIMLER TRUCK NORTH AMERICA, LLC",Gaffney,SC,91675.0,Year,No,,91675.0,False
Certified,H-1B,Structural Engineer I,17-2051.00,Civil Engineers,Y,1,UZUN AND CASE LLC,Atlanta,GA,66000.0,Year,No,,66000.0,False
Certified,H-1B,Engineer in Training I,17-2051.00,Civil Engineers,Y,1,"MODJESKI AND MASTERS, INC.",Littleton,CO,75300.0,Year,No,,75300.0,False
Certified,H-1B,Mechanical Engineer II,17-2141.00,Mechanical Engineers,Y,0,FRIESEN'S INC.,Skakopee,MN,88026.0,Year,No,,88026.0,False
Certified,H-1B,Mechanical Engineering Level 1,17-2141.00,Mechanical Engineers,Y,1,FULL SPECTRUM LASER LLC,Las Vegas,NV,62400.0,Year,No,,62400.0,False
Certified,H-1B,Civil Engineer 2,17-2051.00,Civil Engineers,Y,1,"ARCADIS U.S., INC.",Houston,TX,69243.2,Year,No,,69243.2,False
Certified,H-1B,Engineer 1 (Unlicensed),17-2051.00,Civil Engineers,Y,1,GRESHAM SMITH,Nashville,TN,90000.0,Year,No,,90000.0,False
Certified,H-1B,Transportation Engineer “ EIT,17-2051.01,Transportation Engineers,Y,2,STANTEC CONSULTING SERVICES INC.,Plano,TX,80017.6,Year,No,,80017.6,False
Certified,H-1B,Engineer in Training II,17-2051.00,Civil Engineers,Y,1,"MODJESKI AND MASTERS, INC.",Mechanicsburg,PA,82000.0,Year,No,,82000.0,False
Certified,H-1B,Geotechnical Engineer In Training (E.I.T.),17-2051.00,Civil Engineers,Y,1,"MLA LABS, INC",Austin,TX,32.0,Hour,No,,66560.0,False
Certified,H-1B,Engineer I,17-2071.00,Electrical Engineers,Y,3,TECHSERV CONSULTING AND TRAINING LTD.,TYLER,TX,66394.0,Year,No,,66394.0,False
Certified,H-1B,CONTROLS ENGINEER 1,17-2071.00,Electrical Engineers,Y,1,"COMPUSOFT INTEGRATED SOLUTIONS, INC",CHILLICOTHE,IL,72800.0,Year,No,,72800.0,False
Certified,H-1B,Water Engineer 2,17-2051.00,Civil Engineers,Y,1,"ARCADIS U.S., INC.",Columbus,OH,86008.0,Year,No,,86008.0,False
Certified,H-1B,"Engineer I, Transportation",17-2051.01,Transportation Engineers,Y,1,"BOWMAN CONSULTING GROUP, LTD.",West Palm Beach,FL,75013.0,Year,No,,75013.0,False
Certified,H-1B,Structural Engineer In Training,17-2051.00,Civil Engineers,Y,1,STANTEC CONSULTING SERVICES INC.,Houston,TX,79955.2,Year,No,,79955.2,False
Certified,H-1B,Engineer 1 (Unlicensed),17-2071.00,Electrical Engineers,Y,1,GRESHAM SMITH,Chicago,IL,105000.0,Year,No,,105000.0,False
Certified,H-1B,Engineer 1 (Unlicensed),17-2051.00,Civil Engineers,Y,1,GRESHAM SMITH,Tampa,FL,80000.0,Year,No,,80000.0,False
Certified,H-1B,Research Associate,19-2041.03,Industrial Ecologists,Y,1,MICHIGAN STATE UNIVERSITY,East Lansing,MI,70000.0,Year,No,,70000.0,False
Certified,H-1B,Graduate Engineer “ Traffic,17-2051.01,Transportation Engineers,Y,1,WSB LLC,Houston,TX,64355.0,Year,No,,64355.0,False
Certified,H-1B,R&D Engineer II,17-2141.00,Mechanical Engineers,Y,1,"ANSYS, INC.",Austin,TX,89419.0,Year,No,,89419.0,False
Certified,H-1B,Engineer 1 (Unlicensed),17-2051.01,Transportation Engineers,Y,1,GRESHAM SMITH,Baton Rouge,LA,81245.0,Year,No,,81245.0,False
Certified,H-1B,Geotechnical Engineer - EIT,17-2081.00,Environmental Engineers,Y,1,STANTEC CONSULTING SERVICES INC.,Irvine,CA,90001.6,Year,No,,90001.6,True
Certified,H-1B,"Engineer I, Water/WasteWater",17-2051.02,Water/Wastewater Engineers,Y,1,"BOWMAN CONSULTING GROUP, LTD.",Naples,FL,65000.0,Year,No,,65000.0,False
Certified,H-1B,Assistant Resident Engineer,17-2051.00,Civil Engineers,Y,0,"ARCADIS U.S., INC.",Chicago,IL,128989.95,Year,No,,128989.95,False
Certified,H-1B,Engineer in Training II,17-2051.00,Civil Engineers,Y,1,"MODJESKI AND MASTERS, INC.",New Orleans,LA,83100.0,Year,No,,83100.0,False
Certified,H-1B,Associate Technical Professional - Structural - KBGFJG340249,17-2051.00,Civil Engineers,Y,1,"KBR TECHNICAL SERVICES, INC.",Houston,TX,79560.0,Year,No,,79560.0,False
Certified,H-1B,Civil Engineer I,17-2051.00,Civil Engineers,Y,1,"BOWMAN CONSULTING GROUP, LTD.",Stuart,FL,67954.0,Year,No,,67954.0,False
Certified,H-1B,Assistant Project Engineer,17-2081.00,Environmental Engineers,Y,1,DISTINCT ENGINEERING SOLUTIONS INC,North Brunswick,NJ,34.0,Hour,No,,70720.0,False
Certified,H-1B,Junior Civil Designer,17-2051.00,Civil Engineers,Y,1,VILLA CIVIL APC,Encinitas,CA,76960.0,Year,No,,76960.0,True
Certified,H-1B,ENGINEER I,17-2071.00,Electrical Engineers,Y,1,TECHSERV CONSULTING AND TRAINING LTD.,CONROE,TX,71490.0,Year,No,,71490.0,False
Certified,H-1B,Engineer II,17-2071.00,Electrical Engineers,Y,1,TECHSERV CONSULTING AND TRAINING LTD.,Tyler,TX,66394.0,Year,No,,66394.0,False
Certified,H-1B,Engineering Associate I - PV & BESS,17-2141.00,Mechanical Engineers,Y,1,"EVS, INC.",Eden Prairie,MN,71011.0,Year,No,,71011.0,False
Certified,H-1B,Data Center Infrastructure Engineer II,17-2051.00,Civil Engineers,Y,0,"AMAZON DATA SERVICES, INC",Herndon,VA,121400.0,Year,No,,121400.0,False
Certified,H-1B,SCADA Development Engineer Level 1,17-2199.05,Mechatronics Engineers,Y,0,"HOFFMAN BUILDING TECHNOLOGIES, INC.",Charlotte,NC,91000.08,Year,No,,91000.08,False
Certified,H-1B,Engineer I,17-2141.00,Mechanical Engineers,Y,1,"BRAND SHARED SERVICES, LLC",Scotia,NY,75000.0,Year,No,,75000.0,False
Certified,H-1B,Civil Engineer I,17-2051.00,Civil Engineers,Y,1,"BOWMAN CONSULTING GROUP, LTD.",Tucson,AZ,76220.0,Year,No,,76220.0,False
Certified,H-1B,Systems Studies Engineer I,17-2071.00,Electrical Engineers,Y,1,"MITSUBISHI ELECTRIC POWER PRODUCTS, INC.",Tempe,AZ,83026.0,Year,No,,83026.0,False
Certified - Withdrawn,H-1B,Computer Vision Engineer II,17-2199.08,Robotics Engineers,Y,0,"KINETIC AUTOMATION, INC.",Santa Ana,CA,149282.0,Year,No,,149282.0,True
Certified,H-1B,Scientist I,19-2041.00,"Environmental Scientists and Specialists, Including Health",Y,0,UNIVERSITY OF WISCONSIN SYSTEM,Ames,IA,76000.0,Year,No,,76000.0,False
Certified,H-1B,"Assistant Consultant, Water Resources Engineer",17-2051.02,Water/Wastewater Engineers,Y,1,WSP USA INC.,Essex Junction,VT,77356.03,Year,No,,77356.03,False
Certified,H-1B,Associate Product Engineer,17-2071.00,Electrical Engineers,Y,1,"SCHWEITZER ENGINEERING LABORATORIES, INC.",Pullman,WA,85000.0,Year,No,,85000.0,False
Certified,H-1B,Design Release Engineer I,17-2141.00,Mechanical Engineers,Y,1,"GOKEN AMERICA, LLC",Dublin,OH,33.79,Hour,No,,70283.2,False
Certified,H-1B,HVAC Product Engineer I,17-2141.00,Mechanical Engineers,Y,1,"KENTUCKIANA CURB COMPANY, INC.",Louisville,KY,69930.0,Year,No,,69930.0,False
Certified,H-1B,Electrical Engineer 2,17-2071.00,Electrical Engineers,Y,1,BLACK & VEATCH CORPORATION,Dallas,TX,62213.0,Year,No,,62213.0,False
Certified,H-1B,Graduate Engineer,17-2051.00,Civil Engineers,Y,0,"PINNACLE STRUCTURAL ENGINEERS, INC.",Houston,TX,72000.0,Year,No,,72000.0,False
Certified,H-1B,Automation Field Engineer I,17-2199.05,Mechatronics Engineers,Y,1,"HYSTER-YALE MATERIALS HANDLING, INC.",Concord Township,OH,79462.0,Year,No,,79462.0,False
Certified,H-1B,Sustainability Engineer I,17-2081.00,Environmental Engineers,Y,1,"NIAGARA BOTTLING, LLC",Broomfield,CO,93600.0,Year,No,,93600.0,False
Certified,H-1B,"Associate I, Engineering",17-2051.01,Transportation Engineers,Y,0,"ALTA PLANNING  & DESIGN, INC.",Oakland,CA,125798.0,Year,No,,125798.0,True
Certified,H-1B,Static Stress Engineer II,17-2141.00,Mechanical Engineers,Y,0,AIRBUS AMERICAS INC,Wichita,KS,100000.0,Year,No,,100000.0,False
Certified,H-1B,Associate Power Engineer,17-2071.00,Electrical Engineers,Y,1,"SCHWEITZER ENGINEERING LABORATORIES, INC.",Pullman,WA,89250.0,Year,No,,89250.0,False
Certified,H-1B,Graduate Engineer,17-2051.00,Civil Engineers,Y,0,"PINNACLE STRUCTURAL ENGINEERS, INC.",Houston,TX,72000.0,Year,No,,72000.0,False
Certified,H-1B,"Assistant Consultant, Electrical Engineering",17-2071.00,Electrical Engineers,Y,1,WSP USA BUILDINGS INC.,ATLANTA,GA,72176.0,Year,No,,72176.0,False
Certified,H-1B,Transportation Engineer 1,17-2051.00,Civil Engineers,Y,1,"ARCADIS U.S., INC.",Nashville,TN,72009.6,Year,No,,72009.6,False
Certified,H-1B,Jr. Construction Inspector,17-2051.00,Civil Engineers,Y,1,"GARG CONSULTING SERVICES, INC.",New York,NY,75000.0,Year,No,,75000.0,False
Certified,H-1B,Intern Architect,17-1011.00,"Architects, Except Landscape and Naval",Y,0,"CENTERLINE ARCHITECTS & PLANNERS, P.C.",Bennington,VT,54950.48,Year,No,,54950.48,False
Certified,H-1B,Systems Engineer II,17-2199.08,Robotics Engineers,Y,0,"TORC ROBOTICS, INC.",Ann Arbor,MI,145000.0,Year,No,,145000.0,False
Certified,H-1B,Instruments and Controls Engineer I,17-2072.00,"Electronics Engineers, Except Computer",Y,1,BORN INC.,Tulsa,OK,70000.0,Year,No,,70000.0,False
Certified,H-1B,Building Performance Sustainability Associate,13-1199.05,Sustainability Specialists,Y,1,"MEAD & HUNT, INC.",Herndon,VA,104663.0,Year,No,,104663.0,False
Certified,H-1B,Graduate Engineer “ Traffic,17-2051.01,Transportation Engineers,Y,1,WSB LLC,Denver,CO,81536.0,Year,No,,81536.0,False
Certified,H-1B,Associate,17-1011.00,"Architects, Except Landscape and Naval",Y,0,RIVERS AND CHRISTIAN,Los Angeles,CA,88715.0,Year,No,,88715.0,True
Certified,H-1B,Engineer 1,17-2051.00,Civil Engineers,Y,1,CES CONSULTING LLC,Warrenton,VA,90000.0,Year,No,,90000.0,False
Certified,H-1B,Data Center Infrastructure Engineer II,17-2071.00,Electrical Engineers,Y,0,"AMAZON DATA SERVICES, INC.",Herndon,VA,140000.0,Year,No,,140000.0,False
Certified,H-1B,Associate Compliance Engineer,17-2071.00,Electrical Engineers,Y,1,"SCHWEITZER ENGINEERING LABORATORIES, INC.",Pullman,WA,89250.0,Year,No,,89250.0,False
Certified,H-1B,Associate Project Engineer--Protection,17-2071.00,Electrical Engineers,Y,1,"SEL ENGINEERING SERVICES, INC.",Pullman,WA,84254.0,Year,No,,84254.0,False
Certified,H-1B,Engineer I,17-2141.00,Mechanical Engineers,Y,1,"JINKO SOLAR (U.S.) INDUSTRIES, INC.",Jacksonville,FL,66700.0,Year,No,,66700.0,False
Certified,H-1B,ENGINEER II,17-2051.00,Civil Engineers,Y,0,"HBM ENGINEERING GROUP, LLC",Hillside,IL,86736.0,Year,No,,86736.0,False
Certified,H-1B,Engineer I,17-2051.00,Civil Engineers,Y,1,GRANITE CONSTRUCTION COMPANY GUAM,Dededo,GU,70000.0,Year,No,,70000.0,False
Certified,H-1B,Electrical Engineer II - Design/Test,17-2071.00,Electrical Engineers,Y,1,"HYSTER-YALE MATERIALS HANDLING, INC.",Greenville,NC,89760.0,Year,No,,89760.0,False
Certified,H-1B,Mechanical EIT,17-2141.00,Mechanical Engineers,Y,1,STANTEC CONSULTING SERVICES INC,San Diego,CA,90937.6,Year,No,,90937.6,True
Certified,H-1B,Engineering Associate I - PV & BESS,17-2141.00,Mechanical Engineers,Y,1,"EVS, INC.",Eden Prairie,MN,71011.0,Year,No,,71011.0,False
Certified,H-1B,Intern Architect,17-1011.00,"Architects, Except Landscape and Naval",Y,0,"PICKERING FIRM, INC.",Memphis,TN,66040.0,Year,No,,66040.0,False
Certified,H-1B,Engineering Associate,17-2071.00,Electrical Engineers,Y,1,"MESA ASSOCIATES, INC.",Chattanooga,TN,80891.0,Year,No,,80891.0,False
Certified,H-1B,Civil Engineer 1,17-2051.00,Civil Engineers,Y,1,BLACK & VEATCH CORPORATION,Atlanta,GA,60944.0,Year,No,,60944.0,False
Certified,H-1B,P&C Engineering Associate,17-2071.00,Electrical Engineers,Y,1,"MESA ASSOCIATES, INC.",Chattanooga,TN,80891.0,Year,No,,80891.0,False
Certified,H-1B,Highway Engineering Professional Entry Level,17-2051.00,Civil Engineers,Y,1,"JACOBS ENGINEERING GROUP, INC.",Dallas,TX,82720.0,Year,No,,82720.0,False
Certified,H-1B,Water Engineer 1,17-2051.02,Water/Wastewater Engineers,Y,1,"ARCADIS U.S., INC.",Greensboro,NC,73008.0,Year,No,,73008.0,False
Certified,H-1B,Associate Compliance Engineer,17-2071.00,Electrical Engineers,Y,1,"SCHWEITZER ENGINEERING LABORATORIES, INC.",Pullman,WA,82000.0,Year,No,,82000.0,False
Certified,H-1B,Drainage Designer/EIT,17-2051,Civil Engineers,Y,1,"AZTEC ENGINEERING GROUP, INC.",Phoenix,AZ,37.0,Hour,No,,76960.0,False
Certified,H-1B,Robotics Systems Engineer I,17-2199.08,Robotics Engineers,Y,0,AMAZON.COM SERVICES LLC,North Reading,MA,112000.0,Year,No,,112000.0,False
Certified,H-1B,EHS Associate I,19-2041.00,"Environmental Scientists and Specialists, Including Health",Y,1,"NOVO NORDISK US BIO PRODUCTION, INC.",West Lebanon,NH,67600.0,Year,No,,67600.0,False
Certified,H-1B,HVAC Product Engineer I,17-2141.00,Mechanical Engineers,Y,1,"KENTUCKIANA CURB COMPANY, INC.",Louisville,KY,74360.0,Year,No,,74360.0,False
Certified,H-1B,ARCHITECTURAL ASSOCIATE,17-1011.00,"Architects, Except Landscape and Naval",Y,1,COREY DUNNE PC,CHICAGO,IL,70000.0,Year,No,,70000.0,False
Certified,H-1B,"Assistant Consultant, Mechanical Engineer",17-2141.00,Mechanical Engineers,Y,1,WSP USA BUILDINGS INC.,Tempe,AZ,76419.2,Year,No,,76419.2,False
Certified,H-1B,Design Engineer II,17-2071.00,Electrical Engineers,Y,1,"ENTRUST SOLUTIONS GROUP, LLC",Justin,TX,36.29,Hour,No,,75483.2,False
Certified,H-1B,Structural EIT Engineer,17-2051.00,Civil Engineers,Y,1,"GGE CONSULTING ENGINEERS, INC.",San Antonio,TX,57512.0,Year,No,,57512.0,False
Certified,H-1B,Graduate Engineer “ Traffic,17-2051.01,Transportation Engineers,Y,1,WSB LLC,Denver,CO,72030.0,Month,No,,864360.0,False
Certified,H-1B,Design Engineer I,17-2141.00,Mechanical Engineers,Y,1,"HYSTER-YALE MATERIALS HANDLING, INC.",Malden,MA,94500.01,Year,No,,94500.01,False
Certified,H-1B,Associate Engineer,17-2071.00,Electrical Engineers,Y,1,"SCHWEITZER ENGINEERING LABORATORIES, INC.",Pullman,WA,88691.0,Year,No,,88691.0,False
Certified,H-1B,Associate Power Engineer,17-2071.00,Electrical Engineers,Y,1,"SCHWEITZER ENGINEERING LABORATORIES, INC.",Pullman,WA,84048.0,Year,No,,84048.0,False
Certified,H-1B,Research Associate,17-2141.01,Fuel Cell Engineers,Y,1,TRYGVE ENTERPRISES LLC,Bryan,TX,72000.0,Year,No,,72000.0,False
Certified,H-1B,"Assistant Consultant, Environmental Engineering",17-2081.00,Environmental Engineers,Y,1,WSP USA INC.,Jacksonville,FL,70772.42,Year,No,,70772.42,False
Certified,H-1B,Design Engineer II,17-2051.00,Civil Engineers,Y,1,"FLUOR ENTERPRISES, INC.",Houston,TX,132000.0,Year,No,,132000.0,False
Certified,H-1B,Controls Systems Engineer II,17-2141.00,Mechanical Engineers,Y,1,"JOHNSON CONTROLS, INC.",Wauwatosa,WI,83075.0,Year,No,,83075.0,False
Certified,H-1B,Electrical Engineer 1,17-2071.00,Electrical Engineers,Y,1,BLACK & VEATCH CORPORATION,Burlington,MA,90626.0,Year,No,,90626.0,False
Certified,H-1B,Assistant Professor,17-2051.00,Civil Engineers,Y,0,UNIVERSITY OF MARYLAND BALTIMORE,Baltimore,MD,155453.0,Year,No,,155453.0,False
Certified,H-1B,Water/Wastewater Engineer in Training (EIT),17-2051.02,Water/Wastewater Engineers,Y,1,"HDR ENGINEERING, INC.",Phoenix,AZ,82680.0,Year,No,,82680.0,False
Certified,H-1B,Associate Project Consultant,17-2051.00,Civil Engineers,Y,1,SIMPSON GUMPERTZ & HEGER INC.,Oakland,CA,87113.0,Year,No,,87113.0,True
Certified,H-1B,Advanced Mobility Analyst II,17-2051.01,Transportation Engineers,Y,1,"FELSBURG HOLT & ULLEVIG, INC.",Greenwood Village,CO,82500.0,Year,No,,82500.0,False
Certified,H-1B,Controls Engineer I,17-2071.00,Electrical Engineers,Y,1,"WES-TECH AUTOMATION SOLUTIONS, LLC",Buffalo Grove,IL,81000.0,Year,No,,81000.0,False
Certified,H-1B,Civil Engineer I,17-2051.00,Civil Engineers,Y,1,"BOWMAN CONSULTING GROUP, LTD.",Ft. Lauderdale,FL,66000.0,Year,No,,66000.0,False
Certified,H-1B,Entry Level Design Professional,17-1011.00,"Architects, Except Landscape and Naval",Y,1,"DESIGN MAVENS ARCHITECTURE, PLLC",Normal,IL,30.0,Hour,No,,62400.0,False
Certified,H-1B,Engineer II,17-2199.05,Mechatronics Engineers,Y,1,DISH NETWORK LLC,El Paso,TX,85134.0,Year,No,,85134.0,False
Certified,H-1B,Environmental Engineer 2,17-2081.00,Environmental Engineers,Y,1,BLACK & VEATCH CORPORATION,San Jose,CA,93766.0,Year,No,,93766.0,True
Certified,H-1B,Civil Engineer I,17-2051.00,Civil Engineers,Y,1,"BOWMAN CONSULTING GROUP, LTD.",Jacksonville,FL,65728.0,Year,No,,65728.0,False
Certified,H-1B,Data Centre Infrastructure Engineer I,17-2051.00,Civil Engineers,Y,0,"AMAZON DATA SERVICES, INC",Herndon,VA,106240.0,Year,No,,106240.0,False
Certified,H-1B,Product Development Engineer II,17-2141.00,Mechanical Engineers,Y,1,"FREUDENBERG MEDICAL, LLC",Carpinteria,CA,108740.0,Year,No,,108740.0,True
Certified,H-1B,Technical Operations Engineer I,17-2071.00,Electrical Engineers,Y,1,"AMAZON DATA SERVICES, INC",Herndon,VA,127000.0,Year,No,,127000.0,False
Certified,H-1B,Snr Field Service Engineer I,17-2141.00,Mechanical Engineers,Y,1,ASM AMERICA INC.,San Jose,CA,97365.0,Year,No,,97365.0,True
Certified,H-1B,Associate,17-1011.00,"Architects, Except Landscape and Naval",Y,1,"BLACK RIVER DESIGN ARCHITECTS, PLC",Montpelier,VT,27.75,Hour,No,,57720.0,False
Certified,H-1B,Systems Engineer II,17-2141.00,Mechanical Engineers,Y,1,"METROPOLIS EMPLOYEE SERVICES, LLC",Seattle,WA,138840.0,Year,No,,138840.0,False
Certified,H-1B,Factory Automation Engineer I “ Mechatronics Engineering,17-2199.00,"Engineers, All Other",Y,1,DEERE & COMPANY,Ankeny,IA,89200.0,Year,No,,89200.0,False
Certified,H-1B,Project Engineer II,17-2141.00,Mechanical Engineers,Y,1,BUILDING MATERIALS MANUFACTURING LLC,Shafter,CA,96574.0,Year,No,,96574.0,True
Certified,H-1B,Laboratory Engineer II,17-2051,Civil Engineers,Y,1,ANS GEO,South Plainfield,NJ,76000.0,Year,No,,76000.0,False
Certified,H-1B,Junior Designer,17-1011.00,"Architects, Except Landscape and Naval",Y,0,HUGHESUMBANHOWAR ARCHITECTS,Venice,CA,64459.0,Year,No,,64459.0,True
Certified,H-1B,Engineer II,17-2141.00,Mechanical Engineers,Y,1,ANTERIS TECHNOLOGIES CORPORATION,Eagan,MN,100000.0,Year,No,,100000.0,False
Certified,H-1B,Engineer I,17-2141.00,Mechanical Engineers,Y,1,"L-H BATTERY COMPANY, INC.",Jeffersonville,OH,75000.0,Year,No,,75000.0,False
Certified,H-1B,Assistant Project Engineer,17-2051,Civil Engineers,Y,1,"NEYER, TISEO & HINDO, LTD. DBA NTH CONSULTANTS, LTD.",Northville,MI,83064.6,Year,No,,83064.6,False
Certified,H-1B,Mechanical Engineer 1,17-2141.00,Mechanical Engineers,Y,1,"B D G WRAP-TITE, INC.",Solon,OH,69742.0,Year,No,,69742.0,False
Certified,H-1B,Antenna Engineer II,17-2071.00,Electrical Engineers,Y,1,SPACE EXPLORATION TECHNOLOGIES CORP.,Redmond,WA,140000.0,Year,No,,140000.0,False
Certified,H-1B,Project Engineer II,17-2051.00,Civil Engineers,Y,1,"F.H. PASCHEN, S.N. NIELSEN & ASSOCIATES LLC",Pompano Beach,FL,80000.0,Year,No,,80000.0,False
Certified,H-1B,Machine Learning Engineer I,17-2071.00,Electrical Engineers,Y,1,MILWAUKEE ELECTRIC TOOL CORPORATION,Brookfield,WI,105000.0,Year,No,,105000.0,False
Certified,H-1B,ENGINEER ASSOCIATE II,17-2051.00,Civil Engineers,Y,1,"H.W. LOCHNER, INC",LENEXA,KS,68640.0,Year,No,,68640.0,False
Certified,H-1B,Engineer I,17-2199.00,"Engineers, All Other",Y,1,"JINKO SOLAR (U.S.) INDUSTRIES, INC.",Jacksonville,FL,66400.0,Year,No,,66400.0,False
Certified,H-1B,Data Centre Infrastructure Engineer I,17-2051.00,Civil Engineers,Y,0,AMAZON.COM SERVICES LLC,Seattle,WA,109700.0,Year,No,,109700.0,False
Certified,H-1B,Project Controls Engineer II,17-2112.00,Industrial Engineers,Y,1,STELIC LLC,Hagerstown,MD,105000.0,Year,No,,105000.0,False
Certified,H-1B,"Engineer I, Transportation",17-2051.01,Transportation Engineers,Y,1,"BOWMAN CONSULTING GROUP, LTD.",Lincoln,RI,72000.0,Year,No,,72000.0,False
Certified,H-1B,Mechanical Engineer 1,17-2141.00,Mechanical Engineers,Y,1,"B D G WRAP-TITE, INC.",Solon,OH,69742.0,Year,No,,69742.0,False
Certified,H-1B,Design Associate I,17-1011.00,"Architects, Except Landscape and Naval",Y,1,"GOODWYN MILLS CAWOOD, LLC",Mobile,AL,60000.0,Year,No,,60000.0,False
Certified,H-1B,Engineering Associate I,17-2051.00,Civil Engineers,Y,1,"EVS, INC.",Eden Prairie,MN,71760.0,Year,No,,71760.0,False
Certified,H-1B,Associate Project Designer,17-1011.00,"Architects, Except Landscape and Naval",Y,1,TONAB ARCHITECTURE PLLC,New York,NY,70000.0,Year,No,,70000.0,False
Certified - Withdrawn,H-1B,Assistant Professor of Mechanical Engineering,25-1032,"Engineering Teachers, Postsecondary",Y,1,EMBRY-RIDDLE AERONAUTICAL UNIVERSITY,Prescott,AZ,95000.0,Year,No,,95000.0,False
Certified,H-1B,Lab Scientist II,17-2141.00,Mechanical Engineers,Y,1,ARAMCO SERVICES COMPANY,Novi,MI,119700.0,Year,No,,119700.0,False
Certified,H-1B,Electrical Engineer 1,17-2071.00,Electrical Engineers,Y,1,"FREUDENBERG BATTERY POWER SYSTEMS, LLC",Auburn Hills,MI,95374.87,Year,No,,95374.87,False
Certified,H-1B,General System Engineer 2,17-2199.07,Photonics Engineers,Y,1,"CYMER, LLC",San Diego,CA,139400.0,Year,No,,139400.0,True
Certified,H-1B,Civil Engineer 1,17-2051.00,Civil Engineers,Y,1,"INNOVA CONSULTING, INC.",Lincolnwood,IL,35.0,Hour,No,,72800.0,False
Certified,H-1B,Engineer I,17-2081.00,Environmental Engineers,Y,1,"GZA GEOENVIRONMENTAL, INC.",Bedford,NH,77043.2,Year,No,,77043.2,False
Certified,H-1B,Design Engineer I,17-2071.00,Electrical Engineers,Y,1,TOSHIBA INTERNATIONAL CORPORATION,Houston,TX,71490.0,Year,No,,71490.0,False
Certified,H-1B,Lab Scientist II,17-2141.00,Mechanical Engineers,Y,1,ARAMCO SERVICES COMPANY,Novi,MI,118860.0,Year,No,,118860.0,False
Certified,H-1B,Design Engineer II,17-2141.00,Mechanical Engineers,Y,0,"GOKEN AMERICA, LLC",Dublin,OH,33.79,Hour,No,,70283.2,False
Certified,H-1B,Systems Studies Engineer I,17-2071.00,Electrical Engineers,Y,0,"MITSUBISHI ELECTRIC POWER PRODUCTS, INC.",Fort Worth,TX,89668.0,Year,No,,89668.0,False
Certified,H-1B,Project Engineer II,17-2141.00,Mechanical Engineers,Y,1,MILWAUKEE ELECTRIC TOOL CORPORATION,Brookfield,WI,90948.0,Year,No,,90948.0,False
Certified,H-1B,Junior Engineer,17-2141.00,Mechanical Engineers,Y,1,STEALTH POWER,Austin,TX,70000.0,Year,No,,70000.0,False
Certified,H-1B,Architectural Graduate (Designer),17-1011.00,"Architects, Except Landscape and Naval",Y,0,STUDIO M ARCHITECTURE & PLANNING LLC,Carmel,IN,65000.0,Year,No,,65000.0,False
Certified,H-1B,Structural Engineer-EIT,17-2051.00,Civil Engineers,Y,1,"MK AND ASSOCIATES, INC",Plano,TX,64459.0,Year,No,,64459.0,False
Certified,H-1B,Product Development Engineer II,17-2141.00,Mechanical Engineers,Y,1,"ABIOMED, INC.",Danvers,MA,115000.0,Year,No,,115000.0,False
Certified,H-1B,Assistant Professor - Dept. of Mechanical Engineering,25-1032.00,"Engineering Teachers, Postsecondary",Y,0,UNIVERSITY OF NEW HAMPSHIRE,Durham,NH,96877.69,Year,No,,96877.69,False
Certified,H-1B,Environmental Engineer (Entry Level),17-2051.02,Water/Wastewater Engineers,Y,1,"WASTEWATER ACQUISITION LLC D/B/A IN-PIPE TECHNOLOGY, LLC",Wood Dale,IL,72000.0,Year,No,,72000.0,False
Certified,H-1B,Assistant Professor of Mechanical Engineering,25-1032.00,"Engineering Teachers, Postsecondary",Y,1,ST. MARY'S UNIVERSITY,San Antonio,TX,95000.0,Year,No,,95000.0,False
Certified,H-1B,Research Scientist 2,17-2071.00,Electrical Engineers,Y,1,ROBERT BOSCH LLC,Pittsburgh,PA,162640.0,Year,No,,162640.0,False
Certified,H-1B,"Assistant Consultant, Water Resources Engineer",17-2051.02,Water/Wastewater Engineers,Y,1,WSP USA INC.,Birmingham,AL,75409.15,Year,No,,75409.15,False
Certified,H-1B,Electrical Engineer II,17-2071.00,Electrical Engineers,Y,1,M. A. MORTENSON COMPANY,Mojave,CA,8248.67,Month,No,,98984.04000000001,True
Certified,H-1B,Deep Learning Engineer II,17-2071.00,Electrical Engineers,Y,1,ROBERT BOSCH LLC,Pittsburgh,PA,150000.0,Year,No,,150000.0,False
Certified,H-1B,Energy Analyst II,15-2051.00,Data Scientists,Y,1,ASCEND ANALYTICS LLC,Boulder,CO,92750.0,Year,No,,92750.0,False
Certified,H-1B,Motor Engineer I,17-2141.00,Mechanical Engineers,Y,1,MILWAUKEE ELECTRIC TOOL CORPORATION,Brookfield,WI,83075.0,Year,No,,83075.0,False
Certified,H-1B,Associate,17-2141.00,Mechanical Engineers,Y,0,"EXPONENT, INC.",Austin,TX,105000.0,Year,No,,105000.0,False
Certified,H-1B,Audit & Assurance Sustainability & ESG Assistant,13-2011.00,Accountants and Auditors,Y,1,DELOITTE & TOUCHE LLP,Los Angeles,CA,78000.0,Year,No,,78000.0,True
Certified,H-1B,Project Engineer I,17-2051.00,Civil Engineers,Y,1,M. A. MORTENSON COMPANY,Axtell,TX,7774.0,Month,No,,93288.0,False
Certified,H-1B,Project Engineer II,17-2199.03,"Energy Engineers, Except Wind and Solar",N,1,"TRC ENGINEERS, INC. (CA)",East Lansing,MI,42.52,Hour,No,,88441.6,False
Certified,H-1B,Engineer I,17-2051.01,Transportation Engineers,Y,0,"RUMMEL, KLEPPER & KAHL, LLP",King of Prussia,PA,41.5,Hour,No,,86320.0,False
Certified,H-1B,Water Resources EIT-Transportation Drainage,17-2051.02,Water/Wastewater Engineers,Y,1,"JACOBS ENGINEERING GROUP, INC.",Ste 3500,TX,83000.0,Year,No,,83000.0,False
Certified,H-1B,Associate,17-2051.00,Civil Engineers,Y,1,"EXPONENT, INC.",Oakland,CA,100000.0,Year,No,,100000.0,True
Certified,H-1B,Water/ Wastewater Engineer II,17-2051.02,Water/Wastewater Engineers,Y,1,"NORRISLEAL, PLLC",Harlingen,TX,64300.0,Year,No,,64300.0,False
Certified,H-1B,Advanced Quality Engineer I,17-2141.00,Mechanical Engineers,Y,1,MILWAUKEE ELECTRIC TOOL CORPORATION,Brookfield,WI,83554.0,Year,No,,83554.0,False
Certified,H-1B,Product Support Engineer II,17-2141.00,Mechanical Engineers,Y,1,NTOPOLOGY INC.,Somerset,NJ,111693.75,Year,No,,111693.75,False
Certified,H-1B,Junior Architectural Designer,17-1011.00,"Architects, Except Landscape and Naval",Y,1,"GHATAODE BANNON ARCHITECTS, LLP",Costa Mesa,CA,64459.0,Year,No,,64459.0,True
Certified,H-1B,MEP Project Engineer II,17-2051.00,Civil Engineers,Y,1,M. A. MORTENSON COMPANY,Rosemount,MN,8498.52,Month,No,,101982.24,False
Certified,H-1B,Audit & Assurance Sustainability & ESG Assistant,13-2011.00,Accountants and Auditors,Y,1,DELOITTE & TOUCHE LLP,Los Angeles,CA,61526.0,Year,No,,61526.0,True
Certified,H-1B,DESIGN ARCHITECTURE PROFESSIONAL ENTRY LEVEL.,17-1011.00,"Architects, Except Landscape and Naval",Y,0,JACOBS ENGINEERING GROUP INC.,NASHVILLE,TN,87727.56,Year,No,,87727.56,False
Certified,H-1B,Firmware Engineer I,17-2071.00,Electrical Engineers,Y,1,MILWAUKEE ELECTRIC TOOL CORPORATION,Chicago,IL,98050.0,Year,No,,98050.0,False
Certified,H-1B,Highway Engineering Professional Entry Level,17-2051.00,Civil Engineers,Y,1,"JACOBS ENGINEERING GROUP, INC.",Dallas,TX,82720.0,Year,No,,82720.0,False
Certified - Withdrawn,H-1B,Architectural Design Associate,17-1011.00,"Architects, Except Landscape and Naval",Y,0,ASSIST INC.,Salt Lake City,UT,32.0,Hour,No,,66560.0,False
Certified - Withdrawn,H-1B,Engineer II (Civil),17-2051.00,Civil Engineers,Y,0,STV INCORPORATED,Fairfax,VA,84718.0,Year,No,,84718.0,False
Certified,H-1B,Junior Architectural Designer,17-1011.00,"Architects, Except Landscape and Naval",Y,1,DESIGN COLLECTIVE INC.,Seattle,WA,60000.0,Year,No,,60000.0,False
Certified,H-1B,Associate Engineer,17-2051.00,Civil Engineers,Y,1,"OLSSON, INC.",Fort Worth,TX,85500.0,Year,No,,85500.0,False
Certified,H-1B,Intern Architect,17-1011,"Architect, Except Landscape and Naval",Y,1,COMITO ASSOCIATES PC ARCHITECTURE,Newark,NJ,31.58,Hour,No,,65686.4,False
Certified,H-1B,Professional Engineer I,17-2051.00,Civil Engineers,Y,1,"THE STATE OF NEBRASKA, DEPARTMENT OF TRANSPORTATION",Norfolk,NE,34.85,Hour,No,,72488.0,False
Certified,H-1B,Electrical Engineer II,17-2071.00,Electrical Engineers,Y,1,TBC - THE BORING COMPANY,Bastrop,TX,105000.0,Year,No,,105000.0,False
Certified,H-1B,Motor Engineer II,17-2141.00,Mechanical Engineers,Y,1,MILWAUKEE ELECTRIC TOOL CORPORATION,Brookfield,WI,104000.0,Year,No,,104000.0,False
Certified,H-1B,Associate Engineer (RDP),17-2141.00,Mechanical Engineers,Y,1,ANDERSEN CORPORATION,Dubuque,IA,78540.0,Year,No,,78540.0,False
Certified,H-1B,Firmware Engineer I,17-2071.00,Electrical Engineers,Y,1,MILWAUKEE ELECTRIC TOOL CORPORATION,Brookfield,WI,88234.0,Year,No,,88234.0,False
Certified,H-1B,Junior Architectural Designer,17-1011.00,"Architects, Except Landscape and Naval",Y,1,DESIGN COLLECTIVE INC.,Seattle,WA,59000.0,Year,No,,59000.0,False
Certified,H-1B,Firmware Engineer I,17-2071.00,Electrical Engineers,Y,1,MILWAUKEE ELECTRIC TOOL CORPORATION,Brookfield,WI,88234.0,Year,No,,88234.0,False
Certified,H-1B,Design Release Engineer II,17-2141.00,Mechanical Engineers,Y,1,"GOKEN AMERICA, LLC",Dublin,OH,34.08,Hour,No,,70886.4,False
Certified,H-1B,DC Infrastructure Engineer II,17-2071.00,Electrical Engineers,Y,0,"AMAZON WEB SERVICES, INC.",Austin,TX,144000.0,Year,No,,144000.0,False
Certified,H-1B,Traffic Engineer II,17-2051.01,Transportation Engineers,Y,1,"FLEIS & VANDENBRINK ENGINEERING, INC.",Farmington Hills,MI,77000.0,Year,No,,77000.0,False
Certified,H-1B,Assistant Professor of Sustainability,25-1064.00,"Geography Teachers, Postsecondary",Y,1,HOFSTRA UNIVERSITY,Hempstead,NY,102500.0,Year,No,,102500.0,False
Certified,H-1B,Graduate Mechanical Engineer - KBGFJG275985-2,17-2112.00,Industrial Engineers,Y,1,KENNECOTT UTAH COPPER LLC,South Jordan,UT,90500.0,Year,No,,90500.0,False
Certified,H-1B,Junior Architectural Designer,17-1011.00,"Architects, Except Landscape and Naval",Y,1,DESIGN COLLECTIVE INC.,Seattle,WA,55000.0,Year,No,,55000.0,False
Certified,H-1B,Intern Architect,17-1011,"Architects, Except Landscape and Naval",Y,1,COMITO ASSOCIATES PC ARCHITECTURE,Newark,NJ,31.58,Hour,No,,65686.4,False
Certified,H-1B,Systems Engineer II (Electronics),17-2199.05,Mechatronics Engineers,Y,1,RHEEM MANUFACTURING COMPANY,Roswell,GA,91332.0,Year,No,,91332.0,False
Certified,H-1B,Structural Engineer Associate,17-2051.00,Civil Engineers,Y,1,"AGENOR & CAMPBELL STRUCTURAL ENGINEERS, LLC",Clearwater,FL,85155.0,Year,No,,85155.0,False
Certified,H-1B,Project Engineer II,17-2051.00,Civil Engineers,Y,1,HOLMES US,San Francisco,CA,90000.0,Year,No,,90000.0,True
Certified,H-1B,Electrical Engineer II,17-2071.00,Electrical Engineers,Y,1,"THORLABS, INC.",Sterling,VA,110968.0,Year,No,,110968.0,False
Certified,H-1B,Civil Engineer  II,17-2051.00,Civil Engineers,Y,0,"O'BRIEN ENGINEERING, INC.",Dallas,TX,64459.0,Year,No,,64459.0,False
Certified,H-1B,Graduate Engineer II - Structures,17-2051.00,Civil Engineers,Y,1,"WALTER P. MOORE & ASSOCIATES, INC.",Las Vegas,NV,82700.12,Year,No,,82700.12,False
Certified,H-1B,Validation Engineer II,17-2071.00,Electrical Engineers,Y,0,"SILICON LABORATORIES, INC.",Austin,TX,140000.0,Year,No,,140000.0,False
Certified,H-1B,Field Engineer 1,17-2051.00,Civil Engineers,Y,1,KIEWIT INFRASTRUCTURE WEST CO.,Fairfield,CA,76544.0,Year,No,,76544.0,True
Certified,H-1B,Associate Field Engineer,17-2141.00,Mechanical Engineers,Y,1,TMEIC CORPORATION AMERICAS,Roanoke,VA,75004.8,Year,No,,75004.8,False
Certified,H-1B,Intern Architect,17-1011,"Architects, Except Landscape and Naval",Y,1,COMITO ASSOCIATES PC ARCHITECTURE,Newark,NJ,31.58,Hour,No,,65686.4,False
Certified,H-1B,Structural Engineer II,17-2051.00,Civil Engineers,Y,1,"TOURGEE & ASSOCIATES, INC.",Owings Mills,MD,35.0,Hour,No,,72800.0,False
Certified,H-1B,Electrical Engineer II,17-2071.00,Electrical Engineers,Y,0,"O'BRIEN ENGINEERING, INC.",Dallas,TX,62213.0,Year,No,,62213.0,False
Certified,H-1B,Electrical Controls Engineer II,17-2071.00,Electrical Engineers,Y,1,MILWAUKEE ELECTRIC TOOL CORPORATION,Brookfield,WI,97290.0,Year,No,,97290.0,False
Certified,H-1B,Associate Field Engineer - Metals,17-2071.00,Electrical Engineers,Y,1,TMEIC CORPORATION AMERICAS,Roanoke,VA,75004.8,Year,No,,75004.8,False
Certified,H-1B,"Associate Consultant, Mechanical Engineer",17-2141.00,Mechanical Engineers,Y,1,WSP USA BUILDINGS INC.,Tempe,AZ,82959.55,Year,No,,82959.55,False
Certified,H-1B,Controls Engineer I,17-2071.00,Electrical Engineers,Y,1,BASTIAN SOLUTIONS LLC,Greenfield,IN,99969.0,Year,No,,99969.0,False
Certified,H-1B,Graduate Engineer,17-2051.00,Civil Engineers,Y,1,IDCUS INC.,Houston,TX,75000.0,Year,No,,75000.0,False
Certified,H-1B,Engineer II - Geotechnical,17-2051.00,Civil Engineers,Y,1,MOTT MACDONALD GROUP INC.,Westwood,MA,82888.0,Year,No,,82888.0,False
Certified,H-1B,Engineer II - Electrical,17-2071.00,Electrical Engineers,Y,1,MOTT MACDONALD GROUP INC.,Pittsburgh,PA,82825.6,Year,No,,82825.6,False
Certified,H-1B,Graduate Engineer,17-2051.00,Civil Engineers,Y,1,"WHITE HAWK ENGINEERING AND DESIGN, LLC.",Allen,TX,64459.0,Year,No,,64459.0,False
Certified,H-1B,Cost Engineer I,17-2051.00,Civil Engineers,Y,1,"E.E. CRUZ & COMPANY, INC.",Whitestone,NY,74589.0,Year,No,,74589.0,False
Certified,H-1B,Controls Engineer II,17-2071.00,Electrical Engineers,Y,0,AUTOMATION NTH,Poway,CA,115000.0,Year,No,,115000.0,True
Certified,H-1B,Electrical Engineer II,17-2071.00,Electrical Engineers,Y,0,TECHTRONIC CORDLESS GP,Anderson,SC,85904.0,Year,No,,85904.0,False
Certified,H-1B,Associate Controls Engineer,17-2199.05,Mechatronics Engineers,Y,1,"MAINSPRING ENERGY, INC.",Menlo Park,CA,104236.0,Year,No,,104236.0,True
Certified,H-1B,"Engineer 2, Electrical",17-2071.00,Electrical Engineers,Y,1,"BECTON, DICKINSON AND COMPANY",Cockeysville,MD,96400.0,Year,No,,96400.0,False
Certified,H-1B,Civil Engineer in Training,17-2051.00,Civil Engineers,Y,1,"CENTERLINE STRUCTURAL ENGINEERING, PLLC",Rexburg,ID,86000.0,Year,No,,86000.0,False
Certified,H-1B,"Assistant Consultant, Plumbing Engineer",17-2141.00,Mechanical Engineers,Y,1,WSP USA BUILDINGS INC.,Dallas,TX,76226.59,Year,No,,76226.59,False
Certified,H-1B,Electrical Engineer I,17-2071.00,Electrical Engineers,Y,0,"JEFFERSON SCIENCE ASSOCIATES, LLC",Newport News,VA,104107.0,Year,No,,104107.0,False
Certified,H-1B,Junior Engineer,17-2051.00,Civil Engineers,Y,0,TURNAGAIN MARINE CONSTRUCTION CORPORATION,Fort Lauderdale,FL,80558.0,Year,No,,80558.0,False
Certified,H-1B,Engineer II - Electrical P&C and SCADA,17-2071.00,Electrical Engineers,Y,1,MOTT MACDONALD GROUP INC.,The Woodlands,TX,83012.8,Year,No,,83012.8,False
Certified,H-1B,Assistant Professor of Engineering Science-Civil Engineering,25-1032.00,"Engineering Teachers, Postsecondary",Y,1,COASTAL CAROLINA UNIVERSITY,Conway,SC,82000.0,Year,No,,82000.0,False
Certified,H-1B,Environmental/Civil Engineer in Training (E.I.T.),17-2051.00,Civil Engineers,Y,1,"DESIGN, INSPECTIONS, CONSTRUCTION, ENVIRONMENTAL SERVICES, LLC",Queens Village,NY,74880.0,Year,No,,74880.0,False
Certified,H-1B,Engineering Associate I - PV & BESS,17-2141.00,Mechanical Engineers,Y,1,"EVS, INC.",Eden Prairie,MN,71760.0,Year,No,,71760.0,False
Certified,H-1B,"Associate Consultant, Electrical Engineering",17-2071.00,Electrical Engineers,Y,1,WSP USA BUILDINGS INC.,Dallas,TX,84011.2,Year,No,,84011.2,False
Certified,H-1B,Dev/Research Engineer 2,17-2141.00,Mechanical Engineers,Y,1,"DSM-H, LLC",Griffin,GA,87360.0,Year,No,,87360.0,False
Certified,H-1B,"Assistant Consultant, Built Ecology",19-2041.03,Industrial Ecologists,Y,1,WSP USA BUILDINGS INC.,Boston,MA,83553.08,Year,No,,83553.08,False
Certified,H-1B,Associate Engineer,17-2051.00,Civil Engineers,Y,1,"OLSSON, INC.",Fort Worth,TX,83800.0,Year,No,,83800.0,False
Certified,H-1B,Civil Engineer I Construction Inspector,17-2051.00,Civil Engineers,Y,1,"AMERICAN VETERAN ENGINEERING, PLLC",Crown Point,IN,70824.0,Year,No,,70824.0,False
Certified,H-1B,Designer Level 1,17-1011.00,"Architects, Except Landscape and Naval",Y,0,"SPAGNOLO GISNESS & ASSOCIATES, INC.",New York,NY,69550.0,Year,No,,69550.0,False
Certified,H-1B,Engineer II - Civil Engineering,17-2051.00,Civil Engineers,Y,1,MOTT MACDONALD GROUP INC.,Lakewood,CO,81619.2,Year,No,,81619.2,False
Certified,H-1B,Traffic Engineer II,17-2051.01,Transportation Engineers,Y,1,FLEIS & VANDENBRINK,Farmington Hills,MI,77000.0,Year,No,,77000.0,False
Certified,H-1B,Engineer I,17-2141.00,Mechanical Engineers,Y,1,"SAMSUNG AUSTIN SEMICONDUCTOR, LLC.",Austin,TX,75000.0,Year,No,,75000.0,False
Certified,H-1B,Engineer II,17-2141.00,Mechanical Engineers,Y,1,NORTHERN NATURAL GAS COMPANY,Omaha,NE,97500.0,Year,No,,97500.0,False
Certified,H-1B,Engineer II - Water/Wastewater,17-2051.02,Water/Wastewater Engineers,Y,1,MOTT MACDONALD GROUP INC.,Iselin,NJ,82825.6,Year,No,,82825.6,False
Certified,H-1B,Civil Engineer I,17-2051.00,Civil Engineers,Y,0,"JEFFERSON SCIENCE ASSOCIATES, LLC",Newport News,VA,100340.0,Year,No,,100340.0,False
Certified,H-1B,Safety CAE Engineer II,17-2141.02,Automotive Engineers,Y,0,HYUNDAI AMERICA TECHNICAL CENTER INC.,Superior Township,MI,108826.0,Year,No,,108826.0,False
Certified,H-1B,Standards Engineer II,17-2199.05,Mechatronics Engineers,Y,0,NORTHWIND TECHNICAL SERVICES LLC,Lenexa,KS,90938.0,Year,No,,90938.0,False
Certified,H-1B,Graduate Engineer,17-2051.00,Civil Engineers,Y,1,IDCUS INC.,Houston,TX,73000.0,Year,No,,73000.0,False
Certified,H-1B,Structure Engineer II,17-2051.00,Civil Engineers,Y,1,"TOURGEE & ASSOCIATES, INC.",Owings Mills,MD,35.0,Hour,No,,72800.0,False
Certified,H-1B,Project Engineer II,17-2051.00,Civil Engineers,Y,1,PCL CONSTRUCTION INC.,Rialto,CA,89400.0,Year,No,,89400.0,True
Certified,H-1B,Maintenance and Modification Engineer II,17-2141.00,Mechanical Engineers,Y,1,TTX COMPANY,Chicago,IL,87547.0,Year,No,,87547.0,False
Certified,H-1B,Engineer II - Civil,17-2051.00,Civil Engineers,Y,1,MOTT MACDONALD GROUP INC.,Raleigh,NC,80995.2,Year,No,,80995.2,False
Certified,H-1B,Optical Design Engineer 2,17-2199.07,Photonics Engineers,Y,1,GARMIN INTERNATIONAL INC.,Portland,OR,98842.0,Year,No,,98842.0,False
Certified,H-1B,GRADUATE ENGINEER II,17-2081.00,Environmental Engineers,Y,1,"CIVITAS ENGINEERING GROUP, INC.",HOUSTON,TX,82722.0,Year,No,,82722.0,False
Certified,H-1B,"Associate Consultant, Geotechnical Engineering",17-2051.00,Civil Engineers,Y,1,WSP USA INC.,Lakewood,CO,96012.8,Year,No,,96012.8,False
Certified - Withdrawn,H-1B,Engineer II - Hardware Test,17-2071.00,Electrical Engineers,Y,1,MICROCHIP TECHNOLOGY INC.,San Jose,CA,99445.0,Year,No,,99445.0,True
Certified - Withdrawn,H-1B,Engineer I - Product,17-2071.00,Electrical Engineers,Y,0,MICROCHIP TECHNOLOGY INC.,Chandler,AZ,75000.0,Year,No,,75000.0,False
Certified,H-1B,Civil Associate I,17-2051.00,Civil Engineers,Y,1,"MICHAEL BAKER INTERNATIONAL, INC.",Rocky Hill,CT,72000.0,Year,No,,72000.0,False
Certified,H-1B,"Engineer 2, Mechanical",17-2141.00,Mechanical Engineers,Y,1,KNORR BRAKE COMPANY LLC,Westminster,MD,98000.0,Year,No,,98000.0,False
Certified,H-1B,Junior Designer,17-1011.00,"Architects, Except Landscape and Naval",Y,1,B.I.G. ARCHITECTURE D.P.C.,Brooklyn,NY,69000.0,Year,No,,69000.0,False
Certified,H-1B,R&D Engineer II,17-2141.00,Mechanical Engineers,Y,0,"ANSYS, INC.",Columbia,MD,91374.0,Year,No,,91374.0,False
Certified,H-1B,Mechanical Engineer II,17-2141.00,Mechanical Engineers,Y,1,ASM AMERICA INC.,Phoenix,AZ,87090.0,Year,No,,87090.0,False
Certified,H-1B,Engineer in Training,17-2051.00,Civil Engineers,Y,1,HORROCKS LLC,Pheonix,AZ,78800.0,Year,No,,78800.0,False
Certified,H-1B,Junior Architect,17-1011.00,"Architects, Except Landscape and Naval",Y,1,"JAROFF CUSTOM ENTRYWAYS, INC.",Garden City,NY,76966.45,Year,No,,76966.45,False
Certified,H-1B,Test Engineer II,17-2141.00,Mechanical Engineers,Y,1,"GOKEN AMERICA, LLC",Dublin,OH,33.79,Hour,No,,70283.2,False
Certified,H-1B,Design Engineer I,17-2051.00,Civil Engineers,Y,1,STEVEN SCHAEFER ASSOCIATES INC,Cincinnati,OH,69597.0,Year,No,,69597.0,False
Certified,H-1B,Civil Associate I,17-2051.00,Civil Engineers,Y,1,"MICHAEL BAKER INTERNATIONAL, INC.",Tampa,FL,70000.0,Year,No,,70000.0,False
Certified,H-1B,Mechanical Engineer II,17-2141.00,Mechanical Engineers,Y,1,THE DENNIS GROUP INC.,Battle Creek,MI,88000.0,Year,No,,88000.0,False
Certified,H-1B,Engineer I,17-2051.00,Civil Engineers,Y,1,"STIVER ENGINEERING, INC.",Houston,TX,65000.0,Year,No,,65000.0,False
Certified,H-1B,Civil Associate II,17-2051.00,Civil Engineers,Y,1,"MICHAEL BAKER INTERNATIONAL, INC.",Baton Rouge,LA,82000.0,Year,No,,82000.0,False
Certified,H-1B,Mechanical Engineer II,17-2141.00,Mechanical Engineers,Y,1,THE DENNIS GROUP INC.,Duluth,GA,85000.0,Year,No,,85000.0,False
Certified,H-1B,Civil Associate I,17-2051.02,Water/Wastewater Engineers,Y,1,"MICHAEL BAKER INTERNATIONAL, INC.",Houston,TX,83000.0,Year,No,,83000.0,False
Certified,H-1B,Mechanical Engineer II,17-2141.00,Mechanical Engineers,Y,0,"CELTIC ENGINEERING, INC.",Glendale,CA,110000.0,Year,No,,110000.0,True
Certified,H-1B,"Engineer II, CV Testing & MBD",17-2141.02,Automotive Engineers,Y,1,"ISUZU TECHNICAL CENTER OF AMERICA, INC.",Plymouth,MI,87589.0,Year,No,,87589.0,False
Certified,H-1B,Integration & Test Engineer II,17-2141.02,Automotive Engineers,Y,0,"LATITUDE AI, LLC",Allen Park,MI,112560.0,Year,No,,112560.0,False
Certified,H-1B,Engineer I,17-2051.00,Civil Engineers,Y,1,"STIVER ENGINEERING, INC.",Houston,TX,65000.0,Year,No,,65000.0,False
Certified,H-1B,Junior Structural Designer,17-2051.00,Civil Engineers,Y,1,"SKIDMORE, OWINGS & MERRILL LLP",LOS ANGELES,CA,77629.5,Year,No,,77629.5,True
Certified,H-1B,Mechanical Engineer II,17-2141.00,Mechanical Engineers,Y,1,THE DENNIS GROUP INC.,Springfield,MA,90000.0,Year,No,,90000.0,False
Certified,H-1B,Engineer I,17-2051.00,Civil Engineers,Y,0,"STIVER ENGINEERING, INC.",Houston,TX,65000.0,Year,No,,65000.0,False
Certified,H-1B,Civil Engineer (Intern),17-2051.00,Civil Engineers,Y,1,"PSE CONSULTING ENGINEERS, INC.",Klamath Falls,OR,85432.0,Year,No,,85432.0,False
Certified,H-1B,Engineer in Training,17-2051.00,Civil Engineers,Y,1,HORROCKS LLC,Albuquerque,NM,73236.8,Year,No,,73236.8,False
Certified,H-1B,Design Engineer II,17-2141.00,Mechanical Engineers,Y,1,"GOKEN AMERICA, LLC",Dublin,OH,33.79,Hour,No,,70283.2,False
Certified,H-1B,IT Tech. Associate - Building Automation Systems Engineer,17-2199.05,Mechatronics Engineers,Y,1,UNIVERSITY OF ILLINOIS CHICAGO,Chicago,IL,100000.0,Year,No,,100000.0,False
Certified,H-1B,CS Competence Engineer 2,17-2141.00,Mechanical Engineers,Y,1,"ASML US, LLC",Chandler,AZ,87090.0,Year,No,,87090.0,False
Certified - Withdrawn,H-1B,Yield Enhancement Engineer II,17-2071.00,Electrical Engineers,Y,1,MICROCHIP TECHNOLOGY INC.,Colorado Springs,CO,74000.0,Year,No,,74000.0,False
Certified - Withdrawn,H-1B,Supplier Quality Engineer II,17-2199.02,Validation Engineers,Y,0,COVIDIEN LP,Irvine,CA,83382.0,Year,No,,83382.0,True
Certified,H-1B,Electrical Engineer I,17-2071.00,Electrical Engineers,Y,1,"MILHOUSE ENGINEERING & CONSTRUCTION, INC.",Lombard,IL,78000.0,Year,No,,78000.0,False
Certified,H-1B,"Engineer 2, Controls Vehicle",17-2141.00,Mechanical Engineers,Y,1,BENDIX COMMERCIAL VEHICLE SYSTEMS LLC,Avon,OH,88400.0,Year,No,,88400.0,False
Certified,H-1B,Assistant Engineer,17-2051.00,Civil Engineers,Y,1,"OLSSON, INC.",Ft. Wayne,IN,71000.0,Year,No,,71000.0,False
Certified,H-1B,Project Specialist II,17-1011.00,"Architects, Except Landscape and Naval",Y,1,"PLUNKETT RAYSICH ARCHITECTS, LLP",Sarasota,FL,68016.0,Year,No,,68016.0,False
Certified,H-1B,Research Scientist II,17-2199.08,Robotics Engineers,Y,1,"BOSTON DYNAMICS AI INSTITUTE, LLC",Cambridge,MA,197600.0,Year,No,,197600.0,False
Certified,H-1B,Applied Scientist II,17-2199.08,Robotics Engineers,Y,1,"BOSTON DYNAMICS AI INSTITUTE, LLC",Cambridge,MA,185000.0,Year,No,,185000.0,False
Certified,H-1B,"Process Engineer I, Battery Module Manufacturing",17-2141.00,Mechanical Engineers,Y,1,"RIVIAN AUTOMOTIVE, LLC",Normal,IL,79180.0,Year,No,,79180.0,False
Certified,H-1B,Associate Engineer,17-2141.00,Mechanical Engineers,Y,1,ANDERSEN CORPORATION,Cottage Grove,MN,72100.0,Year,No,,72100.0,False
Certified,H-1B,Applied Scientist II,17-2199.08,Robotics Engineers,Y,1,"BOSTON DYNAMICS AI INSTITUTE, LLC",Cambridge,MA,180000.0,Year,No,,180000.0,False
Certified,H-1B,Engineer I,17-2199.08,Robotics Engineers,Y,1,"ONWARD ROBOTICS (F/K/A IAM ROBOTICS, INC.)",Pittsburgh,PA,89000.0,Year,No,,89000.0,False
Certified,H-1B,Transportation Engineer 2,17-2051.01,Transportation Engineers,Y,1,CDM SMITH INC.,Austin,TX,81827.0,Year,No,,81827.0,False
Certified,H-1B,Engineer I (Product Development),17-2141.00,Mechanical Engineers,Y,1,ANDERSEN CORPORATION,Garland,TX,88112.49,Year,No,,88112.49,False
Certified,H-1B,Associate R&D Engineer,17-2199.03,"Energy Engineers, Except Wind and Solar",Y,1,ABB INC.,Richmond,VA,89107.0,Year,No,,89107.0,False
Certified,H-1B,Civil Engineer II,17-2051.00,Civil Engineers,Y,1,"RESOLUTION GROUP, INC.",Indianapolis,IN,100000.0,Year,No,,100000.0,False
Certified,H-1B,Field Engineer II,17-2051.00,Civil Engineers,Y,1,FLATIRON CONSTRUCTION CORP.,Selma,CA,100342.0,Year,No,,100342.0,True
Certified,H-1B,"Associate Designer, Bridge",17-2051.00,Civil Engineers,Y,1,SCALAR CONSULTING GROUP LLC,West Palm Beach,FL,60600.0,Year,No,,60600.0,False
Certified,H-1B,Field Engineer 2,17-2051.00,Civil Engineers,Y,1,"KIEWIT ENERGY GROUP, INC.",Houston,TX,101552.36,Year,No,,101552.36,False
Certified,H-1B,Applied Scientist II,17-2199.08,Robotics Engineers,Y,1,"BOSTON DYNAMICS AI INSTITUTE, LLC",Cambridge,MA,175000.0,Year,No,,175000.0,False
Certified,H-1B,Research Scientist II,17-2199.08,Robotics Engineers,Y,1,"BOSTON DYNAMICS AI INSTITUTE, LLC",Cambridge,MA,187467.0,Year,No,,187467.0,False
Certified,H-1B,Research Scientist II,17-2199.08,Robotics Engineers,Y,1,"BOSTON DYNAMICS AI INSTITUTE, LLC",Cambridge,MA,185000.0,Year,No,,185000.0,False
Certified,H-1B,Electrical Engineer 2,17-2071.00,Electrical Engineers,Y,1,POPULUS GROUP LLC,Bloomfield,CT,65.0,Hour,No,,135200.0,False
Certified,H-1B,Electrical Controls Engineer I,17-2071.00,Electrical Engineers,Y,1,OLYMPUS CONTROLS CORP.,Sherwood,OR,84198.0,Year,No,,84198.0,False
Certified,H-1B,Research Scientist II,17-2199.08,Robotics Engineers,Y,1,"BOSTON DYNAMICS AI INSTITUTE, LLC",Cambridge,MA,194220.0,Year,No,,194220.0,False
Certified,H-1B,Project Engineer II,17-2051.00,Civil Engineers,Y,1,"PCL CONSTRUCTION SERVICES, INC.",Big Sky,MT,81600.0,Year,No,,81600.0,False
Certified,H-1B,Research Scientist II,17-2199.08,Robotics Engineers,Y,1,"BOSTON DYNAMICS AI INSTITUTE, LLC",Cambridge,MA,185250.0,Year,No,,185250.0,False
Certified,H-1B,TECHNICAL OPERATIONS ENGINEER II,17-2071.00,Electrical Engineers,Y,0,"AMAZON DATA SERVICES, INC.",MESA,AZ,160000.0,Year,No,,160000.0,False
Certified,H-1B,Application Engineer II,17-2199.00,"Engineers, All Other",Y,0,TECH FABRIC LLC,Chandler,AZ,90000.0,Year,No,,90000.0,False
Certified,H-1B,Project Engineer II,17-2141.00,Mechanical Engineers,Y,0,MILWAUKEE ELECTRIC TOOL CORPORATION,Brookfield,WI,109200.0,Year,No,,109200.0,False
Certified,H-1B,Applied Scientist II,17-2199.08,Robotics Engineers,Y,1,"BOSTON DYNAMICS AI INSTITUTE, LLC",Cambridge,MA,176667.0,Year,No,,176667.0,False
Certified,H-1B,SPECIALIST I - PRODUCT SUPPORT,17-2141.02,Automotive Engineers,Y,1,UST GLOBAL INC,NEWPORT NEWS,VA,90000.0,Year,No,,90000.0,False
Certified,H-1B,CAE Structural Engineer I,17-2141.02,Automotive Engineers,Y,1,NOVELIS CORPORATION,Novi,MI,82000.0,Year,No,,82000.0,False
Certified - Withdrawn,H-1B,Project Engineer I,17-2051.00,Civil Engineers,Y,0,"HR GREEN, INC.",Austin,TX,108990.13,Year,No,,108990.13,False
Certified - Withdrawn,H-1B,Associate,17-2051.00,Civil Engineers,Y,0,"EXPONENT, INC.",Oakland,CA,107000.0,Year,No,,107000.0,True
Certified,H-1B,Graduate Engineer II - Structures,17-2051.00,Civil Engineers,Y,0,"WALTER P. MOORE & ASSOCIATES, INC.",Washington,DC,100000.0,Year,No,,100000.0,False
Certified,H-1B,Architecture Intern,17-1011.00,"Architects, Except Landscape and Naval",N,1,HAZEL & GREY ARCHITECTS LLC,Atlanta,GA,30.33,Hour,No,,63086.399999999994,False
Certified,H-1B,Associate Engineer,17-2051.02,Water/Wastewater Engineers,Y,1,"NATURAL RESOURCES CONSULTING ENGINEERS, INC.",Chicago,IL,86736.0,Year,No,,86736.0,False
Certified,H-1B,Junior Designer,17-1011.00,"Architects, Except Landscape and Naval",Y,0,"QUATTROCCHI KWOK ARCHITECTS, INC.",Oakland,CA,85696.0,Year,No,,85696.0,True
Certified,H-1B,Facilities Engineer II,17-2112.03,Manufacturing Engineers,Y,0,MICROCHIP TECHNOLOGY INC.,Gresham,OR,92581.0,Year,No,,92581.0,False
Certified,H-1B,Engineer II - Water/Wastewater,17-2051.02,Water/Wastewater Engineers,Y,1,MOTT MACDONALD GROUP INC.,Iselin,NJ,82825.6,Year,No,,82825.6,False
Certified,H-1B,Transportation Engineer 2,17-2051.01,Transportation Engineers,Y,1,CDM SMITH INC.,Nashville,TN,73964.8,Year,No,,73964.8,False
Certified,H-1B,Water Resource Engineering Professional Associate,17-2081.00,Environmental Engineers,Y,0,JACOBS ENGINEERING GROUP INC.,HOLLADY,UT,97344.0,Year,No,,97344.0,False
Certified,H-1B,Junior Designer,17-1011.00,"Architects, Except Landscape and Naval",Y,1,STARQ DESIGN INC.,Irvine,CA,71500.0,Year,No,,71500.0,True
Certified,H-1B,Engineer II - Customer Applications,17-2141.00,Mechanical Engineers,Y,1,ZF CV SYSTEMS NORTH AMERICA LLC,Auburn Hills,MI,87711.0,Year,No,,87711.0,False
Certified,H-1B,Automation Engineer II,17-2199.05,Mechatronics Engineers,Y,1,"E-TECHNOLOGIES GROUP, LLC.",Foster City,CA,99674.0,Year,No,,99674.0,True
Certified,H-1B,Associate,17-1011.00,"Architects, Except Landscape and Naval",Y,1,"AMCO STRUCTURES, INC.",Alhambra,CA,90480.0,Year,No,,90480.0,True
Certified,H-1B,Associate Project Designer,17-2051.00,Civil Engineers,Y,1,"OATES ASSOCIATES, INC.",St. Louis,MO,80825.0,Year,No,,80825.0,False
Certified,H-1B,Environmental Engineer 2,17-2051.02,Water/Wastewater Engineers,Y,1,CDM SMITH INC.,Albuquerque,NM,94952.0,Year,No,,94952.0,False
Certified,H-1B,Junior Architect,17-1011.00,"Architects, Except Landscape and Naval",Y,1,"PATH CONSTRUCTION COMPANY, INC.",ARLINGTON HEIGHTS,IL,72000.0,Year,No,,72000.0,False
Certified,H-1B,Engineer II - Tunnels,17-2051.00,Civil Engineers,Y,1,MOTT MACDONALD GROUP INC.,Austin,TX,82825.6,Year,No,,82825.6,False
Certified,H-1B,Engineer I - Electrical Facilities,17-2071.00,Electrical Engineers,Y,1,MOTT MACDONALD GROUP INC.,Lexington,KY,73902.4,Year,No,,73902.4,False
Certified,H-1B,Electrical Engineer II,17-2071.00,Electrical Engineers,Y,1,"WINNEBAGO INDUSTRIES, INC.",Forest City,IA,89710.0,Year,No,,89710.0,False
Certified,H-1B,Engineer I,17-2051.00,Civil Engineers,Y,0,"NEEL-SCHAFFER, INC.",Arlington,TX,109408.0,Year,No,,109408.0,False
Certified,H-1B,Energy Engineer II,17-2199.03,"Energy Engineers, Except Wind and Solar",Y,0,"BRIGHT POWER, INC.",New York,NY,92186.0,Hour,No,,191746880.0,False
Certified,H-1B,ENGINEERING INTERN,17-2051.00,Civil Engineers,Y,1,"GIS ENGINEERING, LLC",NEW ORLEANS,LA,73507.0,Year,No,,73507.0,False
Certified,H-1B,Electrical Engineer II,17-2071.00,Electrical Engineers,Y,0,"DESIGN READY CONTROLS, INC.",Brooklyn Park,MN,82500.0,Year,No,,82500.0,False
Certified,H-1B,Civil Engineer I,17-2051.00,Civil Engineers,Y,1,"C. V. ASSOCIATES NY; PE, LS, P.C.",Harriman,NY,76960.0,Year,No,,76960.0,False
Certified,H-1B,Engineer II - Tunnels,17-2051.00,Civil Engineers,Y,1,MOTT MACDONALD GROUP INC.,New York,NY,83844.8,Year,No,,83844.8,False
Certified,H-1B,Engineer I - Civil,17-2051.00,Civil Engineers,Y,1,MOTT MACDONALD GROUP INC.,Raleigh,NC,78936.0,Year,No,,78936.0,False
Certified,H-1B,Mechatronics Engineer II,17-2199.05,Mechatronics Engineers,Y,1,"RORZE AUTOMATION, INC.",Phoenix,AZ,102000.0,Year,No,,102000.0,False
Certified,H-1B,Associate Electrical Engineer,17-2071.00,Electrical Engineers,Y,1,"METRO ENGINEERING SOLUTIONS, LLC",Northville,MI,42.65,Hour,No,,88712.0,False
Certified,H-1B,Junior Designer,17-1011.00,"Architects, Except Landscape and Naval",Y,0,"QUATTROCCHI KWOK ARCHITECTS, INC.",Oakland,CA,85696.0,Year,No,,85696.0,True
Certified,H-1B,Engineer I - Systems,17-2141.00,Mechanical Engineers,Y,1,ZF CV SYSTEMS NORTH AMERICA LLC,East Liberty,OH,78128.0,Year,No,,78128.0,False
Certified,H-1B,Associate Engineer,17-2051.00,Civil Engineers,Y,1,"WATER WORKS ENGINEERS, LLC",Scottsdale,AZ,103200.0,Year,No,,103200.0,False
Certified,H-1B,Associate Transmission Planning Engineer,17-2071.00,Electrical Engineers,Y,1,"AES US SERVICES, LLC",Indianapolis,IN,76590.0,Year,No,,76590.0,False
Certified,H-1B,Mechanical Specialist II,17-2141.00,Mechanical Engineers,Y,1,EXMAR OFFSHORE COMPANY,Houston,TX,80683.0,Year,No,,80683.0,False
Certified,H-1B,Engineer II - Transportation,17-2051.00,Civil Engineers,Y,1,MOTT MACDONALD GROUP INC.,Portland,OR,86112.0,Year,No,,86112.0,False
Certified,H-1B,Graduate Engineer II - Traffic,17-2051.01,Transportation Engineers,Y,1,"WALTER P. MOORE & ASSOCIATES, INC.",Houston,TX,90480.0,Year,No,,90480.0,False
Certified,H-1B,"Associate Consultant, Water Resources Engineering",17-2051.02,Water/Wastewater Engineers,Y,0,WSP USA INC.,Carbondale,IL,82555.2,Year,No,,82555.2,False
Certified,H-1B,Engineer II,17-2051.00,Civil Engineers,Y,1,ATKINSREALIS USA INC.,Edison,NJ,84864.0,Year,No,,84864.0,False
Certified,H-1B,Structural Engineer (EIT / Engineer II),17-2051.00,Civil Engineers,Y,0,T.Y. LIN INTERNATIONAL,Rochester Hills,MI,76274.0,Year,No,,76274.0,False
Certified - Withdrawn,H-1B,Mechanical (Field) Engineer II,17-2141.00,Mechanical Engineers,Y,1,"CADENCE DESIGN SYSTEMS, INC.",Atlanta,GA,81661.0,Year,No,,81661.0,False
Certified,H-1B,Chassis Engineer II,17-2141.00,Mechanical Engineers,Y,0,"LUCID USA, INC.",Coolidge,AZ,115898.0,Year,No,,115898.0,False
Certified,H-1B,Capital Project EIT,17-2051.00,Civil Engineers,Y,1,POPULUS GROUP LLC,Fort Worth,TX,38.47,Hour,No,,80017.59999999999,False
Certified,H-1B,Sustainability Associate,13-1199.05,Sustainability Specialists,Y,0,"MEAD & HUNT, INC.",Denver,CO,90518.0,Year,No,,90518.0,False
Certified,H-1B,Junior Structural Engineer,17-2051.00,Civil Engineers,Y,1,"FLORIDA ENGINEERING, LLC",Port Charlotte,FL,70000.0,Year,No,,70000.0,False
Certified,H-1B,Assistant Structural Engineer,17-2051.00,Civil Engineers,Y,0,"FLORIDA ENGINEERING, LLC",Port Charlotte,FL,130000.0,Year,No,,130000.0,False
Certified,H-1B,Engineer II - Applications,17-2071.00,Electrical Engineers,Y,1,MICROCHIP TECHNOLOGY INC.,Chandler,AZ,77625.0,Year,No,,77625.0,False
Certified,H-1B,TECHNICAL OPERATIONS ENGINEER I,17-2071.00,Electrical Engineers,Y,0,"AMAZON DATA SERVICES, INC.",HILLIARD,OH,135000.0,Year,No,,135000.0,False
Certified,H-1B,Electrical Engineer I,17-2071.00,Electrical Engineers,Y,1,"INTELLIGRATED SYSTEMS, LLC",Mason,OH,83383.0,Year,No,,83383.0,False
Certified,H-1B,Mechanical Engineer II,17-2141.00,Mechanical Engineers,Y,0,ASM AMERICA INC.,Mount Laurel,NJ,95077.0,Year,No,,95077.0,False
Certified,H-1B,Engineer 1,17-2141.00,Mechanical Engineers,Y,1,"SPX COOLING TECH, LLC",Overland Park,KS,80000.0,Year,No,,80000.0,False
Certified,H-1B,"Associate Designer, Power",17-2071.00,Electrical Engineers,Y,1,"GANNETT FLEMING, INC.",Charlotte,NC,74880.0,Year,No,,74880.0,False
Certified,H-1B,Project Engineer 1,17-2141.00,Mechanical Engineers,Y,1,"FORMULATED SOLUTIONS CLEVELAND, LLC",Cleveland,TN,115594.0,Year,No,,115594.0,False
Certified,H-1B,Energy Analyst II,15-2051.00,Data Scientists,Y,1,ASCEND ANALYTICS LLC,Boulder,CO,95976.0,Year,No,,95976.0,False
Certified,H-1B,Electrical Engineer II,17-2071.00,Electrical Engineers,Y,1,"INTELLIGRATED SYSTEMS, LLC",Mason,OH,92209.0,Year,No,,92209.0,False
Certified,H-1B,Engineer I,17-2051.01,Transportation Engineers,Y,1,"RUMMEL, KLEPPER & KAHL, LLP",Roanoke,VA,38.0,Hour,No,,79040.0,False
Certified,H-1B,Engineer II (Utility),17-2071,Electrical Engineers,Y,1,"ENTERGY TEXAS, INC.",Beaumont,TX,78291.0,Year,No,,78291.0,False
Certified,H-1B,Roadway Engineer in Training (EIT),17-2051.01,Transportation Engineers,Y,1,"HDR ENGINEERING, INC.",Vienna,VA,83428.8,Year,No,,83428.8,False
Certified,H-1B,Controls Systems Engineer II,17-2071.00,Electrical Engineers,Y,1,BOSE CORPORATION,Framingham,MA,114000.0,Year,No,,114000.0,False
Certified,H-1B,Assistant Project Engineer,17-2051.00,Civil Engineers,Y,1,"ARDAMAN & ASSOCIATES, INC.",Orlando,FL,82035.0,Year,No,,82035.0,False
Certified,H-1B,Systems Engineer II,17-2199.08,Robotics Engineers,Y,0,"TORC ROBOTICS, INC.",Ann Arbor,MI,130000.0,Year,No,,130000.0,False
Certified - Withdrawn,H-1B,Graduate Structural Engineer,17-2051.00,Civil Engineers,Y,0,"PAGE SOUTHERLAND PAGE, INC., SUCCESSOR EMPLOYER TO DB STRUCTURES, LLC",Austin,TX,79000.0,Year,No,,79000.0,False
Certified - Withdrawn,H-1B,Mechanical Engineer 2,17-2141.00,Mechanical Engineers,Y,0,"ROGERS, FREELS & ASSOCIATES, INC",Dubuque,IA,78520.0,Year,No,,78520.0,False
Certified,H-1B,Graduate Engineer I - Structures,17-2051.00,Civil Engineers,Y,1,"WALTER P. MOORE & ASSOCIATES, INC.",Los Angeles,CA,88000.12,Year,No,,88000.12,True
Certified,H-1B,Systems Engineer II,17-2199.08,Robotics Engineers,Y,1,COVIDIEN LP,Boston,MA,94961.0,Year,No,,94961.0,False
Certified,H-1B,Associate Market Solutions Engineer,17-2071.00,Electrical Engineers,Y,1,NEW YORK INDEPENDENT SYSTEM OPERATOR,Rensselaer,NY,89644.08,Year,No,,89644.08,False
Certified,H-1B,Water/Wastewater Engineer in Training (EIT),17-2051.02,Water/Wastewater Engineers,Y,1,"HDR ENGINEERING, INC.",Phoenix,AZ,82680.0,Year,No,,82680.0,False
Certified,H-1B,Engineer II,17-2051.00,Civil Engineers,Y,1,ATKINSREALIS USA INC.,Orlando,FL,82800.0,Year,No,,82800.0,False
Certified,H-1B,Civil Associate I,17-2051.00,Civil Engineers,Y,1,"MICHAEL BAKER INTERNATIONAL, INC.",Minneapolis,MN,86861.0,Year,No,,86861.0,False
Certified,H-1B,Civil Associate I,17-2051.00,Civil Engineers,Y,1,"MICHAEL BAKER INTERNATIONAL, INC.",Peoria,IL,83000.0,Year,No,,83000.0,False
Certified,H-1B,Electrical Engineer 2,17-2071.00,Electrical Engineers,Y,0,BLACK & VEATCH CORPORATION,Denver,CO,81786.0,Year,No,,81786.0,False
Certified,H-1B,Associate Development Engineer,17-2199.11,Solar Energy Systems Engineers,Y,1,AREVON ENERGY INC.,Scottsdale,AZ,95000.0,Year,No,,95000.0,False
Certified,H-1B,Design Engineer II,17-2141.00,Mechanical Engineers,Y,1,"GOKEN AMERICA, LLC",Dublin,OH,33.79,Hour,No,,70283.2,False
Certified,H-1B,Graduate Engineer I - Structures,17-2051.00,Civil Engineers,Y,1,"WALTER P. MOORE & ASSOCIATES, INC.",San Francisco,CA,96000.06,Year,No,,96000.06,True
Certified,H-1B,Water/Wastewater Engineer in Training (EIT),17-2051.02,Water/Wastewater Engineers,Y,1,"HDR ENGINEERING, INC.",Irvine,CA,92019.2,Year,No,,92019.2,True
Certified,H-1B,Research Engineer II,17-2141.00,Mechanical Engineers,Y,0,"CENTER FOR RELIABLE ENERGY SYSTEMS, LLC",Dublin,OH,88000.0,Year,No,,88000.0,False
Certified,H-1B,JUNIOR DESIGNER,17-1011.00,"Architects, Except Landscape and Naval",Y,1,"SKIDMORE, OWINGS & MERRILL LLP",CHICAGO,IL,59634.0,Year,No,,59634.0,False
Certified,H-1B,Water/Wastewater Engineer in Training (EIT),17-2051.02,Water/Wastewater Engineers,Y,1,"HDR ENGINEERING, INC.",Walnut Creek,CA,89793.6,Year,No,,89793.6,True
Certified,H-1B,Assistant Electrical Engineer,17-2071.00,Electrical Engineers,Y,1,"BURNS & MCDONNELL ENGINEERING COMPANY, INC.",Chattanooga,TN,97240.0,Year,No,,97240.0,False
Certified,H-1B,Junior Designer,17-1011.00,"Architects, Except Landscape and Naval",Y,1,B.I.G. ARCHITECTURE D.P.C.,Brooklyn,NY,70725.0,Year,No,,70725.0,False
Certified,H-1B,Traffic Engineer in Training (EIT),17-2051.01,Transportation Engineers,Y,1,"HDR ENGINEERING, INC.",Dallas,TX,89148.8,Year,No,,89148.8,False
Certified,H-1B,Systems Engineer II,17-2141.00,Mechanical Engineers,Y,0,"AURORA OPERATIONS, INC.",Mountain View,CA,161000.0,Year,No,,161000.0,True
Certified,H-1B,Bridge Engineer in Training (EIT),17-2051.00,Civil Engineers,Y,1,"HDR MICHIGAN, INC.",Ann Arbor,MI,78291.2,Year,No,,78291.2,False
Certified,H-1B,Field Engineer II,17-2051.00,Civil Engineers,Y,1,FLATIRON CONSTRUCTION CORP.,Honolulu,HI,88400.0,Year,No,,88400.0,False
Certified,H-1B,Graduate Engineer I - Diagnostics,17-2051.00,Civil Engineers,Y,1,"WALTER P. MOORE & ASSOCIATES, INC.",Houston,TX,79560.0,Year,No,,79560.0,False
Certified,H-1B,Structural Engineer in Training (EIT),17-2051.00,Civil Engineers,Y,1,"HDR ENGINEERING, INC.",Bellevue,WA,78520.0,Year,No,,78520.0,False
Certified,H-1B,Assistant Superintendent,17-2051.00,Civil Engineers,Y,1,"ALLAN MYERS, INC.",Fairfax,VA,100139.52,Year,No,,100139.52,False
Certified,H-1B,Design Engineer 1,17-2051.00,Civil Engineers,Y,1,"DESHAZO GROUP, INC.",Dallas,TX,81702.0,Year,No,,81702.0,False
Certified,H-1B,Water/Wastewater Engineer in Training (EIT),17-2051.02,Water/Wastewater Engineers,Y,1,"HDR ENGINEERING, INC.",Sioux Falls,SD,76003.2,Year,No,,76003.2,False
Certified,H-1B,Roadway Engineer in Training (EIT),17-2051.01,Transportation Engineers,Y,1,"HDR ENGINEERING, INC.",Roanoke,VA,74484.8,Year,No,,74484.8,False
Certified,H-1B,Utility Engineer in Training (EIT),17-2051.00,Civil Engineers,Y,1,"HDR ENGINEERING, INC.",Round Rock,TX,80225.6,Year,No,,80225.6,False
Certified,H-1B,Roadway Engineer in Training (EIT),17-2051.01,Transportation Engineers,Y,1,"HDR ENGINEERING, INC.",Vienna,VA,81057.6,Year,No,,81057.6,False
Certified,H-1B,Junior Designer,17-1011.00,"Architects, Except Landscape and Naval",Y,1,B.I.G. ARCHITECTURE D.P.C.,Brooklyn,NY,70000.0,Year,No,,70000.0,False
Certified,H-1B,Civil Associate I,17-2051.00,Civil Engineers,Y,1,"MICHAEL BAKER INTERNATIONAL, INC.",Little Rock,AR,66019.0,Year,No,,66019.0,False
Certified,H-1B,Associate Electrical Specialist,17-2071.00,Electrical Engineers,Y,1,"BURNS & MCDONNELL ENGINEERING COMPANY, INC.",Maitland,FL,120172.0,Year,No,,120172.0,False
Certified,H-1B,Graduate Engineer II - Diagnostics,17-2051.00,Civil Engineers,Y,1,"WALTER P. MOORE & ASSOCIATES, INC.",New York,NY,95000.17,Year,No,,95000.17,False
Certified,H-1B,Water resources/Water/Wastewater EIT,17-2051.02,Water/Wastewater Engineers,Y,0,JACOBS ENGINEERING GROUP INC.,Philadelphia,PA,76299.0,Year,No,,76299.0,False
Certified,H-1B,Junior Designer,17-1011.00,"Architects, Except Landscape and Naval",Y,1,"SKIDMORE, OWINGS & MERRILL LLP",Chicago,IL,59634.0,Year,No,,59634.0,False
Certified,H-1B,Civil Engineer 1,17-2051.00,Civil Engineers,Y,0,TRANSYSTEMS CORPORATION,Fort Worth,TX,82576.0,Year,No,,82576.0,False
Certified,H-1B,Recent College Graduate (non-licensed),17-1011.00,"Architects, Except Landscape and Naval",Y,1,"BEYER BLINDER BELLE, ARCHITECTS AND PLANNERS, LLP",New York,NY,66000.0,Year,No,,66000.0,False
Certified,H-1B,Junior Designer,17-1011.00,"Architects, Except Landscape and Naval",Y,1,B.I.G. ARCHITECTURE D.P.C.,Brooklyn,NY,67000.0,Year,No,,67000.0,False
Certified,H-1B,Assistant Electrical Engineer,17-2071.00,Electrical Engineers,Y,1,"BURNS & MCDONNELL ENGINEERING COMPANY, INC.",CARY,NC,80107.0,Year,No,,80107.0,False
Certified,H-1B,Transportation Engineer in Training (EIT),17-2051.01,Transportation Engineers,Y,1,"HDR ENGINEERING, INC.",Dallas,TX,81328.0,Year,No,,81328.0,False
Certified,H-1B,Project Civil Engineer I,17-2051.00,Civil Engineers,Y,1,"CRAWFORD, MURPHY & TILLY, INC.",Aurora,IL,103848.24,Year,No,,103848.24,False
Certified,H-1B,Structural Engineer in Training (EIT),17-2051.00,Civil Engineers,Y,1,"HENNINGSON, DURHAM & RICHARDSON, PC",New York,NY,83636.8,Year,No,,83636.8,False
Certified,H-1B,Traffic Engineer in Training (EIT),17-2051.01,Transportation Engineers,Y,1,"HDR ENGINEERING, INC.",Austin,TX,83220.8,Year,No,,83220.8,False
Certified,H-1B,Project Engineer I,17-2051.00,Civil Engineers,Y,1,"FORGEN, LLC",Port Arthur,TX,74200.34,Year,No,,74200.34,False
Certified,H-1B,Traffic Engineer in Training (EIT),17-2051.01,Transportation Engineers,Y,1,"HDR ENGINEERING, INC.",El Paso,TX,77272.0,Year,No,,77272.0,False
Certified,H-1B,"Assistant Consultant, Structural Engineering",17-2051.00,Civil Engineers,Y,0,WSP USA INC.,Tacoma,WA,85068.36,Year,No,,85068.36,False
Certified,H-1B,Project Engineer I,17-2051.00,Civil Engineers,Y,1,"FORGEN, LLC",Centennial,CO,80500.37,Year,No,,80500.37,False
Certified,H-1B,Field Service Engineer II,17-2141.00,Mechanical Engineers,Y,1,ASM AMERICA INC.,Hillsboro,OR,79019.0,Year,No,,79019.0,False
Certified,H-1B,Bridge Engineer in Training (EIT),17-2051.00,Civil Engineers,Y,1,"HDR ENGINEERING, INC.",Olympia,WA,85488.0,Year,No,,85488.0,False
Certified,H-1B,RPG Project Engineer I,17-2141.00,Mechanical Engineers,N,1,"ROUSH MANAGEMENT, LLC",Livonia,MI,34.84,Hour,No,,72467.20000000001,False
Certified,H-1B,Civil Associate I,17-2051.00,Civil Engineers,Y,1,"MICHAEL BAKER INTERNATIONAL, INC.",Virginia Beach,VA,74443.0,Year,No,,74443.0,False
Certified,H-1B,Water Resources Engineer in Training (EIT),17-2051.00,Civil Engineers,Y,1,"HDR ENGINEERING, INC.",Sacramento,CA,88545.6,Year,No,,88545.6,True
Certified,H-1B,Energy Analyst 1,13-1199.05,Sustainability Specialists,Y,1,"BRIGHT POWER, INC.",Chicago,IL,47299.0,Year,No,,47299.0,False
Certified,H-1B,Engineer II,17-2051.00,Civil Engineers,Y,1,"POWER ENGINEERS, INC.",St. Louis,MO,78000.0,Year,No,,78000.0,False
Certified - Withdrawn,H-1B,Architectural Intern,17-1011.00,"Architects, Except Landscape and Naval",Y,1,"STOCKER HOESTEREY MONTENEGRO, PLLC",Dallas,TX,49046.0,Year,No,,49046.0,False
Certified,H-1B,Civil Engineer (Intern) ,17-2051.00,Civil Engineers,Y,1,"PSE CONSULTING ENGINEERS, INC.",Klamath Falls,OR,80000.0,Year,No,,80000.0,False
Certified,H-1B,Civil Engineer II,17-2051.00,Civil Engineers,Y,0,DLZ CORPORATION,Melvindale,MI,77000.0,Year,No,,77000.0,False
Certified,H-1B,Field Service Engineer II,17-2141.00,Mechanical Engineers,Y,1,ASM AMERICA INC.,Hillsboro,OR,79019.0,Year,No,,79019.0,False
Certified,H-1B,Civil/Structural EIT,17-2051.00,Civil Engineers,Y,1,"STRAND SYSTEMS ENGINEERING, INC.",Dallas,TX,64459.0,Year,No,,64459.0,False
Certified,H-1B,Power Systems Engineer II,17-2071.00,Electrical Engineers,Y,1,"ELECTRIC POWER ENGINEERS, LLC",Austin,TX,105000.0,Year,No,,105000.0,False
Certified,H-1B,Product Engineer II,17-2141.00,Mechanical Engineers,Y,1,"ONEH2, INC.",Longview,NC,80000.0,Year,No,,80000.0,False
Certified,H-1B,Civil Engineer I,17-2051.00,Civil Engineers,Y,1,"C. V. ASSOCIATES NY; PE, LS, P.C.",Harriman,NY,76960.0,Year,No,,76960.0,False
Certified,H-1B,Structural Associate II,17-2051.00,Civil Engineers,Y,1,MOFFATT & NICHOL,San Diego,CA,76960.0,Year,No,,76960.0,True
Certified,H-1B,JUNIOR MECHANICAL ENGINEER,17-2141.00,Mechanical Engineers,Y,1,JL MAG RARE-EARTH USA INC,ONTARIO,CA,70000.0,Year,No,,70000.0,True
Certified,H-1B,Structural Associate II,17-2051.00,Civil Engineers,Y,1,MOFFATT & NICHOL,San Diego,CA,76960.0,Year,No,,76960.0,True
Certified,H-1B,Associate Engineer,17-2051.00,Civil Engineers,Y,1,PARSONS TRANSPORTATION GROUP INC.,Marietta,GA,36.0,Hour,No,,74880.0,False
Certified,H-1B,Associate Engineer,17-2051.00,Civil Engineers,Y,1,PARSONS TRANSPORTATION GROUP INC.,Altamonte Springs,FL,34.62,Hour,No,,72009.59999999999,False
Certified,H-1B,Mechanical Engineer II,17-2141.00,Mechanical Engineers,Y,1,ASM AMERICA INC.,Phoenix,AZ,87090.0,Year,No,,87090.0,False
Certified,H-1B,Mechanical Design Engineer II,17-2141.00,Mechanical Engineers,Y,1,BELDEN INC.,East Syracuse,NY,95000.0,Year,No,,95000.0,False
Certified,H-1B,Junior Designer,17-1011.00,"Architects, Except Landscape and Naval",Y,1,B.I.G. ARCHITECTURE D.P.C.,Brooklyn,NY,74000.92,Year,No,,74000.92,False
Certified,H-1B,Bridge Engineer in Training (EIT),17-2051.00,Civil Engineers,Y,1,"HDR ENGINEERING, INC.",Bellevue,WA,94057.6,Year,No,,94057.6,False
Certified,H-1B,Energy Engineer II,17-2199.03,"Energy Engineers, Except Wind and Solar",Y,0,LIMBACH FACILITY & PROJECT SOLUTIONS LLC,Burtonsville,MD,118000.0,Year,No,,118000.0,False
Certified,H-1B,"Associate Consultant, Water Resources Engineering",17-2051.02,Water/Wastewater Engineers,N,1,WSP USA INC.,Milwaukee,WI,39.05,Hour,No,,81224.0,False
Certified,H-1B,Associate Engineer,17-2051.00,Civil Engineers,Y,1,"J.D. HAIR & ASSOCIATES, INC.",Tulsa,OK,70000.0,Year,No,,70000.0,False
Certified,H-1B,Design Associate I,17-1011.00,"Architects, Except Landscape and Naval",Y,1,MOFFATT & NICHOL,New Orleans,LA,52458.0,Year,No,,52458.0,False
Certified,H-1B,"Assistant Consultant, Environmental Engineering",17-2081.00,Environmental Engineers,Y,1,WSP USA INC.,Redmond,WA,84679.87,Year,No,,84679.87,False
Certified,H-1B,Assistant Electrical Engineer,17-2071.00,Electrical Engineers,Y,1,"BURNS & MCDONNELL ENGINEERING COMPANY, INC.",CHICAGO,IL,90980.0,Year,No,,90980.0,False
Certified,H-1B,Graduate Engineer “ Bridge Inspector,17-2051.00,Civil Engineers,Y,1,"CONSOR NORTH AMERICA, INC.",Rocky Hill,CT,78988.0,Year,No,,78988.0,False
Certified,H-1B,Engineer in Training (EIT) Inspector,17-2051.00,Civil Engineers,Y,1,"CONSOR ENGINEERS, LLC",Dallas,TX,91676.0,Year,No,,91676.0,False
Certified,H-1B,Structural Associate II,17-2051.00,Civil Engineers,Y,1,MOFFATT & NICHOL,Costa Mesa,CA,71510.0,Year,No,,71510.0,True
Certified,H-1B,Assistant Superintendent,17-2051.00,Civil Engineers,Y,1,"ALLAN MYERS, INC.",Fairfax,VA,100139.52,Year,No,,100139.52,False
Certified,H-1B,Electronic Design Engineer II,17-2071.00,Electrical Engineers,Y,1,"RIVIAN AND VW GROUP TECHNOLOGY, LLC",Tustin,CA,109000.0,Year,No,,109000.0,True
Certified,H-1B,Power Systems Engineer I,17-2071.00,Electrical Engineers,Y,1,"ELECTRIC POWER ENGINEERS, LLC",Austin,TX,94500.0,Year,No,,94500.0,False
Certified,H-1B,Engineer II,17-2051.00,Civil Engineers,Y,1,"PAPE-DAWSON GEORGIA, LLC",Alpharetta,GA,72000.0,Year,No,,72000.0,False
Certified,H-1B,Project Engineer II,17-2051.00,Civil Engineers,Y,1,RJM CONSTRUCTION LLC,Golden Valley,MN,79825.0,Year,No,,79825.0,False
Certified,H-1B,Water Engineer 2,17-2051.02,Water/Wastewater Engineers,Y,1,"ARCADIS U.S., INC.",Columbus,OH,87761.2,Year,No,,87761.2,False
Certified,H-1B,Engineer in Training I,17-2051.00,Civil Engineers,Y,1,"WOOLPERT, INC.",Indianapolis,IN,75004.8,Year,No,,75004.8,False
Certified,H-1B,Engineer 1 (Unlicensed),17-2051.00,Civil Engineers,N,0,GRESHAM SMITH,Jacksonville,FL,100000.0,Year,No,,100000.0,False
Certified,H-1B,Civil Engineer I,17-2051.00,Civil Engineers,Y,1,INFRASTRUCTURE ENGINEERING INC.,Chicago,IL,88061.0,Year,No,,88061.0,False
Certified,H-1B,Engineering Associate,17-2051.00,Civil Engineers,Y,1,"KITTELSON & ASSOCIATES, INC.",Washington,DC,105600.0,Year,No,,105600.0,False
Certified,H-1B,Research Scientist II,17-2199.08,Robotics Engineers,Y,1,"BOSTON DYNAMICS AI INSTITUTE, LLC",Cambridge,MA,180000.0,Year,No,,180000.0,False
Certified,H-1B,Water Resources Engineer I,17-2051.02,Water/Wastewater Engineers,Y,1,"FELSBURG HOLT & ULLEVIG, INC.",Omaha,NE,77000.0,Year,No,,77000.0,False
Certified,H-1B,Field Engineer II,17-2051.00,Civil Engineers,Y,1,FLATIRON CONSTRUCTION CORP.,San Diego,CA,92498.0,Year,No,,92498.0,True
Certified,H-1B,Research Engineer II,17-2141.00,Mechanical Engineers,Y,1,GEORGIA INSTITUTE OF TECHNOLOGY,Atlanta,GA,90000.0,Year,No,,90000.0,False
Certified,H-1B,Graduate Engineer,17-2051.00,Civil Engineers,Y,1,"HVJ NORTH TEXAS - CHELLIAH CONSULTANTS, INC",Dallas,TX,30.99,Hour,No,,64459.2,False
Certified,H-1B,"Technical Associate, Computer Vision",17-2199.08,Robotics Engineers,Y,0,BRUNSWICK CORPORATION,Champaign,IL,105685.0,Year,No,,105685.0,False
Certified,H-1B,Mechanical Engineer II,17-2141.00,Mechanical Engineers,Y,0,M3 ENGINEERING & TECHNOLOGY,Tucson,AZ,105040.0,Year,No,,105040.0,False
Certified,H-1B,Structural Associate II,17-2051.00,Civil Engineers,Y,1,MOFFATT & NICHOL,Richmond,VA,31.67,Hour,No,,65873.6,False
Certified,H-1B,Integration Engineer I,17-2071.00,Electrical Engineers,Y,0,"MITSUBISHI ELECTRIC POWER PRODUCTS, INC.",Alexandria,VA,110968.0,Year,No,,110968.0,False
Certified,H-1B,Cost Engineer II,17-2051.00,Civil Engineers,Y,1,FLATIRON CONSTRUCTION CORP.,Alexandria,VA,102500.0,Year,No,,102500.0,False
Certified,H-1B,Transportation Engineer 2,17-2051.01,Transportation Engineers,Y,1,CDM SMITH INC.,Houston,TX,83657.6,Year,No,,83657.6,False
Certified,H-1B,Research Scientist II,17-2199.08,Robotics Engineers,Y,1,"BOSTON DYNAMICS AI INSTITUTE, LLC",Cambridge,MA,190000.0,Year,No,,190000.0,False
Certified,H-1B,Graduate Engineer,17-2051.00,Civil Engineers,Y,1,"HVJ NORTH TEXAS - CHELLIAH CONSULTANTS, INC",Dallas,TX,30.99,Hour,No,,64459.2,False
Certified,H-1B,Applied Scientist II,17-2199.08,Robotics Engineers,Y,1,"BOSTON DYNAMICS AI INSTITUTE, LLC",Cambridge,MA,175000.0,Year,No,,175000.0,False
Certified,H-1B,Civil Associate II,17-2051.00,Civil Engineers,Y,1,MOFFATT & NICHOL,Philadelphia,PA,41.03,Hour,No,,85342.40000000001,False
Certified,H-1B,Construction Specialist 2,17-2051.00,Civil Engineers,Y,1,CDM SMITH INC.,Fairfax,VA,80351.0,Year,No,,80351.0,False
Certified,H-1B,Engineer I - Product Development,17-2141.00,Mechanical Engineers,Y,1,"SPX COOLING TECH, LLC",Overland Park,KS,85388.0,Year,No,,85388.0,False
Certified,H-1B,Electrical Engineer I,17-2071.00,Electrical Engineers,Y,1,GENTEX CORPORATION,Zeeland,MI,70000.0,Year,No,,70000.0,False
Certified,H-1B,Structural Engineer II,17-2051.00,Civil Engineers,Y,1,CONGRUEX GROUP LLC,Irving,TX,82000.0,Year,No,,82000.0,False
Certified,H-1B,Graduate Engineer II - Civil,17-2051.00,Civil Engineers,Y,1,"WALTER P. MOORE & ASSOCIATES, INC.",Houston,TX,81016.0,Year,No,,81016.0,False
Certified,H-1B,Civil Engineering Specialist I,17-2051.00,Civil Engineers,Y,1,"BURNS ENGINEERING, INC.",Washington,DC,100000.0,Year,No,,100000.0,False
Certified,H-1B,Graduate Engineer,17-2051.00,Civil Engineers,Y,1,"HVJ NORTH TEXAS - CHELLIAH CONSULTANTS, INC",Dallas,TX,30.99,Hour,No,,64459.2,False
Certified,H-1B,Design Engineer I,17-2141.00,Mechanical Engineers,Y,1,"GOKEN AMERICA, LLC",Dublin,OH,33.79,Hour,No,,70283.2,False
Certified,H-1B,"Engineer I, Commissioning/Qualification/Validation (CQV)",17-2112.02,Validation Engineers,Y,1,"IPS-INTEGRATED PROJECT SERVICES, LLC",Somerset,NJ,75816.0,Year,No,,75816.0,False
Certified,H-1B,Manufacturing Engineer 2,17-2141.00,Mechanical Engineers,Y,0,"HOLOGIC, INC.",Marlborough,MA,95573.7,Year,No,,95573.7,False
Certified,H-1B,Associate,19-2041.00,"Environmental Scientists and Specialists, Including Health",Y,1,"GEOQUEST, INC.",Bloomfield,CT,60000.0,Year,No,,60000.0,False
Certified,H-1B,Graduate Engineer,17-2051.00,Civil Engineers,Y,1,"HVJ NORTH TEXAS - CHELLIAH CONSULTANTS, INC",Dallas,TX,30.99,Hour,No,,64459.2,False
Certified,H-1B,Electrical Engineer I,17-2071.00,Electrical Engineers,Y,1,"INTELLIGRATED SYSTEMS, LLC",Mason,OH,78100.0,Year,No,,78100.0,False
Certified,H-1B,Design Engineer II,17-2141.00,Mechanical Engineers,Y,1,"GOKEN AMERICA, LLC",Dublin,OH,33.79,Hour,No,,70283.2,False
Certified,H-1B,Graduate Engineer,17-2051.00,Civil Engineers,Y,1,"HVJ NORTH TEXAS - CHELLIAH CONSULTANTS, INC",Dallas,TX,30.99,Hour,No,,64459.2,False
Certified,H-1B,Research Scientist II,17-2199.08,Robotics Engineers,Y,1,"BOSTON DYNAMICS AI INSTITUTE, LLC",Cambridge,MA,182400.0,Year,No,,182400.0,False
Certified,H-1B,Engineer II,17-2051.00,Civil Engineers,Y,1,ATKINSREALIS USA INC.,Edison,NJ,91680.3,Year,No,,91680.3,False
Certified,H-1B,Architectural Associate,17-1011.00,"Architects, Except Landscape and Naval",Y,1,"AXIS ARCHITECTURE AND INTERIORS, LLC",Indianapolis,IN,58594.0,Year,No,,58594.0,False
Certified,H-1B,Graduate Engineer,17-2051.00,Civil Engineers,Y,1,"HVJ NORTH TEXAS - CHELLIAH CONSULTANTS, INC",DALLAS,TX,30.99,Hour,No,,64459.2,False
Certified,H-1B,FEA Engineer II,17-2141.00,Mechanical Engineers,Y,0,"BWI NORTH AMERICA, INC.",Moraine,OH,89355.12,Year,No,,89355.12,False
Certified,H-1B,Cost Engineer I,17-2051.00,Civil Engineers,Y,1,FLATIRON CONSTRUCTION CORP.,Lynwood,CA,91354.0,Year,No,,91354.0,True
Certified,H-1B,Jr Architectural Designer,17-1011.00,"Architects, Except Landscape and Naval",Y,0,S WIEDER ARCHITECTS PC,Brooklyn,NY,70000.0,Year,No,,70000.0,False
Certified,H-1B,Jr Architectural Designer,17-1011.00,"Architects, Except Landscape and Naval",Y,0,S. WIEDER ARCHITECT PC,Brooklyn,NY,70000.0,Year,No,,70000.0,False
Certified - Withdrawn,H-1B,Environmental Engineer 2,17-2081.00,Environmental Engineers,Y,1,CDM SMITH INC.,Albuquerque,NM,94952.0,Year,No,,94952.0,False
Certified - Withdrawn,H-1B,Research Assistant Professor,17-2199.00,"Engineers, All Other",Y,1,NEW MEXICO INSTITUTE OF MINING AND TECHNOLOGY,Socorro,NM,74960.0,Year,No,,74960.0,False
Certified,H-1B,Assistant in Research,17-2199.03,"Energy Engineers, Except Wind and Solar",Y,0,UNIVERSITY OF CENTRAL FLORIDA,Cocoa,FL,102000.0,Year,No,,102000.0,False
Certified,H-1B,Energy Engineer II,17-2199.03,"Energy Engineers, Except Wind and Solar",Y,1,LIMBACH FACILITY & PROJECT SOLUTIONS LLC,Burtonsville,MD,118000.0,Year,No,,118000.0,False
Certified,H-1B,Transportation Engineer 1,17-2051.01,Transportation Engineers,Y,1,"ARCADIS U.S., INC.",Tampa,FL,70096.0,Year,No,,70096.0,False
Certified,H-1B,Verification Engineer II,17-2071.00,Electrical Engineers,Y,1,"RIVIAN AUTOMOTIVE, LLC",Palo Alto,CA,133900.0,Year,No,,133900.0,True
Certified,H-1B,Engineer II,17-2051.01,Transportation Engineers,Y,1,"RUMMEL, KLEPPER & KAHL, LLP",Nashville,TN,45.0,Hour,No,,93600.0,False
Certified,H-1B,Associate Manufacturing Equipment Engineer,17-2141.00,Mechanical Engineers,Y,1,"TESLA, INC.",Sparks,NV,93150.0,Year,No,,93150.0,False
Certified,H-1B,Entry Level Fire Protection Engineer,17-2111.02,Fire-Prevention and Protection Engineers,Y,1,DRIVEN FIRE CONSULTANTS LLC,Sioux Falls,SD,68910.0,Year,No,,68910.0,False
Certified,H-1B,3D Process Engineer II,17-2141.00,Mechanical Engineers,Y,1,ALIGN TECHNOLOGY INC,San Jose,CA,105000.0,Year,No,,105000.0,True
Certified,H-1B,Associate QA Engineer,17-2141.00,Mechanical Engineers,Y,1,"TESLA, INC.",Sparks,NV,94500.0,Year,No,,94500.0,False
Certified,H-1B,Associate Manufacturing Equipment Engineer,17-2141.00,Mechanical Engineers,Y,1,"TESLA, INC.",Sparks,NV,100845.0,Year,No,,100845.0,False
Certified,H-1B,Construction Specialist 2,17-2051.00,Civil Engineers,Y,1,CDM SMITH INC.,Fairfax,VA,80351.0,Year,No,,80351.0,False
Certified,H-1B,Graduate Engineer I - Diagnostics,17-2051.00,Civil Engineers,Y,1,"WALTER P. MOORE & ASSOCIATES, INC.",Orlando,FL,78000.0,Year,No,,78000.0,False
Certified,H-1B,Graduate Engineer II - Structures,17-2051.00,Civil Engineers,Y,1,"WALTER P. MOORE & ASSOCIATES, INC.",Los Angeles,CA,90200.24,Year,No,,90200.24,True
Certified,H-1B,CAD Methodology Engineer II,17-2071.00,Electrical Engineers,Y,1,"RIVIAN AUTOMOTIVE, LLC",Palo Alto,CA,131080.0,Year,No,,131080.0,True
Certified,H-1B,Environmental Engineer 2,17-2081.00,Environmental Engineers,Y,1,CDM SMITH INC.,New York,NY,86236.8,Year,No,,86236.8,False
Certified,H-1B,Associate Engineer,17-2071.00,Electrical Engineers,Y,1,"BALTIMORE GAS & ELECTRIC CO, AN EXELON COMPANY",Windsor Mill,MD,71200.0,Year,No,,71200.0,False
Certified,H-1B,JUNIOR ENGINEER,17-2051.00,Civil Engineers,Y,1,"ISANI CONSULTANTS, L.P.",HOUSTON,TX,80000.0,Year,No,,80000.0,False
Certified,H-1B,Assistant Environmental Engineer,17-2081.00,Environmental Engineers,Y,0,"DESIGN, INSPECTIONS, CONSTRUCTION, ENVIRONMENTAL SERVICES, LLC",Queens Village,NY,70429.0,Year,No,,70429.0,False
Certified,H-1B,Architectural Graduate,17-1011.00,"Architects, Except Landscape and Naval",Y,1,"RATIO STATES, LLC",Indianapolis,IN,60000.0,Year,No,,60000.0,False
Certified,H-1B,Autonomy Engineer I,17-2199.08,Robotics Engineers,Y,1,BRAIN CORPORATION,San Diego,CA,130000.0,Year,No,,130000.0,True
Certified,H-1B,Architectural Associate,17-1011.00,"Architects, Except Landscape and Naval",Y,0,PANTO ULEMA INC.,Chicago,IL,90000.0,Year,No,,90000.0,False
Certified,H-1B,Associate Control Engineer,17-2071.00,Electrical Engineers,Y,1,TMEIC CORPORATION AMERICAS,Roanoke,VA,75004.8,Year,No,,75004.8,False
Certified,H-1B,Design Associate,17-1011.00,"Architects, Except Landscape and Naval",Y,1,"JAMES W. BUCKLEY & ASSOCIATES, INC.",Savannah,GA,66000.0,Year,No,,66000.0,False
Certified,H-1B,Structural Engineer in Training (EIT),17-2051.00,Civil Engineers,Y,1,"HDR ENGINEERING, INC.",Denver,CO,83657.6,Year,No,,83657.6,False
Certified,H-1B,ELECTRICAL ENGINEER I,17-2071.00,Electrical Engineers,Y,0,"PROGRESSIVE AE, INC.",GRAND RAPIDS,MI,85832.0,Year,No,,85832.0,False
Certified,H-1B,Associate Manufacturing Equipment Engineer,17-2141.00,Mechanical Engineers,Y,1,"TESLA, INC.",Lathrop,CA,106498.8,Year,No,,106498.8,True
Certified,H-1B,Engineer I,17-2051.01,Transportation Engineers,Y,1,"RUMMEL, KLEPPER & KAHL, LLP",Tampa,FL,33.0,Hour,No,,68640.0,False
Certified,H-1B,Associate Equipment Engineer,17-2141.00,Mechanical Engineers,Y,1,"TESLA, INC.",Sparks,NV,97665.75,Year,No,,97665.75,False
Certified,H-1B,Project Engineer I,17-2051.00,Civil Engineers,Y,1,"BLISS & NYITRAY, INC.",Miami,FL,81000.0,Year,No,,81000.0,False
Certified,H-1B,Structural Engineer 2,17-2051.00,Civil Engineers,Y,1,"ARCADIS U.S., INC.",Orem,UT,80017.6,Year,No,,80017.6,False
Certified,H-1B,Engineer 1,17-2051.01,Transportation Engineers,Y,1,"RUMMEL, KLEPPER & KAHL, LLP",Richmond,VA,37.0,Hour,No,,76960.0,False
Certified,H-1B,Water/Wastewater Engineer in Training (EIT),17-2051.02,Water/Wastewater Engineers,Y,0,"HDR ENGINEERING, INC.",Bellevue,WA,91145.6,Year,No,,91145.6,False
Certified,H-1B,Associate Engineer,17-2071.00,Electrical Engineers,Y,1,"ATLANTIC CITY ELECTRIC, AN EXELON COMPANY",Newark,DE,78166.0,Year,No,,78166.0,False
Certified,H-1B,Graduate Engineer I,17-2051.00,Civil Engineers,Y,1,"MARTINEZ MOORE ENGINEERS, LLC",Houston,TX,78500.04,Year,No,,78500.04,False
Certified - Withdrawn,H-1B,Transportation Engineer 2,17-2051.01,Transportation Engineers,Y,1,CDM SMITH INC.,Austin,TX,81827.0,Year,No,,81827.0,False
Certified,H-1B,Mechanical Engineer I,17-2141.00,Mechanical Engineers,Y,0,CLIMAX MOLYBDENUM COMPANY,Empire,CO,84100.0,Year,No,,84100.0,False
Certified,H-1B,Mechanical Engineer II,17-2141.00,Mechanical Engineers,Y,1,ASM AMERICA INC.,Phoenix,AZ,87090.0,Year,No,,87090.0,False
Certified,H-1B,Mechanical Engineer II,17-2141.00,Mechanical Engineers,Y,1,ASM AMERICA INC.,Phoenix,AZ,87090.0,Year,No,,87090.0,False
Certified,H-1B,Jr. Architect,17-1011.00,"Architects, Except Landscape and Naval",Y,1,"JOHN G. CATALDO A.I.A., C.S.I. ARCHITECT, INC.",South PASADENA,CA,31.0,Hour,No,,64480.0,True
Certified,H-1B,Snr Mechanical Engineer I,17-2141.00,Mechanical Engineers,Y,1,ASM AMERICA INC.,Phoenix,AZ,101504.0,Year,No,,101504.0,False
Certified,H-1B,Electrical Engineer II,17-2071.00,Electrical Engineers,Y,1,ASM AMERICA INC.,Phoenix,AZ,94411.0,Year,No,,94411.0,False
Certified,H-1B,Field Service Engineer I,17-2141.00,Mechanical Engineers,Y,1,ASM AMERICA INC.,Chandler,AZ,72696.0,Year,No,,72696.0,False
Certified,H-1B,Field Service Engineer I,17-2141.00,Mechanical Engineers,Y,1,ASM AMERICA INC.,Phoenix,AZ,72696.0,Year,No,,72696.0,False
Certified,H-1B,Field Service Engineer I,17-2199.05,Mechatronics Engineers,Y,1,ASM AMERICA INC.,Chandler,AZ,56410.0,Year,No,,56410.0,False
Certified,H-1B,Field Service Engineer I,17-2199.05,Mechatronics Engineers,Y,1,ASM AMERICA INC.,Phoenix,AZ,56410.0,Year,No,,56410.0,False
Certified,H-1B,Application Engineer II SCBU,17-2071.00,Electrical Engineers,Y,0,"ANSYS, INC.",San Jose,CA,106946.0,Year,No,,106946.0,True
Certified,H-1B,Associate Geotechnical Engineer,17-2051.00,Civil Engineers,Y,1,WSP USA INC.,Louisville,KY,72813.31,Year,No,,72813.31,False
Certified,H-1B,Graduate Engineer II - Diagnostics,17-2051.00,Civil Engineers,Y,1,"WALTER P. MOORE & ASSOCIATES, INC.",Houston,TX,84693.18,Year,No,,84693.18,False
Certified,H-1B,Engineer II,17-2071.00,Electrical Engineers,Y,1,TEXAS-NEW MEXICO POWER,Alvin,TX,71490.0,Year,No,,71490.0,False
Certified,H-1B,Snr Total Product Support Engineer I,17-2071.00,Electrical Engineers,Y,1,ASM AMERICA INC.,Phoenix,AZ,94411.0,Year,No,,94411.0,False
Certified,H-1B,Field Service Engineer II,17-2141.00,Mechanical Engineers,Y,1,ASM AMERICA INC.,Phoenix,AZ,72696.0,Year,No,,72696.0,False
Certified,H-1B,Electrical Engineer II,17-2071.00,Electrical Engineers,Y,0,MILWAUKEE ELECTRIC TOOL CORPORATION,Brookfield,WI,106829.0,Year,No,,106829.0,False
Certified,H-1B,Engineer II,17-2051.00,Civil Engineers,Y,0,"BARTON & LOGUIDICE, D.P.C.",Glastonbury,CT,87360.0,Year,No,,87360.0,False
Certified,H-1B,Mechanical Engineer 2,17-2141.00,Mechanical Engineers,Y,1,ADITI CONSULTING LLC,Lafayette,IN,78624.0,Year,No,,78624.0,False
Certified,H-1B,Engineer I,17-2051.00,Civil Engineers,Y,1,PUBLIC SERVICE COMPANY OF NEW MEXICO,Albuquerque,NM,68973.0,Year,No,,68973.0,False
Certified,H-1B,Associate Manufacturing Engineer,17-2141.00,Mechanical Engineers,Y,1,"TESLA, INC.",Buffalo,NY,88750.0,Year,No,,88750.0,False
Certified,H-1B,Electrical Controls Engineer II,17-2071.00,Electrical Engineers,Y,0,"ACCUTEC, INC.",Verona,VA,85914.0,Year,No,,85914.0,False
Certified,H-1B,Autonomy Engineer II,17-2199.08,Robotics Engineers,Y,1,BRAIN CORPORATION,San Diego,CA,140595.0,Year,No,,140595.0,True
Certified,H-1B,Mechanical Engineer II,17-2141.00,Mechanical Engineers,Y,1,ASM AMERICA INC.,Phoenix,AZ,87090.0,Year,No,,87090.0,False
Certified,H-1B,Optical Engineer II,17-2199.07,Photonics Engineers,Y,1,"NORTH AMERICAN LIGHTING, INC.",Farmington Hills,MI,104200.0,Year,No,,104200.0,False
Certified,H-1B,Mechanical Engineer II,17-2141.00,Mechanical Engineers,Y,1,ASM AMERICA INC.,Phoenix,AZ,87090.0,Year,No,,87090.0,False
Certified,H-1B,Electronics Engineer II,17-2071.00,Electrical Engineers,Y,1,"NORTH AMERICAN LIGHTING, INC.",Farmington Hills,MI,101599.0,Year,No,,101599.0,False
Certified,H-1B,Mechanical Design Engineer 1,17-2141.00,Mechanical Engineers,Y,1,LUXVIEW LLC,Antioch,TN,75000.0,Year,No,,75000.0,False
Certified,H-1B,Optical Engineer 1,17-2199.07,Photonics Engineers,Y,1,"LEUPOLD & STEVENS, INC.",Beaverton,OR,110155.0,Year,No,,110155.0,False
Certified,H-1B,"Associate Manufacturing Engineer, Module/Pack",17-2141.00,Mechanical Engineers,Y,1,"TESLA, INC.",Palo Alto,CA,117000.0,Year,No,,117000.0,True
Certified,H-1B,Production Engineering Trainee,17-2141.00,Mechanical Engineers,Y,1,"TESLA, INC.",Sparks,NV,83000.0,Year,No,,83000.0,False
Certified,H-1B,Junior Designer,17-1011.00,"Architects, Except Landscape and Naval",Y,1,WRNS STUDIO,San Francisco,CA,70000.0,Year,No,,70000.0,True
Certified,H-1B,CIVIL ENGINEERING PROFESSIONAL ASSOCIATE,17-2051.00,Civil Engineers,Y,0,"CH2M HILL ENGINEERS, INC.",BELLEVUE,WA,110000.0,Year,No,,110000.0,False
Certified,H-1B,Mechanical Engineer II,17-2141.00,Mechanical Engineers,Y,1,ASM AMERICA INC.,Phoenix,AZ,87090.0,Year,No,,87090.0,False
Certified,H-1B,Service Engineer 2 (Automation Engineer),17-2141.00,Mechanical Engineers,Y,1,"VALMET, INC.",Florence,SC,106617.15,Year,No,,106617.15,False
Certified,H-1B,"Engineer II, Controls Engineering R&D",17-2199.05,Mechatronics Engineers,Y,1,"ENTEGRIS, INC.",Burnet,TX,96529.0,Year,No,,96529.0,False
Certified,H-1B,Transportation Engineer 2,17-2051.01,Transportation Engineers,Y,1,CDM SMITH INC.,Austin,TX,81827.0,Year,No,,81827.0,False
Certified,H-1B,Electrical Engineer II,17-2071.00,Electrical Engineers,Y,1,ASM AMERICA INC.,Phoenix,AZ,100048.0,Year,No,,100048.0,False
Certified - Withdrawn,H-1B,Engineer I ,17-2051.00,Civil Engineers,Y,1,"GREEN INTERNATIONAL AFFILIATES, INC.",Tewksbury,MA,72800.0,Year,No,,72800.0,False
Certified,H-1B,Junior Project Engineer,17-2051.00,Civil Engineers,Y,1,OSCAR RENDA CONTRACTING INC.,Grapevine,TX,75000.0,Year,No,,75000.0,False
Certified,H-1B,Project Engineer I,17-2051.00,Civil Engineers,Y,1,"SPX COOLING TECH, LLC",Overland Park,KS,86000.0,Year,No,,86000.0,False
Certified,H-1B,Associate Process Engineer,17-2141.00,Mechanical Engineers,Y,1,"TESLA, INC.",Sparks,NV,90000.0,Year,No,,90000.0,False
Certified,H-1B,Graduate Engineer,17-2051.00,Civil Engineers,Y,1,"DATUM ENGINEERS, INC.",Dallas,TX,81702.0,Year,No,,81702.0,False
Certified,H-1B,Associate Manufacturing Engineer,17-2141.00,Mechanical Engineers,Y,1,"TESLA, INC.",Buffalo,NY,93240.0,Year,No,,93240.0,False
Certified,H-1B,Carbon Accounting Associate,19-2041.01,Climate Change Policy Analysts,Y,1,GREEN PROJECT TECHNOLOGIES INC,New York,NY,95000.0,Year,No,,95000.0,False
Certified,H-1B,Associate Architect,17-1011.00,"Architects, Except Landscape and Naval",Y,0,"MODULE DESIGN, INC.",Pittsburgh,PA,56493.0,Year,No,,56493.0,False
Certified,H-1B,Automation Engineer I,17-2199.05,Mechatronics Engineers,Y,0,"NOR-CAL CONTROLS ES, INC.",El Dorado Hills,CA,93300.0,Year,No,,93300.0,True
Certified,H-1B,Mechanical Engineer I,17-2141.00,Mechanical Engineers,Y,1,GENERAC POWER SYSTEMS,South Portland,ME,90000.0,Year,No,,90000.0,False
Certified,H-1B,Project Engineer II,17-2051.00,Civil Engineers,Y,1,"AUSTIN COMMERCIAL, L.P.",Dallas,TX,84011.2,Year,No,,84011.2,False
Certified,H-1B,Graduate Engineer I - Structures,17-2051.00,Civil Engineers,Y,1,"WALTER P. MOORE & ASSOCIATES, INC.",Chicago,IL,83500.1,Year,No,,83500.1,False
Certified,H-1B,Engineer II,17-2141.00,Mechanical Engineers,Y,1,GENZYME CORPORATION,Ridgefield,NJ,74250.0,Year,No,,74250.0,False
Certified,H-1B,Civil Engineer II,17-2051.00,Civil Engineers,Y,0,"BOWMAN CONSULTING GROUP, LTD.",Melbourne,FL,72100.0,Year,No,,72100.0,False
Certified,H-1B,Associate Process Engineer,17-2141.00,Mechanical Engineers,Y,1,"TESLA, INC.",Lathrop,CA,92000.0,Year,No,,92000.0,True
Certified,H-1B,000P5261-Associate Process Engineer,17-2141.00,Mechanical Engineers,Y,1,"TESLA, INC.",Austin,TX,76950.0,Year,No,,76950.0,False
Certified,H-1B,Architecture Intern,17-1011.00,"Architects, Except Landscape and Naval",N,1,HAZEL & GREY ARCHITECTS LLC,Atlanta,GA,30.33,Hour,No,,63086.399999999994,False
Certified,H-1B,Associate Process Engineer,17-2141.00,Mechanical Engineers,Y,1,"TESLA, INC.",Sparks,NV,83000.0,Year,No,,83000.0,False
Certified,H-1B,Electrical Engineer II,17-2071.00,Electrical Engineers,Y,1,SORTERA TECHNOLOGIES INC.,Markle,IN,76586.0,Year,No,,76586.0,False
Certified,H-1B,Civil Associate,17-2051.00,Civil Engineers,Y,0,"MICHAEL BAKER INTERNATIONAL, INC.",Chicago,IL,90000.0,Year,No,,90000.0,False
Certified,H-1B,RDE Jr. Tooling Engineer,17-2141.00,Mechanical Engineers,Y,1,INLINE PLASTICS CORP.,Milford,CT,74796.8,Year,No,,74796.8,False
Certified,H-1B,Robotics Engineer II,17-2199.08,Robotics Engineers,Y,1,"ARCBEST TECHNOLOGIES, INC.",Fort Smith,AR,140000.0,Year,No,,140000.0,False
Certified,H-1B,Electrical Associate II,17-2071.00,Electrical Engineers,Y,1,MOFFATT & NICHOL,Savannah,GA,74422.0,Year,No,,74422.0,False
Certified,H-1B,ENGINEER II,17-2141.00,Mechanical Engineers,Y,1,JC RESIDENTIAL AND LIGHT COMMERCIAL LLC,NORMAN,OK,78603.0,Year,No,,78603.0,False
Certified,H-1B,Associate Process Engineer,17-2141.00,Mechanical Engineers,Y,1,"TESLA, INC.",Sparks,NV,85500.0,Year,No,,85500.0,False
Certified,H-1B,Engineer II,17-2081.00,Environmental Engineers,Y,0,AMGEN INC.,Thousand Oaks,CA,108000.58,Year,No,,108000.58,True
Certified,H-1B,"Associate Quality Engineer - Model Y - Door Trims, Carpets",17-2141.00,Mechanical Engineers,Y,1,"TESLA, INC.",Austin,TX,100440.0,Year,No,,100440.0,False
Certified,H-1B,Robotics Engineer II - Motion Planning,17-2199.08,Robotics Engineers,Y,1,"ARCBEST TECHNOLOGIES, INC.",Fort Smith,AR,140000.0,Year,No,,140000.0,False
Certified,H-1B,GRADUATE ENGINEER,17-2051.00,Civil Engineers,Y,1,"CIVITAS ENGINEERING GROUP, INC.",HOUSTON,TX,72800.0,Year,No,,72800.0,False
Certified,H-1B,Associate Vehicle Dynamics Engineer,17-2141.02,Automotive Engineers,Y,1,"TESLA, INC.",Palo Alto,CA,114180.0,Year,No,,114180.0,True
Certified,H-1B,Robotics Engineer I,17-2199.08,Robotics Engineers,Y,1,"ARCBEST TECHNOLOGIES, INC.",Fort Smith,AR,135000.0,Year,No,,135000.0,False
Certified,H-1B,JUNIOR ARCHITECT,17-1011.00,"Architects, Except Landscape and Naval",Y,1,"KENALL, INC.",SAN ANTONIO,TX,78000.0,Year,No,,78000.0,False
Certified,H-1B,Civil Engineer II,17-2051.00,Civil Engineers,Y,0,"BOWMAN CONSULTING GROUP, LTD.",Tucson,AZ,93289.6,Year,No,,93289.6,False
Certified,H-1B,Entry Level Architectural Designer,17-1011.00,"Architects, Except Landscape and Naval",Y,1,"ROGER FERRIS AND PARTNERS, LLC",Westport,CT,75000.0,Year,No,,75000.0,False
Certified,H-1B,Associate Manufacturing Engineer,17-2141.00,Mechanical Engineers,Y,1,"TESLA, INC.",Fremont,CA,113095.41,Year,No,,113095.41,True
Certified,H-1B,Graduate Engineer I - Structures,17-2051.00,Civil Engineers,Y,1,"WALTER P. MOORE & ASSOCIATES, INC.",Houston,TX,80000.18,Year,No,,80000.18,False
Certified,H-1B,Engineer II,17-2071.00,Electrical Engineers,Y,1,"ALLETE, INC.",Duluth,MN,84884.8,Year,No,,84884.8,False
Certified,H-1B,Graduate Engineer,17-2051.00,Civil Engineers,Y,1,"DATUM ENGINEERS, INC.",Dallas,TX,81702.0,Year,No,,81702.0,False
Certified,H-1B,ACOUSTIC ENGINEER II,17-2141.00,Mechanical Engineers,Y,1,YORK INTERNATIONAL CORPORATION,NEW FREEDOM,PA,78021.0,Year,No,,78021.0,False
Certified,H-1B,HVAC ENGINEERING PROFESSIONAL ASSOCIATE,17-2141.00,Mechanical Engineers,Y,0,JACOBS ENGINEERING GROUP INC.,FORT WORTH,TX,105000.0,Year,No,,105000.0,False
Certified,H-1B,Associate Process Engineer,17-2141.00,Mechanical Engineers,Y,1,"TESLA, INC.",Buffalo,NY,80750.0,Year,No,,80750.0,False
Certified,H-1B,Associate Engineer,17-2051.00,Civil Engineers,Y,1,PARSONS TRANSPORTATION GROUP INC.,New York,NY,36.0,Hour,No,,74880.0,False
Certified,H-1B,Project Engineer I,17-2051.00,Civil Engineers,Y,1,FLATIRON CONSTRUCTION CORP.,Seattle,WA,128000.0,Year,No,,128000.0,False
Certified,H-1B,Engineer I,17-2051.00,Civil Engineers,Y,1,PARSONS TRANSPORTATION GROUP INC.,East Hartford,CT,85032.73,Year,No,,85032.73,False
Certified,H-1B,Technology Engineer I,17-2141.00,Mechanical Engineers,Y,1,"PROPETRO SERVICES, INC.",Midland,TX,100158.0,Year,No,,100158.0,False
Certified,H-1B,Direct Digital Controls Engineer Level 2,17-2199.05,Mechatronics Engineers,Y,1,"HOFFMAN BUILDING TECHNOLOGIES, INC.",Charlotte,NC,88000.0,Year,No,,88000.0,False
Certified,H-1B,Snr Mechanical Engineer I,17-2141.00,Mechanical Engineers,Y,0,ASM AMERICA INC.,Phoenix,AZ,115898.0,Year,No,,115898.0,False
Certified,H-1B,Associate Controls Engineer,17-2112.03,Manufacturing Engineers,Y,1,"TESLA, INC.",Lathrop,CA,106498.8,Year,No,,106498.8,True
Certified,H-1B,CIVIL ENGINEERING PROFESSIONAL ASSOCIATE,17-2051.00,Civil Engineers,Y,0,JACOBS ENGINEERING GROUP INC.,ATLANTA,GA,100650.0,Year,No,,100650.0,False
Certified,H-1B,Graduate Engineer,17-2051.01,Transportation Engineers,Y,1,"OTHON, INC.",Richardson,TX,70000.0,Year,No,,70000.0,False
Certified,H-1B,Mechanical Engineer I,17-2141.00,Mechanical Engineers,Y,1,"NEW HUDSON FACADES, LLC",Linwood,PA,76000.0,Year,No,,76000.0,False
Certified,H-1B,Engineer I,17-2051.00,Civil Engineers,Y,1,"SDR ENGINEERING, INC.",Tallahassee,FL,85612.0,Year,No,,85612.0,False
Certified,H-1B,Hardware Engineer I,17-2071.00,Electrical Engineers,Y,1,DOBLE ENGINEERING COMPANY,Marlborough,MA,96000.0,Year,No,,96000.0,False
Certified,H-1B,Design Engineer II,17-2141.00,Mechanical Engineers,Y,1,"TEREX SOUTH DAKOTA, INC.",Watertown,SD,79414.0,Year,No,,79414.0,False
Certified,H-1B,"Associate Consultant, Structural Engineering",17-2051.00,Civil Engineers,Y,1,WSP USA INC.,Jacksonville,FL,99507.2,Year,No,,99507.2,False
Certified,H-1B,Structural Engineer I,17-2051.00,Civil Engineers,Y,1,"DELTA OAKS GROUP, PLLC",Raleigh,NC,68000.0,Year,No,,68000.0,False
Certified,H-1B,Design Engineer I,17-2141.00,Mechanical Engineers,Y,1,"GOKEN AMERICA, LLC",Dublin,OH,33.79,Hour,No,,70283.2,False
Certified,H-1B,SCADA Development Engineer Level 1,17-2199.05,Mechatronics Engineers,Y,2,"HOFFMAN BUILDING TECHNOLOGIES, INC.",Charlotte,NC,100000.0,Year,No,,100000.0,False
Certified,H-1B,Civil Engineer in Training,17-2051.00,Civil Engineers,Y,1,"MOODY ENGINEERING, LLC",Columbus,OH,72280.0,Year,No,,72280.0,False
Certified,H-1B,Engineer Intern,17-2051.00,Civil Engineers,Y,1,"SDR ENGINEERING, INC.",Tallahassee,FL,65000.0,Year,No,,65000.0,False
Certified,H-1B,Design Engineer I,17-2141.00,Mechanical Engineers,Y,1,"GOKEN AMERICA, LLC",Dublin,OH,33.79,Hour,No,,70283.2,False
Certified,H-1B,Engineering Associate,17-2141.00,Mechanical Engineers,Y,1,"MANTIS INNOVATION, LLC",Greenwood Village,CO,103000.0,Year,No,,103000.0,False
Certified,H-1B,Direct Digital Controls Engineer Level 1,17-2199.05,Mechatronics Engineers,Y,1,"HOFFMAN BUILDING TECHNOLOGIES, INC.",Charlotte,NC,90000.0,Year,No,,90000.0,False
Certified,H-1B,Engineer 1,17-2141.00,Mechanical Engineers,Y,1,"SANDEN INTERNATIONAL (U.SA.), INC.",Wylie,TX,69160.0,Year,No,,69160.0,False
Certified,H-1B,Associate Environmental Consultant,17-2081.00,Environmental Engineers,Y,1,"TRINITY CONSULTANTS, INC.",Dallas,TX,82264.0,Year,No,,82264.0,False
Certified,H-1B,Graduate Engineer,17-2051.00,Civil Engineers,Y,1,MATRIX STRUCTURAL ENGINEERS,Houston,TX,77000.0,Year,No,,77000.0,False
Certified,H-1B,Associate Design Engineer,17-2141.00,Mechanical Engineers,Y,1,HYPERTHERM INC.,Hanover,NH,76000.0,Year,No,,76000.0,False
Certified,H-1B,Technical Services Engineer I,17-2051.00,Civil Engineers,Y,1,FLATIRON CONSTRUCTION CORP.,Broomfield,CO,112933.0,Year,No,,112933.0,False
Certified,H-1B,Graduate Professional,17-2051.00,Civil Engineers,Y,1,"PENNONI ASSOCIATES, INC.",King of Prussia,PA,70000.0,Year,No,,70000.0,False
Certified,H-1B,Snr Mechanical Engineer I,17-2141.00,Mechanical Engineers,Y,0,ASM AMERICA INC.,Phoenix,AZ,101504.0,Year,No,,101504.0,False
Certified,H-1B,Engineer II,17-2051.01,Transportation Engineers,Y,1,"CIVILTECH ENGINEERING, INC.",Chicago,IL,37.0,Hour,No,,76960.0,False
Certified,H-1B,Engineer I,17-2051.00,Civil Engineers,Y,1,"GEWALT HAMILTON ASSOCIATES, INC.",Vernon Hills,IL,74880.0,Year,No,,74880.0,False
Certified - Withdrawn,H-1B,Civil/Structural EIT,17-2051.00,Civil Engineers,Y,1,"STRAND SYSTEMS ENGINEERING, INC.",Dallas,TX,64459.0,Year,No,,64459.0,False
Certified - Withdrawn,H-1B,Engineer 1,17-2051.00,Civil Engineers,Y,1,COTTER CONSULTING,Burr Ridge,IL,66685.0,Year,No,,66685.0,False
Certified,H-1B,Recent College Graduate (non-licensed),17-1011.00,"Architects, Except Landscape and Naval",Y,1,MORRIS ADJMI ARCHITECTS D.P.C.,New York,NY,73100.0,Year,No,,73100.0,False
Certified,H-1B,Associate RF Engineer,17-2071.00,Electrical Engineers,Y,1,"EMPOWER RF SYSTEMS, INC.",Inglewood,CA,88566.0,Year,No,,88566.0,True
Certified,H-1B,Graduate Engineer II - Structures,17-2051.00,Civil Engineers,Y,1,"WALTER P. MOORE & ASSOCIATES, INC.",Dallas,TX,86700.06,Year,No,,86700.06,False
Certified,H-1B,Recent College Graduate (non-licensed),17-1011.00,"Architects, Except Landscape and Naval",Y,1,"BEYER BLINDER BELLE, ARCHITECTS AND PLANNERS, LLP",New York,NY,66000.0,Year,No,,66000.0,False
Certified,H-1B,Dc Infra Engineer II,17-2051.00,Civil Engineers,Y,0,"AMAZON WEB SERVICES, INC.",Tempe,AZ,142000.0,Year,No,,142000.0,False
Certified,H-1B,RF Engineer II,17-2071,Electrical Engineers,Y,0,"GLOBAL TECHNOLOGY ASSOCIATES, LLC",McKinney,TX,82722.0,Year,No,,82722.0,False
Certified,H-1B,Graduate Engineer,17-2051.00,Civil Engineers,Y,1,"AGILITY ENGINEERING AND MANAGEMENT, INC.",Houston,TX,72800.0,Year,No,,72800.0,False
Certified,H-1B,Production Engineer 1,17-2199.05,Mechatronics Engineers,Y,1,"TAC MANUFACTURING, INC.",Jackson,MI,82513.6,Year,No,,82513.6,False
Certified,H-1B,Structural Engineer II,17-2051.00,Civil Engineers,Y,1,"BLA, INC.",Itasca,IL,90480.0,Year,No,,90480.0,False
Certified,H-1B,Recent College Graduate (non-licensed),17-1011.00,"Architects, Except Landscape and Naval",Y,1,"BEYER BLINDER BELLE, ARCHITECTS AND PLANNERS, LLP",New York,NY,66000.0,Year,No,,66000.0,False
Certified,H-1B,Recent College Graduate (non-licensed),17-1011.00,"Architects, Except Landscape and Naval",Y,1,"AYON STUDIO ARCHITECTURE . PRESERVATION, P.C.",New York,NY,70000.0,Year,No,,70000.0,False
Certified,H-1B,Associate Controls Engineer,17-2199.05,Mechatronics Engineers,Y,1,"TESLA, INC.",Lathrop,CA,93420.0,Year,No,,93420.0,True
Certified,H-1B,Snr Mechanical Engineer I,17-2141.00,Mechanical Engineers,Y,1,ASM AMERICA INC.,Phoenix,AZ,101504.0,Year,No,,101504.0,False
Certified,H-1B,"Engineer II, Reliability Engineering",17-2141.00,Mechanical Engineers,Y,1,"B/E AEROSPACE, INC.",Winston-Salem,NC,77189.0,Year,No,,77189.0,False
Certified,H-1B,Substation Engineer I - System Protection,17-2071.00,Electrical Engineers,Y,1,"WESTWOOD PROFESSIONAL SERVICES, INC.",Lake Mary,FL,75000.0,Year,No,,75000.0,False
Certified,H-1B,Architectural Associate,17-1011.00,"Architects, Except Landscape and Naval",Y,0,"TORCH ARCHITECTURE, INC.",Naperville,IL,70000.0,Year,No,,70000.0,False
Certified,H-1B,"Engineer II, Reliability Engineering",17-2141.00,Mechanical Engineers,Y,1,"B/E AEROSPACE, INC.",Winston-Salem,NC,77189.0,Year,No,,77189.0,False
Certified,H-1B,Graduate Engineer,17-2051.00,Civil Engineers,Y,1,"AGILITY ENGINEERING AND MANAGEMENT, INC.",Houston,TX,68000.0,Year,No,,68000.0,False
Certified,H-1B,Graduate Mechanical Engineer,17-2141.00,Mechanical Engineers,Y,0,"PAGE SOUTHERLAND PAGE, INC.",Houston,TX,90000.0,Year,No,,90000.0,False
Certified,H-1B,Engineer I,17-2071.00,Electrical Engineers,Y,1,"CHA CONSULTING, INC.",Tampa,FL,78000.0,Year,No,,78000.0,False
Certified,H-1B,Assistant Project Engineer,17-2051.00,Civil Engineers,Y,1,URBAN PROJECT MANAGEMENT LLC,Rego Park,NY,74589.0,Year,No,,74589.0,False
Certified,H-1B,Civil/Structural Junior Engineer,17-2051.00,Civil Engineers,Y,0,"STRAND SYSTEMS ENGINEERING, INC.",Dallas,TX,64459.0,Year,No,,64459.0,False
Certified - Withdrawn,H-1B,Electrical Engineer II,17-2071.00,Electrical Engineers,Y,1,"AXONICS, INC.",Irvine,CA,93000.0,Year,No,,93000.0,True
Certified - Withdrawn,H-1B,Research Associate (Environmental Scientist),19-2041.00,"Environmental Scientists and Specialists, Including Health",Y,1,UNIVERSITY OF COLORADO,Boulder,CO,76586.95,Year,No,,76586.95,False
Certified,H-1B,Associate Environmental Consultant,19-2041.00,"Environmental Scientists and Specialists, Including Health",Y,1,"TRINITY CONSULTANTS, INC.",Denver,CO,77713.52,Year,No,,77713.52,False
Certified,H-1B,Engineer 1,17-2051.00,Civil Engineers,Y,1,SSOE INC.,Toledo,OH,62296.0,Year,No,,62296.0,False
Certified,H-1B,Architectural Designer (Architectural Intern),17-1011.00,"Architects, Except Landscape and Naval",Y,1,ZIMMER GUNSUL FRASCA ARCHITECTS LLP,Seattle,WA,71760.0,Year,No,,71760.0,False
Certified,H-1B,Mechanical Engineer I,17-2141.00,Mechanical Engineers,Y,1,AMETRADE INC.,Miami,FL,65728.0,Year,No,,65728.0,False
Certified,H-1B,JUNIOR CIVIL ENGINEER,17-2051.00,Civil Engineers,Y,1,"BVF ENGINEERING, INC.",COLUMBIA,MD,33.64,Hour,No,,69971.2,False
Certified,H-1B,Engineer 1,17-2051.00,Civil Engineers,Y,1,SSOE INC.,Atlanta,GA,60944.0,Year,No,,60944.0,False
Certified,H-1B,Traffic Engineer I/II,17-2051.01,Transportation Engineers,Y,0,THE CITY OF FREDERICK,Frederick,MD,78000.0,Year,No,,78000.0,False
Certified,H-1B,Design Engineer I,17-2051.00,Civil Engineers,Y,0,"FLUOR ENTERPRISES, INC.",Greenville,SC,101731.0,Year,No,,101731.0,False
Certified,H-1B,"Associate, Sustainability & Climate",19-2041.00,"Environmental Scientists and Specialists, Including Health",Y,1,MORROW SODALI LLC,San Diego,CA,79000.0,Year,No,,79000.0,True
Certified,H-1B,"Design Engineer I, EIT",17-2051.00,Civil Engineers,Y,1,NUCOR BUILDING SYSTEMS INDIANA,WATERLOO,IN,86320.0,Year,No,,86320.0,False
Certified,H-1B,Mechanical Engineer I,17-2141.00,Mechanical Engineers,Y,1,"DRAEGER MEDICAL SYSTEMS, INC.",Telford,PA,77000.04,Year,No,,77000.04,False
Certified,H-1B,Equipment Tech Engineer II,17-2141.00,Mechanical Engineers,Y,1,ULTIUM CELLS LLC,Spring Hill,TN,83304.0,Year,No,,83304.0,False
Certified,H-1B,Mechanical Engineer II,17-2141.00,Mechanical Engineers,Y,0,"FREUDENBERG BATTERY POWER SYSTEMS, LLC",Auburn Hills,MI,106863.0,Year,No,,106863.0,False
Certified,H-1B,Architectural Designer (Architectural Intern),17-1011.00,"Architects, Except Landscape and Naval",Y,0,ZIMMER GUNSUL FRASCA ARCHITECTS LLP,Seattle,WA,82160.0,Year,No,,82160.0,False
Certified,H-1B,Architectural Designer (Architectural Intern),17-1011.00,"Architects, Except Landscape and Naval",Y,1,ZIMMER GUNSUL FRASCA ARCHITECTS LLP,Portland,OR,66310.0,Year,No,,66310.0,False
Certified,H-1B,Engineer I--Structures,17-2051.01,Transportation Engineers,Y,1,"CIVILTECH ENGINEERING, INC.",Itasca,IL,38.5,Hour,No,,80080.0,False
Certified,H-1B,Mechanical Design Engineer II,17-2141.00,Mechanical Engineers,Y,1,HAEMONETICS CORPORATION,Boston,MA,90000.0,Year,No,,90000.0,False
Certified,H-1B,Associate (Architectural Designer),17-1011.00,"Architects, Except Landscape and Naval",Y,1,REDDY ARCHITECTURE LLC,New York,NY,80000.0,Year,No,,80000.0,False
Certified,H-1B,Quality Engineer II,17-2141.00,Mechanical Engineers,Y,0,"FREUDENBERG MEDICAL, LLC",Carpinteria,CA,107625.0,Year,No,,107625.0,True
Certified - Withdrawn,H-1B,Design Engineer I,17-2141.00,Mechanical Engineers,Y,1,"GOKEN AMERICA, LLC",Dublin,OH,30.0,Hour,No,,62400.0,False
Certified,H-1B,Traffic Engineer in Training (EIT),17-2051.01,Transportation Engineers,Y,1,"HDR ENGINEERING, INC.",Houston,TX,78228.8,Year,No,,78228.8,False
Certified,H-1B,Structural Engineer in Training (EIT),17-2051.00,Civil Engineers,Y,1,"HENNINGSON, DURHAM & RICHARDSON, PC",New York,NY,97926.4,Year,No,,97926.4,False
Certified,H-1B,Water/Wastewater Engineer in Training (EIT),17-2051.02,Water/Wastewater Engineers,Y,1,"HDR ENGINEERING, INC.",San Diego,CA,85030.4,Year,No,,85030.4,True
Certified,H-1B,"Engineer II, Reliability Engineering",17-2141.00,Mechanical Engineers,Y,1,"B/E AEROSPACE, INC.",Lenexa,KS,81890.0,Year,No,,81890.0,False
Certified,H-1B,"Engineer II, Reliability Engineering",17-2141.00,Mechanical Engineers,Y,1,"B/E AEROSPACE, INC.",Winston-Salem,NC,85800.0,Year,No,,85800.0,False
Certified,H-1B,Traffic Engineer in Training (EIT),17-2051.01,Transportation Engineers,Y,1,"HDR ENGINEERING, INC.",Houston,TX,78208.0,Year,No,,78208.0,False
Certified,H-1B,Mechanical Engineer in Training (EIT),17-2141.00,Mechanical Engineers,Y,1,"HDR ENGINEERING, INC.",Round Rock,TX,92102.4,Year,No,,92102.4,False
Certified,H-1B,Field Service Engineer II,17-2141.00,Mechanical Engineers,Y,1,ASM AMERICA INC.,Phoenix,AZ,72696.0,Year,No,,72696.0,False
Certified,H-1B,Global Product Support Engineer II,17-2071.00,Electrical Engineers,Y,1,ASM AMERICA INC.,Phoenix,AZ,84198.0,Year,No,,84198.0,False
Certified,H-1B,Field Service Engineer I,17-2141.00,Mechanical Engineers,Y,1,ASM AMERICA INC.,Chandler,AZ,72696.0,Year,No,,72696.0,False
Certified,H-1B,Snr Mechanical Engineer I,17-2141.00,Mechanical Engineers,Y,1,ASM AMERICA INC.,Phoenix,AZ,101504.0,Year,No,,101504.0,False
Certified,H-1B,Assistant Project Engineer,17-2051.00,Civil Engineers,Y,1,BFW GROUP LLC,Philadelphia,PA,108000.0,Year,No,,108000.0,False
Certified,H-1B,Structural Engineer II,17-2051.00,Civil Engineers,Y,0,UZUN AND CASE LLC,Atlanta,GA,76502.0,Year,No,,76502.0,False
Certified,H-1B,Engineer I,17-2051.00,Civil Engineers,Y,1,ATKINSREALIS USA INC.,Atlanta,GA,82999.8,Year,No,,82999.8,False
Certified,H-1B,Research Associate,17-2199.07,Photonics Engineers,Y,1,"FERMI FORWARD DISCOVERY GROUP, LLC",Batavia,IL,71656.0,Year,No,,71656.0,False
Certified,H-1B,Engineer I,17-2051.00,Civil Engineers,Y,1,"PAPE-DAWSON CONSULTING ENGINEERS, LLC",Plano,TX,77000.0,Year,No,,77000.0,False
Certified,H-1B,"Engineer II, Metrology",17-2199.05,Mechatronics Engineers,Y,1,GAF ENERGY LLC,San Jose,CA,124845.12,Year,No,,124845.12,True
Certified,H-1B,Assistant Superintendent,17-2051.00,Civil Engineers,Y,0,"CLUNE CONSTRUCTION COMPANY, LP",New York,NY,82586.0,Year,No,,82586.0,False
Certified,H-1B,Engineer I,17-2051.00,Civil Engineers,Y,1,"PAPE-DAWSON CONSULTING ENGINEERS, LLC",San Antonio,TX,79310.0,Year,No,,79310.0,False
Certified,H-1B,Field Engineer 2,17-2051.00,Civil Engineers,Y,0,"KIEWIT ENERGY GROUP, INC.",Houston,TX,100974.64,Year,No,,100974.64,False
Certified,H-1B,Controls Engineer I,17-2141.00,Mechanical Engineers,Y,1,"AVID SOLUTIONS, INC.",Winston Salem,NC,76287.0,Year,No,,76287.0,False
Certified,H-1B,Dev/Research Engineer 2,17-2141.00,Mechanical Engineers,Y,0,"TEK LABS, INC.",Chillicothe,IL,40.29,Hour,No,,83803.2,False
Certified,H-1B,Associate Environmental Consultant,19-2041.00,"Environmental Scientists and Specialists, Including Health",Y,1,"TRINITY CONSULTANTS, INC.",Austin,TX,92732.07,Year,No,,92732.07,False
Certified,H-1B,Engineer I,17-2141.00,Mechanical Engineers,Y,1,NORTHERN NATURAL GAS COMPANY,Omaha,NE,85517.9,Year,No,,85517.9,False
Certified,H-1B,Engineer II,17-2081.00,Environmental Engineers,Y,1,ATKINSREALIS USA INC.,Scottsdale,AZ,86940.0,Year,No,,86940.0,False
Certified,H-1B,Associate Hydroelectric Power Utility Engineer,17-2051.00,Civil Engineers,Y,0,DEPARTMENT OF WATER RESOURCES,Sacramento,CA,9430.0,Month,No,,113160.0,True
Certified,H-1B,Research Associate,17-2199.07,Photonics Engineers,N,1,"FERMI FORWARD DISCOVERY GROUP, LLC",Batavia,IL,34.45,Hour,No,,71656.0,False
Certified,H-1B,Environmental Engineer 2,17-2081.00,Environmental Engineers,Y,1,CITY OF PHILADELPHIA,Philadelphia,PA,78279.0,Year,No,,78279.0,False
Certified,H-1B,Automation Engineer I,17-2071.00,Electrical Engineers,Y,1,SOFFA ELECTRIC INC.,Commerce,CA,88566.0,Year,No,,88566.0,True
Certified,H-1B,General System Engineer 2,17-2199.07,Photonics Engineers,Y,1,"CYMER, LLC",San Diego,CA,120700.0,Year,No,,120700.0,True
Certified,H-1B,Automation Engineer I,17-2071.00,Electrical Engineers,Y,1,SOFFA ELECTRIC INC.,Commerce,CA,88566.0,Year,No,,88566.0,True
Certified,H-1B,Engineer II,17-2051.01,Transportation Engineers,Y,1,"CHA CONSULTING, INC.",Doral,FL,84000.18,Year,No,,84000.18,False
Certified,H-1B,"Engineer II, CV Engineering",17-2141.02,Automotive Engineers,Y,1,"ISUZU TECHNICAL CENTER OF AMERICA, INC.",Plymouth,MI,87589.0,Year,No,,87589.0,False
Certified,H-1B,Junior Architectural Professional,17-1011.00,"Architects, Except Landscape and Naval",Y,1,ZUNG DESIGN LLC,New York,NY,65686.0,Year,No,,65686.0,False
Certified,H-1B,Automation Engineer II,17-2071,Electrical Engineers,Y,0,"CHAMPION TECHNOLOGY SERVICES, INC",St. Rose,LA,119787.2,Year,No,,119787.2,False
Certified,H-1B,Graduate Engineer,17-2051.00,Civil Engineers,Y,1,"GEOTEST ENGINEERING, INC.",Houston,TX,30.94,Hour,No,,64355.200000000004,False
Certified,H-1B,Engineer I,17-2051.00,Civil Engineers,Y,1,"CHA CONSULTING, INC.",Rocky Hill,CT,75920.21,Year,No,,75920.21,False
Certified,H-1B,Engineer II,17-2051.00,Civil Engineers,Y,1,"CHA CONSULTING, INC.",Doral,FL,83861.23,Year,No,,83861.23,False
Certified,H-1B,ARCHITECTURAL DESIGNER/JUNIOR ARCHITECT,17-1011.00,"Architects, Except Landscape and Naval",Y,0,MAX PARANGI ARCHITECTS P.C.,WHITE PLAINS,NY,43.0,Hour,No,,89440.0,False
Certified,H-1B,Design Engineer II,17-2051.00,Civil Engineers,Y,0,"PERALTE-CLARK, LLC",Arlington Heights,IL,46.2,Hour,No,,96096.0,False
Certified,H-1B,Civil Engineer (entry level),17-2051.00,Civil Engineers,Y,1,"CIVIL & ENVIRONMENTAL CONSULTANTS, INC.",Columbus,OH,65000.0,Year,No,,65000.0,False
Certified,H-1B,Control Systems Engineer I,17-2071.00,Electrical Engineers,Y,1,SOFFA ELECTRIC INC.,Commerce,CA,88566.0,Year,No,,88566.0,True
Certified,H-1B,Architectural Designer (Architectural Intern),17-1011.00,"Architects, Except Landscape and Naval",Y,1,ZIMMER GUNSUL FRASCA ARCHITECTS LLP,Denver,CO,66934.0,Year,No,,66934.0,False
Certified,H-1B,Associate Environmental Consultant,19-2041.00,"Environmental Scientists and Specialists, Including Health",Y,1,"TRINITY CONSULTANTS, INC.",Frederick,MD,82040.87,Year,No,,82040.87,False
Certified,H-1B,"Robotics Engineer II, Integration and Testing",17-2199.08,Robotics Engineers,Y,2,GATIK AI INC.,Mountain View,CA,150000.0,Year,No,,150000.0,True
Certified,H-1B,Junior Embedded Engineer,17-2071.00,Electrical Engineers,Y,0,FINNA GROUP INC,Greenwood Village,CO,115000.0,Year,No,,115000.0,False
Certified,H-1B,Civil Engineer II,17-2051.00,Civil Engineers,Y,0,"PACIFIC FEDERAL MANAGEMENT, INC.",Tumon,GU,56202.0,Year,No,,56202.0,False
Certified,H-1B,Engineer II,17-2051.00,Civil Engineers,Y,1,ATKINSREALIS USA INC.,Tampa,FL,82800.0,Year,No,,82800.0,False
Certified,H-1B,Electrical Engineer II,17-2071.00,Electrical Engineers,Y,0,"MEDTRONIC, INC.",Brooklyn Center,MN,94203.0,Year,No,,94203.0,False
Certified,H-1B,Bridge Engineer in Training (EIT),17-2051.00,Civil Engineers,Y,1,"HDR ENGINEERING, INC.",Bellevue,WA,96657.6,Year,No,,96657.6,False
Certified,H-1B,Engineer I,17-2051.00,Civil Engineers,Y,1,"CHA CONSULTING, INC.",Columbus,OH,74160.11,Year,No,,74160.11,False
Certified,H-1B,R&D Engineer II,17-2141.00,Mechanical Engineers,Y,1,COVIDIEN LP,Boston,MA,98966.0,Year,No,,98966.0,False
Certified - Withdrawn,H-1B,Assistant Professor of Mechanical Engineering ,25-1032.00,"Engineering Teachers, Postsecondary",Y,1,YORK COLLEGE OF PENNSYLVANIA,York,PA,83000.0,Year,No,,83000.0,False
Certified,H-1B,Structural Engineer 1,17-2051.00,Civil Engineers,Y,1,TRANSYSTEMS CORPORATION,Meriden,CT,82950.4,Year,No,,82950.4,False
Certified,H-1B,Civil Engineer 1,17-2051.00,Civil Engineers,Y,1,TRANSYSTEMS CORPORATION,Boston,MA,78374.4,Year,No,,78374.4,False
Certified,H-1B,Design Engineer II,17-2141.00,Mechanical Engineers,Y,0,"GOKEN AMERICA, LLC",Dublin,OH,33.79,Hour,No,,70283.2,False
Certified,H-1B,Associate EMS Analyst,17-2071.00,Electrical Engineers,Y,1,"TENASKA, INC.",Irving,TX,88192.08,Year,No,,88192.08,False
Certified,H-1B,Systems Engineer II,17-2199.08,Robotics Engineers,Y,0,"TORC ROBOTICS, INC.",Titusville,NJ,133113.0,Year,No,,133113.0,False
Certified,H-1B,Structural Engineer 1,17-2051.00,Civil Engineers,Y,1,TRANSYSTEMS CORPORATION,Meriden,CT,82950.4,Year,No,,82950.4,False
Certified,H-1B,Engineer II,17-2051.00,Civil Engineers,Y,1,"CHA CONSULTING, INC.",Indianapolis,IN,79765.09,Year,No,,79765.09,False
Certified,H-1B,Architectural Designer (Jr Level),17-1011.00,"Architects, Except Landscape and Naval",Y,1,FOGARTY FINGER ARCHITECTURE PLLC,New York,NY,69000.0,Year,No,,69000.0,False
Certified,H-1B,Engineer I,17-2051.00,Civil Engineers,Y,1,"ARDURRA GROUP, INC.",San Antonio,TX,79800.0,Year,No,,79800.0,False
Certified,H-1B,Manufacturing Controls Engineer II,17-2112.03,Manufacturing Engineers,Y,1,"ABBOTT DIAGNOSTICS SCARBOROUGH, INC.",Scarborough,ME,85000.0,Year,No,,85000.0,False
Certified,H-1B,ASSOCIATE PLAN CHECK ENGINEER,17-2051.00,Civil Engineers,Y,0,COUNTY OF SANTA CLARA,SAN JOSE,CA,63.99,Hour,No,,133099.2,True
Certified,H-1B,Jr Architectural Designer,17-1011.00,"Architects, Except Landscape and Naval",Y,1,FOGARTY FINGER ARCHITECTURE PLLC,New York,NY,71500.0,Year,No,,71500.0,False
Certified,H-1B,Architectural Intern,17-1011.00,"Architects, Except Landscape and Naval",Y,1,"BROWN REYNOLDS WATFORD ARCHITECTS, INC.",Dallas,TX,72000.0,Year,No,,72000.0,False
Certified,H-1B,Graduate Engineer,17-2051.00,Civil Engineers,Y,1,"PINNACLE STRUCTURAL ENGINEERS, INC.",Houston,TX,70000.0,Year,No,,70000.0,False
Certified,H-1B,Civil Engineer 1,17-2051.00,Civil Engineers,Y,1,TRANSYSTEMS CORPORATION,Fort Worth,TX,88649.6,Year,No,,88649.6,False
Certified,H-1B,Process Engineering & Design Associate,17-2081.00,Environmental Engineers,Y,0,"INTUITIVE SURGICAL OPERATIONS, INC.",Sunnyvale,CA,125500.0,Year,No,,125500.0,True
Certified,H-1B,Architectural Design Professional (Level 1),17-1011.00,"Architects, Except Landscape and Naval",Y,2,"AZAR DESIGN CO, ARCHITECTURE, LANDSCAPE ARCHITECTURE, ENGINEERING & SURVEYING, PC",Buffalo,NY,28.4,Hour,No,,59072.0,False
Certified - Withdrawn,H-1B,Research Associate,17-2141.00,Mechanical Engineers,Y,1,UNIVERSITY OF CENTRAL FLORIDA,Cocoa,FL,98000.0,Year,No,,98000.0,False
Certified - Withdrawn,H-1B,Scientist 2,17-2141.00,Mechanical Engineers,Y,0,"TRIAD NATIONAL SECURITY, LLC",Hutto,TX,140000.0,Year,No,,140000.0,False
Certified,H-1B,Graduate Engineer,17-2051.00,Civil Engineers,Y,1,"WESTWOOD PROFESSIONAL SERVICES, INC.",Las Vegas,NV,85000.0,Year,No,,85000.0,False
Certified,H-1B,Traffic Project Engineer II,17-2051.00,Civil Engineers,Y,1,"JOHN DAVENPORT ENGINEERING, INC",Richmond,VA,86093.28,Year,No,,86093.28,False
Certified,H-1B,Cold Chain Engineer II,17-2141.00,Mechanical Engineers,Y,0,RANPAK CORPORATION,Concord,OH,101855.54,Year,No,,101855.54,False
Certified,H-1B,Graduate Engineer,17-2051.00,Civil Engineers,Y,1,"ENTECH CIVIL ENGINEERS, INC",Houston,TX,83200.0,Year,No,,83200.0,False
Certified,H-1B,Intern Architect,17-1011.00,"Architects, Except Landscape and Naval",N,1,"GOETTSCH PARTNERS, INC.",Chicago,IL,60000.0,Year,No,,60000.0,False
Certified,H-1B,"Engineer II, Design Engineering",17-2141.00,Mechanical Engineers,Y,0,"HITACHI ASTEMO AMERICAS, INC",Farmington Hills,MI,105000.0,Year,No,,105000.0,False
Certified,H-1B,Graduate Engineer,17-2051.00,Civil Engineers,Y,1,MATRIX STRUCTURAL ENGINEERS,Houston,TX,75000.0,Year,No,,75000.0,False
Certified,H-1B,Construction Administration Specialist I,17-2051.00,Civil Engineers,Y,0,"CENTEK ENGINEERING, INC.",Branford,CT,34.0,Hour,No,,70720.0,False
Certified,H-1B,Mechanical Engineer 2,17-2141.00,Mechanical Engineers,Y,1,"ASML US, LP",Wilton,CT,97698.0,Year,No,,97698.0,False
Certified,H-1B,JUNIOR CIVIL ENGINEER,17-2051.00,Civil Engineers,Y,1,"BVF ENGINEERING, INC.",COLUMBIA,MD,69971.0,Year,No,,69971.0,False
Certified,H-1B,Junior 3D Designer,17-1011.00,"Architects, Except Landscape and Naval",Y,1,"STL ARCHITECTS, INC.",CHICAGO,IL,59634.0,Year,No,,59634.0,False
Certified,H-1B,Data Center Infrastructure Engineer II,17-2051.00,Civil Engineers,Y,10,"AMAZON DATA SERVICES, INC",Lockbourne,OH,130400.0,Year,No,,130400.0,False
Certified,H-1B,Associate VDC Engineer,17-2051.00,Civil Engineers,Y,1,ENGINETA LLC,New York,NY,75000.0,Year,No,,75000.0,False
Certified,H-1B,Mechanical Engineer II,17-2141.00,Mechanical Engineers,Y,0,"NOVELIS ALR ROLLED PRODUCTS, INC.",Ashville,OH,109050.0,Year,No,,109050.0,False
Certified,H-1B,Civil Engineer II,17-2051.00,Civil Engineers,Y,0,"BOWMAN CONSULTING GROUP, LTD.",Plano,TX,79200.0,Year,No,,79200.0,False
Certified,H-1B,Associate VDC Engineer,17-2051.00,Civil Engineers,Y,1,ENGINETA LLC,New York,NY,75000.0,Year,No,,75000.0,False
Certified,H-1B,Mechanical Engineer I,17-2141.00,Mechanical Engineers,Y,0,"CULLERTON GROUP, LLC",Rapid City,SD,32.06,Hour,No,,66684.8,False
Certified - Withdrawn,H-1B,Design Engineer II - KBGFJG227242-2,17-2141.00,Mechanical Engineers,Y,1,"MOLEX, LLC",Rochester Hills,MI,115000.0,Year,No,,115000.0,False
Certified,H-1B,Electrical Engineer 2,17-2071.00,Electrical Engineers,Y,0,"KIEWIT ENERGY GROUP, INC.",Houston,TX,111465.12,Year,No,,111465.12,False
Certified,H-1B,Energy Engineer II,17-2199.03,"Energy Engineers, Except Wind and Solar",Y,0,"SCHNEIDER ELECTRIC BUILDINGS AMERICAS, INC.",Morrisville,NC,90000.0,Year,No,,90000.0,False
Certified,H-1B,Architectural Intern ,17-1011.00,"Architects, Except Landscape and Naval",Y,1,MDC ARCHITECTS P.C.,STREAMWOOD,IL,59634.0,Year,No,,59634.0,False
Certified,H-1B,Engineer I,17-2141.00,Mechanical Engineers,Y,0,"CHA CONSULTING, INC.",Winter Springs,FL,82000.0,Year,No,,82000.0,False
Certified,H-1B,Sustainable Engineering Associate,17-2051.00,Civil Engineers,Y,1,"BIG, NFP",Chicago,IL,86736.0,Year,No,,86736.0,False
Certified,H-1B,Mechanical Design Engineer II,17-2141.00,Mechanical Engineers,Y,0,"QUALSERV SOLUTIONS, LLC",Fort Smith,AR,96500.0,Year,No,,96500.0,False
Certified,H-1B,Electrification Program Associate,17-2141.00,Mechanical Engineers,Y,1,"ZUM SERVICES, INC.",Redwood City,CA,95000.0,Year,No,,95000.0,True
Certified,H-1B,Data Center Infrastructure Engineer II,17-2071.00,Electrical Engineers,Y,0,"AMAZON DATA SERVICES, INC.",Herndon,VA,131000.0,Year,No,,131000.0,False
Certified,H-1B,Integration Engineer II,17-2141.00,Mechanical Engineers,Y,0,TBC - THE BORING COMPANY,Bastrop,TX,110000.0,Year,No,,110000.0,False
Certified,H-1B,Engineer II - NPD,17-2141.00,Mechanical Engineers,Y,1,INTERNATIONAL ENVIRONMENTAL CORPORATION,Oklahoma City,OK,78603.0,Year,No,,78603.0,False
Certified,H-1B,Project Engineer I,17-2141.00,Mechanical Engineers,Y,0,"DUKE EMPIRICAL, INC.",Morgan Hill,CA,102336.0,Year,No,,102336.0,True
Certified,H-1B,SUSTAINABILITY SPECIALIST II,13-1199.05,Sustainability Specialists,Y,0,AMAZON.COM SERVICES LLC,Sunnyvale,CA,165000.0,Year,No,,165000.0,True
Certified,H-1B,Engineer II - Manufacturing,17-2141.00,Mechanical Engineers,Y,1,"ZF TRANSMISSIONS GRAY COURT, LLC",Gray Court,SC,86674.0,Year,No,,86674.0,False
Certified,H-1B,Intern Architect,17-1011.00,"Architects, Except Landscape and Naval",Y,0,ARCADIS INC.,Seattle,WA,70824.0,Year,No,,70824.0,False
Certified,H-1B,Civil Engineer I,17-2051,Civil Engineers,Y,0,"AECOM TECHNICAL SERVICES, INC.",Birmingham,AL,73973.0,Year,No,,73973.0,False
Certified,H-1B,Tire Mechanics Test Engineer - Engineer Associate,17-2141.00,Mechanical Engineers,Y,0,THE GOODYEAR TIRE & RUBBER COMPANY,Akron,OH,76981.0,Year,No,,76981.0,False
Certified,H-1B,Data Center Infrastructure Engineer II,17-2051.00,Civil Engineers,Y,10,"AMAZON DATA SERVICES, INC",Austin,TX,130400.0,Year,No,,130400.0,False
Certified,H-1B,Architectural Planning Associate,17-1011.00,"Architects, Except Landscape and Naval",Y,1,NELSON\NYGAARD CONSULTING ASSOCIATES,Portland,OR,66310.0,Year,No,,66310.0,False
Certified,H-1B,Civil Engineer I,17-2051.00,Civil Engineers,Y,1,DLZ CORPORATION,Columbus,OH,62650.0,Year,No,,62650.0,False
Certified,H-1B,Assistant Design Engineer,17-2051.00,Civil Engineers,Y,0,"JOSEPH C. LU ENGINEERING, P.C.",Buffalo,NY,87528.0,Year,No,,87528.0,False
Certified,H-1B,Data Center Infrastructure Engineer II,17-2051.00,Civil Engineers,Y,10,"AMAZON DATA SERVICES, INC",Herndon,VA,130400.0,Year,No,,130400.0,False
Certified,H-1B,Intern Architect II/Project Designer,17-1011.00,"Architects, Except Landscape and Naval",Y,1,"TAP ARCHITECTURE, LLC.",Oklahoma City,OK,56000.0,Year,No,,56000.0,False
Certified - Withdrawn,H-1B,Scientist 2,17-2051.00,Civil Engineers,Y,0,"TRIAD NATIONAL SECURITY, LLC",Los Alamos,NM,154441.0,Year,No,,154441.0,False
Certified,H-1B,Field Service Engineer II,17-2141.00,Mechanical Engineers,Y,1,ASM AMERICA INC.,Hillsboro,OR,79019.0,Year,No,,79019.0,False
Certified,H-1B,Field Service Engineer II,17-2141.00,Mechanical Engineers,Y,1,ASM AMERICA INC.,Hillsboro,OR,79019.0,Year,No,,79019.0,False
Certified,H-1B,Associate Engineer,17-2141.00,Mechanical Engineers,Y,0,PDQ WORKHOLDING LLC,COLUMBIA CITY,IN,68900.0,Year,No,,68900.0,False
Certified,H-1B,RESEARCH ENGINEER II - TRANSPORATION SIMULATION,17-2051.01,Transportation Engineers,Y,1,BOT AUTO TX INC,SANTA CLARA,CA,180000.0,Year,No,,180000.0,True
Certified,H-1B,Mechanical Engineer II,17-2141.00,Mechanical Engineers,Y,0,SETTY & ASSOCIATES INTERNATIONAL PLLC,Baltimore,MD,111935.28,Year,No,,111935.28,False
Certified,H-1B,Optical Engineer I,17-2199.07,Photonics Engineers,Y,1,"NORTH AMERICAN LIGHTING, INC.",Farmington Hills,MI,86800.0,Year,No,,86800.0,False
Certified,H-1B,Air Quality Engineer II- PRDI,17-2081.00,Environmental Engineers,Y,1,SOUTH COAST AIR QUALITY MANAGEMENT DISTRICT,Diamond Bar,CA,116961.52,Year,No,,116961.52,True
Certified,H-1B,Project Engineer II,17-2051.00,Civil Engineers,Y,1,FALAK CONSTRUCTION INC.,North Brunswick,NJ,35.9,Hour,No,,74672.0,False
Certified,H-1B,Studio Associate,17-1011.00,"Architects, Except Landscape and Naval",Y,1,"VALERIO ARCHITECTS, INC.",Los Angeles,CA,64459.0,Year,No,,64459.0,True
Certified,H-1B,Structural Engineer I,17-2051.00,Civil Engineers,Y,1,PENTA ENGINEERING CO. LLC,St. Louis,MO,70000.0,Year,No,,70000.0,False
Certified,H-1B,Product Engineer II,17-2141.00,Mechanical Engineers,Y,1,MCLAREN PERFORMANCE TECHNOLOGIES,Livonia,MI,75000.0,Year,No,,75000.0,False
Certified,H-1B,Electrical Engineer I,17-2071.00,Electrical Engineers,Y,0,"CULLERTON GROUP, LLC",Mossville,IL,70720.0,Year,No,,70720.0,False
Certified,H-1B,Production Engineer II,17-2141.00,Mechanical Engineers,Y,1,"NORTH AMERICAN LIGHTING, INC.",Paris,IL,87600.0,Year,No,,87600.0,False
Certified,H-1B,Product Engineer II,17-2141.00,Mechanical Engineers,Y,1,MCLAREN PERFORMANCE TECHNOLOGIES,Livonia,MI,88992.0,Year,No,,88992.0,False
Certified,H-1B,Design Engineer II - Line Stopping,17-2141.00,Mechanical Engineers,Y,1,MUELLER CO. LLC,Decatur,IL,83000.0,Year,No,,83000.0,False
Certified,H-1B,Civil Engineer 2,17-2051.00,Civil Engineers,Y,0,KIEWIT ENGINEERING GROUP INC.,Lone Tree,CO,105678.56,Year,No,,105678.56,False
Certified - Withdrawn,H-1B,Project Engineer I,17-2051,Civil Engineers,Y,0,"CCC GROUP, INC.",Mulberry,FL,81500.12,Year,No,,81500.12,False
Certified,H-1B,Research Assistant Professor “ Mechanical Engineering,17-2144.00,"Mechanical Engineers, R&D",Y,0,COLORADO SCHOOL OF MINES,Golden,CO,68058.0,Year,No,,68058.0,False
Certified,H-1B,Junior Architect,17-1011.00,"Architects, Except Landscape and Naval",Y,1,BEA ARCHITECTS INC.,Miami,FL,52000.0,Year,No,,52000.0,False
Certified,H-1B,Jr. Test Engineer,17-2071.00,Electrical Engineers,Y,1,AB ELECTRONICS LLC,Brookfield,CT,95000.0,Year,No,,95000.0,False
Certified,H-1B,Relay Setting Engineer II,17-2071.00,Electrical Engineers,Y,1,"SYNCHROGRID, INC.",Bryan,TX,87734.0,Year,No,,87734.0,False
Certified,H-1B,Professional Engineer II,17-2051.00,Civil Engineers,Y,1,"CAS CONSULTING & SERVICES, INC.",Austin,TX,115000.0,Year,No,,115000.0,False
Certified,H-1B,Graduate Engineer,17-2051.00,Civil Engineers,Y,1,"NEEL-SCHAFFER, INC.",Atlanta,GA,80246.4,Year,No,,80246.4,False
Certified,H-1B,Associate Environmental Consultant,19-2041.00,"Environmental Scientists and Specialists, Including Health",Y,1,"TRINITY CONSULTANTS, INC.",Dallas,TX,78442.27,Year,No,,78442.27,False
Certified,H-1B,Mechanical Engineer II,17-2141.00,Mechanical Engineers,Y,0,SORTERA TECHNOLOGIES INC.,Markle,IN,73070.0,Year,No,,73070.0,False
Certified,H-1B,Mechanical Engineer I,17-2141.00,Mechanical Engineers,Y,1,MESABI METALLICS COMPANY LLC,Nashwauk,MN,85000.0,Year,No,,85000.0,False
Certified,H-1B,Junior Architect,17-1011.00,"Architects, Except Landscape and Naval",Y,0,SCHAUM ARCHITECTURE CORPORATION,Houston,TX,60500.0,Year,No,,60500.0,False
Certified,H-1B,Professional Engineer I,17-2051.00,Civil Engineers,Y,1,"CAS CONSULTING & SERVICES, INC.",Austin,TX,107328.0,Year,No,,107328.0,False
Certified,H-1B,Construction Engineer II,17-2051.00,Civil Engineers,Y,0,"FLUOR ENTERPRISES, INC.",Houston,TX,89856.0,Year,No,,89856.0,False
Certified,H-1B,Associate Environmental Consultant,19-2041.00,"Environmental Scientists and Specialists, Including Health",Y,0,"TRINITY CONSULTANTS, INC.",Pepper Pike,OH,100972.16,Year,No,,100972.16,False
Certified,H-1B,Electrical Engineer 2,17-2071.00,Electrical Engineers,Y,0,BLACK & VEATCH CORPORATION,Ann Arbor,MI,68994.0,Year,No,,68994.0,False
Certified - Withdrawn,H-1B,Civil Engineer II,17-2051.00,Civil Engineers,Y,0,"PACIFIC FEDERAL MANAGEMENT, INC.",Tumon,GU,56202.0,Year,No,,56202.0,False
Certified,H-1B,Relay Setting Engineer I,17-2071.00,Electrical Engineers,Y,1,"SYNCHROGRID, INC",Lakewood,CO,81786.0,Year,No,,81786.0,False
Certified,H-1B,Snr Mechanical Engineer II,17-2141.00,Mechanical Engineers,Y,0,ASM AMERICA INC.,Phoenix,AZ,115898.0,Year,No,,115898.0,False
Certified,H-1B,"Associate Consultant, Traffic Engineering",17-2051.01,Transportation Engineers,Y,0,WSP USA INC.,Orlando,FL,80870.4,Year,No,,80870.4,False
Certified,H-1B,Commissioning Engineer Level 1,17-2071.00,Electrical Engineers,Y,0,"MOTOR SERVICES HUGO STAMP, INC.",Fort Lauderdale,FL,169162.31,Year,No,,169162.31,False
Certified,H-1B,MEP Project Engineer II,17-2051.00,Civil Engineers,Y,0,M. A. MORTENSON COMPANY,Rayville,LA,8205.59,Month,No,,98467.08,False
Certified,H-1B,Graduate Civil Engineer II,17-2051.00,Civil Engineers,Y,0,"ALJ LINDSEY, LLC",Tomball,TX,80000.0,Year,No,,80000.0,False
Certified,H-1B,Mechanical Engineer II,17-2141.00,Mechanical Engineers,Y,0,"HELLER INDUSTRIES, INC.",Florham Park,NJ,75027.0,Year,No,,75027.0,False
Certified,H-1B,Design Associate,17-1011.00,"Architects, Except Landscape and Naval",Y,0,"DEKKER, LTD.",Phoenix,AZ,69326.0,Year,No,,69326.0,False
Certified,H-1B,Graduate Engineer,17-2051.00,Civil Engineers,Y,0,"WESTWOOD PROFESSIONAL SERVICES, INC.",Las Vegas,NV,70000.0,Year,No,,70000.0,False
Certified,H-1B,Civil Engineer I,17-2051.00,Civil Engineers,Y,1,DLZ CORPORATION,Melvindale,MI,63000.0,Year,No,,63000.0,False
Certified,H-1B,Civil Engineer I,17-2051.00,Civil Engineers,Y,1,DLZ CORPORATION,Chicago,IL,71000.0,Year,No,,71000.0,False
Certified,H-1B,Dev/Research Engineer I,17-2141.00,Mechanical Engineers,Y,1,POPULUS GROUP LLC,Mossville,IL,47.52,Hour,No,,98841.6,False
Certified,H-1B,Relay Setting Engineer I,17-2071.00,Electrical Engineers,Y,1,"SYNCHROGRID, INC",Bryan,TX,63939.0,Year,No,,63939.0,False
Certified,H-1B,Graduate Engineer II,17-2051.00,Civil Engineers,Y,1,SCHEIBE CONSULTING LLC,Austin,TX,85000.0,Year,No,,85000.0,False
Certified,H-1B,Civil Engineer I,17-2051.00,Civil Engineers,Y,1,DLZ CORPORATION,Waterford Township,MI,63000.0,Year,No,,63000.0,False
Certified,H-1B,Value Engineer II,17-2141.00,Mechanical Engineers,Y,0,ASM AMERICA INC.,Phoenix,AZ,74900.0,Year,No,,74900.0,False
Certified,H-1B,Civil Associate II,17-2051.00,Civil Engineers,Y,0,"MICHAEL BAKER INTERNATIONAL, INC.",Dearborn,MI,77000.0,Year,No,,77000.0,False
Certified,H-1B,Associate,17-1011.00,"Architects, Except Landscape and Naval",Y,0,"MIKA DESIGN GROUP, INC.",Sacramento,CA,36.0,Hour,No,,74880.0,True
Certified,H-1B,CAD Engineer II,17-2071.00,Electrical Engineers,Y,0,"SILICON LABORATORIES, INC.",Austin,TX,126271.77,Year,No,,126271.77,False
Certified,H-1B,Civil Engineer II,17-2051.00,Civil Engineers,Y,1,DLZ CORPORATION,Columbus,OH,79000.0,Year,No,,79000.0,False
Certified,H-1B,System Protection Engineer II,17-2071.00,Electrical Engineers,Y,0,TRC ENVIRONMENTAL CORPORATION,Shelby Township,MI,93142.4,Year,No,,93142.4,False
Certified,H-1B,Energy Specialist II,17-2199.03,"Energy Engineers, Except Wind and Solar",Y,0,WILLDAN ENERGY SOLUTIONS,Waukee,IA,73549.0,Year,No,,73549.0,False
Certified,H-1B,Electrical Engineer II,17-2071.00,Electrical Engineers,Y,0,MILWAUKEE ELECTRIC TOOL CORPORATION,Brookfield,WI,98500.0,Year,No,,98500.0,False
Certified,H-1B,Mechanical Engineer I,17-2141.00,Mechanical Engineers,Y,0,CLIMAX MOLYBDENUM COMPANY,Empire,CO,84100.0,Year,No,,84100.0,False
Certified,H-1B,Consulting Graduate Engineer,17-2071.00,Electrical Engineers,Y,1,"EMA ENGINEERING AND CONSULTING, INC",Tyler,TX,91350.0,Year,No,,91350.0,False
Certified,H-1B,Traffic Engineer in Training (EIT),17-2051.01,Transportation Engineers,Y,0,"HDR ENGINEERING, INC.",Phoenix,AZ,85737.6,Year,No,,85737.6,False
Certified,H-1B,Design Engineer II,17-2141.00,Mechanical Engineers,Y,0,MILWAUKEE ELECTRIC TOOL CORPORATION,Brookfield,WI,91155.0,Year,No,,91155.0,False
Certified,H-1B,"Engineer 2, Quality",17-2141.00,Mechanical Engineers,Y,0,BENDIX COMMERCIAL VEHICLE SYSTEMS LLC,Bowling Green,KY,106000.0,Year,No,,106000.0,False
Certified,H-1B,Mechanical Engineer (Engineer II),17-2141.00,Mechanical Engineers,Y,0,XERION ADVANCED BATTERY CORP.,Kettering,OH,85000.0,Year,No,,85000.0,False
Certified,H-1B,Civil Engineer I,17-2051.00,Civil Engineers,Y,0,"MICHAEL BAKER INTERNATIONAL, INC.",Chicago,IL,87000.0,Year,No,,87000.0,False
Certified,H-1B,Engineer II - Systems,17-2199.05,Mechatronics Engineers,Y,0,"ZF ACTIVE SAFETY AND ELECTRONICS US, LLC",Lafayette,IN,101000.0,Year,No,,101000.0,False
Certified,H-1B,Civil Engineer I,17-2051.00,Civil Engineers,Y,0,"BOWMAN CONSULTING GROUP, LTD.",Melbourne,FL,76220.0,Year,No,,76220.0,False
Certified,H-1B,Structural Engineer in Training (EIT),17-2051.00,Civil Engineers,Y,0,"HENNINGSON, DURHAM & RICHARDSON, PC",New York,NY,100235.2,Year,No,,100235.2,False
Certified,H-1B,Mechanical Engineer II,17-2141.00,Mechanical Engineers,Y,0,"CLARK, RICHARDSON & BISKUP CONSULTING ENGINEERS, INC.",Atlanta,GA,100048.0,Year,No,,100048.0,False
Certified,H-1B,Consulting Graduate Engineer,17-2071.00,Electrical Engineers,Y,1,"EMA ENGINEERING AND CONSULTING, INC",Tyler,TX,69500.0,Year,No,,69500.0,False
Certified,H-1B,Structural Design Engineering Associate,17-2051.00,Civil Engineers,Y,1,"LERA CONSULTING STRUCTURAL ENGINEERS, RLLP",New York,NY,125000.0,Year,No,,125000.0,False
Certified,H-1B,Civil Engineer II,17-2051.00,Civil Engineers,Y,0,INFRASTRUCTURE ENGINEERING INC.,Peoria,IL,96359.0,Year,No,,96359.0,False
Certified,H-1B,Civil Engineer I,17-2051.00,Civil Engineers,Y,0,"MICHAEL BAKER INTERNATIONAL, INC.",Chicago,IL,87000.0,Year,No,,87000.0,False
Certified,H-1B,Structural Engineer II,17-2051.00,Civil Engineers,Y,0,UZUN AND CASE LLC,Atlanta,GA,76502.0,Year,No,,76502.0,False
Certified,H-1B,Architectural Intern ,17-1011.00,"Architects, Except Landscape and Naval",Y,1,BAILEY EDWARD DESIGN INC,Chicago,IL,63000.0,Year,No,,63000.0,False
Certified,H-1B,Design Engineer II,17-2141.00,Mechanical Engineers,Y,0,MILWAUKEE ELECTRIC TOOL CORPORATION,Brookfield,WI,94777.0,Year,No,,94777.0,False
Certified,H-1B,Manufacturing Engineer I,17-2071.00,Electrical Engineers,Y,1,NOVANTA CORPORATION,North Syracuse,NY,80138.0,Year,No,,80138.0,False
Certified,H-1B,Test Hardware Engineer II,17-2071.00,Electrical Engineers,Y,0,"OMRON ROBOTICS AND SAFETY TECHNOLOGIES, INC.",Pleasanton,CA,124842.0,Year,No,,124842.0,True
Certified,H-1B,Architectural Associate,17-1011.00,"Architects, Except Landscape and Naval",Y,0,"METHOD STUDIO, INC.",Salt Lake City,UT,94000.0,Year,No,,94000.0,False
Certified,H-1B,Consulting Graduate Engineer,17-2071.00,Electrical Engineers,Y,1,"EMA ENGINEERING AND CONSULTING, INC",Tyler,TX,70297.44,Year,No,,70297.44,False
Certified,H-1B,Electrical Engineer II,17-2071.00,Electrical Engineers,Y,0,MILWAUKEE ELECTRIC TOOL CORPORATION,Brookfield,WI,101250.0,Year,No,,101250.0,False
Certified,H-1B,Research Engineer II,17-2071.00,Electrical Engineers,Y,0,MICHIGAN TECHNOLOGICAL UNIVERSITY,Ypsilanti Township,MI,115000.0,Year,No,,115000.0,False
Certified,H-1B,Graduate Engineer,17-2071.00,Electrical Engineers,Y,1,"EMA ENGINEERING AND CONSULTING, INC",Tyler,TX,90300.0,Year,No,,90300.0,False
Certified,H-1B,Civil Engineer II,17-2051.00,Civil Engineers,Y,0,"MICHAEL BAKER INTERNATIONAL, INC.",Cleveland,OH,97598.0,Year,No,,97598.0,False
Certified,H-1B,Electrical Engineer II,17-2071.00,Electrical Engineers,Y,0,MILWAUKEE ELECTRIC TOOL CORPORATION,Chicago,IL,110920.0,Year,No,,110920.0,False
Certified,H-1B,Engineer 1,17-2081.00,Environmental Engineers,Y,0,ENVIRONMENTAL PARTNERS GROUP LLC,Quincy,MA,83140.2,Year,No,,83140.2,False
Certified,H-1B,Civil Associate II,17-2051.00,Civil Engineers,Y,0,"MICHAEL BAKER INTERNATIONAL, INC.",Little Rock,AR,67000.0,Year,No,,67000.0,False
Certified,H-1B,Research Specialist II,17-2081.00,Environmental Engineers,N,0,W.M. RICE UNIVERSITY,Houston,TX,28.51,Hour,No,,59300.8,False
Certified,H-1B,Electrical Engineer II,17-2071.00,Electrical Engineers,Y,0,MILWAUKEE ELECTRIC TOOL CORPORATION,Brookfield,WI,96000.0,Year,No,,96000.0,False
Certified,H-1B,Firmware Engineer II,17-2071.00,Electrical Engineers,Y,0,MILWAUKEE ELECTRIC TOOL CORPORATION,Brookfield,WI,96305.0,Year,No,,96305.0,False
Certified,H-1B,Electrical Engineer II,17-2071.00,Electrical Engineers,Y,0,MILWAUKEE ELECTRIC TOOL CORPORATION,Chicago,IL,106826.0,Year,No,,106826.0,False
Certified,H-1B,Motor Engineer I,17-2071.00,Electrical Engineers,Y,0,MILWAUKEE ELECTRIC TOOL CORPORATION,Brookfield,WI,89819.0,Year,No,,89819.0,False
Certified,H-1B,Engineer 2,17-2051.00,Civil Engineers,Y,0,"BOHANNAN HUSTON, INC",Albuquerque,NM,75046.4,Year,No,,75046.4,False
Certified,H-1B,Advanced Quality Engineer II,17-2141.00,Mechanical Engineers,Y,0,MILWAUKEE ELECTRIC TOOL CORPORATION,Brookfield,WI,93848.0,Year,No,,93848.0,False
Certified - Withdrawn,H-1B,"ENGINEER I, 5GaaS OPERATIONS",17-2071.00,Electrical Engineers,Y,1,BETACOM INC,BELLEVUE,WA,107869.0,Year,No,,107869.0,False
Certified,H-1B,Condition Assessment Engineer 2,17-2081.00,Environmental Engineers,Y,0,BLACK & VEATCH CORPORATION,Phoenix,AZ,65354.0,Year,No,,65354.0,False
Certified,H-1B,Project Engineer 1,17-2051.02,Water/Wastewater Engineers,Y,0,"RUMMEL, KLEPPER & KAHL, LLP",Baltimore,MD,49.11,Hour,No,,102148.8,False
Certified,H-1B,Manufacturing Engineer I,17-2071.00,Electrical Engineers,Y,1,NOVANTA CORPORATION,North Syracuse,NY,80138.0,Year,No,,80138.0,False
Certified,H-1B,Associate Design Engineer,17-2051.00,Civil Engineers,Y,0,"LERA CONSULTING STRUCTURAL ENGINEERS, RLLP",New York,NY,109000.0,Year,No,,109000.0,False
Certified,H-1B,Controls Engineer I,17-2071.00,Electrical Engineers,Y,0,BASTIAN SOLUTIONS LLC,Grand Rapids,MI,80000.0,Year,No,,80000.0,False
Certified,H-1B,Research Scientist/Engineer 2,19-2041.03,Industrial Ecologists,Y,1,UNIVERSITY OF WASHINGTON,Seattle,WA,96876.0,Year,No,,96876.0,False
Certified,H-1B,Junior Construction Engineer,17-2051.00,Civil Engineers,Y,0,HIRSCH CONSTRUCTION CORP.,Middleton,MA,81112.72,Year,No,,81112.72,False
Certified - Withdrawn,H-1B,Quality Engineer II,17-2141.00,Mechanical Engineers,Y,0,"BLACKROCK MICROSYSTEMS, LLC",Salt Lake City,UT,85000.0,Year,No,,85000.0,False
Certified - Withdrawn,H-1B,Mechanical Design Engineer II,17-2141.00,Mechanical Engineers,Y,0,"QUALSERV SOLUTIONS, LLC",Fort Smith,AR,96500.0,Year,No,,96500.0,False
Certified,H-1B,Controls Engineer II,17-2071.00,Electrical Engineers,Y,0,BASTIAN SOLUTIONS LLC,Grand Rapids,MI,90000.0,Year,No,,90000.0,False
Certified,H-1B,DESIGN ARCHITECTURE PROFESSIONAL ASSOCIATE,17-1011.00,"Architects, Except Landscape and Naval",Y,0,JACOBS ENGINEERING GROUP INC.,PHILADELPHIA,PA,103690.0,Year,No,,103690.0,False
Certified,H-1B,Assistant Project Engineer,17-2081.00,Environmental Engineers,Y,0,DISTINCT ENGINEERING SOLUTIONS INC,North Brunswick,NJ,45.0,Hour,No,,93600.0,False
Certified,H-1B,Research Analyst 2,19-2041.00,"Environmental Scientists and Specialists, Including Health",Y,0,"RHODIUM GROUP, LLC",Seattle,WA,115509.45,Year,No,,115509.45,False
Certified,H-1B,Research Associate,17-2141.00,Mechanical Engineers,Y,1,THE UNIVERSITY OF TEXAS AT DALLAS,Richardson,TX,60000.0,Year,No,,60000.0,False
Certified - Withdrawn,H-1B,Research Associate,17-2141.00,Mechanical Engineers,Y,1,UNIVERSITY OF SOUTH CAROLINA,Columbia,SC,63128.0,Year,No,,63128.0,False
Certified,H-1B,Engineer II,17-2051.00,Civil Engineers,Y,0,RDQ INC.,Cedar Park,TX,106000.0,Year,No,,106000.0,False
Certified,H-1B,Electrical Engineer II,17-2071.00,Electrical Engineers,Y,0,"SALAS O'BRIEN, INC.",Chesterfield,MO,95000.0,Year,No,,95000.0,False
Certified,H-1B,Engineer II,17-2141.00,Mechanical Engineers,Y,1,AMGEN INC.,Thousand Oaks,CA,107385.45,Year,No,,107385.45,True
Certified,H-1B,Faculty Research Assistant,17-2071.00,Electrical Engineers,Y,0,"UNIVERSITY OF MARYLAND, BALTIMORE COUNTY",Baltimore,MD,95000.0,Year,No,,95000.0,False
Certified,H-1B,CIVIL ENGINEERING PROFESSIONAL ASSOCIATE,17-2051.00,Civil Engineers,Y,0,CH2M HILL INC.,BELLEVUE,WA,110000.0,Year,No,,110000.0,False
Certified,H-1B,"Engineer II, CV Testing & MBD",17-2141.02,Automotive Engineers,Y,0,"ISUZU TECHNICAL CENTER OF AMERICA, INC.",Plymouth,MI,87589.0,Year,No,,87589.0,False
Certified,H-1B,Structural Engineer II,17-2051.00,Civil Engineers,Y,0,"SALAS O'BRIEN, INC.",Chesterfield,MO,94000.0,Year,No,,94000.0,False
Certified,H-1B,HIMB CORAL RESILIENCE & RESTORATION ASSISTANT RESEARCHER,19-2041.03,Industrial Ecologists,Y,1,RESEARCH CORPORATION OF THE UNIVERSITY OF HAWAII,Kaneohe,HI,40.27,Hour,No,,83761.6,False
Certified,H-1B,Electrical Engineer II,17-2071.00,Electrical Engineers,Y,1,ASM AMERICA INC.,Phoenix,AZ,94411.0,Year,No,,94411.0,False
Certified,H-1B,Power Systems Engineer II,17-2071.00,Electrical Engineers,Y,0,"OPEN SYSTEMS INTERNATIONAL, INC.",Houston,TX,87640.97,Year,No,,87640.97,False
Certified,H-1B,Water/Wastewater Engineer in Training (EIT),17-2051.02,Water/Wastewater Engineers,Y,0,"HDR ENGINEERING, INC.",Santa Clara,CA,116428.2,Year,No,,116428.2,True
Certified,H-1B,Data Centre Infrastructure Engineer I,17-2051.00,Civil Engineers,Y,0,"AMAZON DATA SERVICES, INC",Herndon,VA,106240.0,Year,No,,106240.0,False
Certified,H-1B,Engineer II,17-2141.00,Mechanical Engineers,Y,0,LEAR CORPORATION,Southfield,MI,115282.0,Year,No,,115282.0,False
Certified,H-1B,Mechanical Engineer II,17-2141.00,Mechanical Engineers,Y,1,ASM AMERICA INC.,Phoenix,AZ,87090.0,Year,No,,87090.0,False
Certified - Withdrawn,H-1B,Water/Wastewater Engineer in Training (EIT),17-2051.02,Water/Wastewater Engineers,Y,1,"HDR ENGINEERING, INC.",Tucson,AZ,70012.8,Year,No,,70012.8,False
Certified - Withdrawn,H-1B,Assistant Research Engineer,17-2051.01,Transportation Engineers,Y,0,REGENTS OF UNIVERSITY CALIFORNIA OF RIVERSIDE,Riverside,CA,125000.0,Year,No,,125000.0,True
Certified,H-1B,Embedded Systems Engineer II,17-2199.05,Mechatronics Engineers,Y,0,"ROGERS, FREELS & ASSOCIATES, INC",College Station,TX,108316.52,Year,No,,108316.52,False
Certified,H-1B,Static Stress Engineer II,17-2141.00,Mechanical Engineers,Y,0,"AIRBUS AMERICAS, INC.",Wichita,KS,95014.4,Year,No,,95014.4,False
Certified,H-1B,Electrical Engineer II,17-2071.00,Electrical Engineers,Y,0,DANSONS USA INC.,Scottsdale,AZ,95000.0,Year,No,,95000.0,False
Certified,H-1B,Project Associate 2 “ Substation Engineering,17-2071.00,Electrical Engineers,Y,0,"SARGENT & LUNDY, LLC",Elkridge,MD,146619.36,Year,No,,146619.36,False
Certified,H-1B,Associate Mechanical Design Engineer,17-2141.00,Mechanical Engineers,Y,1,"MAINSPRING ENERGY, INC.",Menlo Park,CA,102336.0,Year,No,,102336.0,True
Certified - Withdrawn,H-1B,Project Engineer I (Concrete Division),17-2051.00,Civil Engineers,Y,0,"SUNDT CONSTRUCTION, INC.",San Antonio,TX,76752.0,Year,No,,76752.0,False
Certified,H-1B,Assistant Research Scientist,17-2051.00,Civil Engineers,Y,1,TEXAS A&M TRANSPORTATION INSTITUTE,Bryan,TX,88816.0,Year,No,,88816.0,False
Certified,H-1B,Electrical Prog. & Vehicle Control Systems Test Engineer II,17-2071.00,Electrical Engineers,Y,0,THE HEIL CO.,Fort Payne,AL,100000.0,Year,No,,100000.0,False
Certified,H-1B,Instruments and Controls Engineer II,17-2071.00,Electrical Engineers,Y,0,BORN INC.,Tulsa,OK,120000.0,Year,No,,120000.0,False
Certified,H-1B,Research Associate,17-2081,Environmental Engineers,Y,1,LELAND STANFORD JR. UNIV/SLAC NATIONAL ACCELERATOR LAB,Menlo Park,CA,85925.0,Year,No,,85925.0,True
Certified,H-1B,System Verification Engineer II,17-2141.00,Mechanical Engineers,Y,0,INOGEN,Plano,TX,110000.0,Year,No,,110000.0,False
Certified,H-1B,Research Assistant Professor - Mechanical Engineering,25-1032.00,"Engineering Teachers, Postsecondary",Y,0,SOUTHERN METHODIST UNIVERSITY,Dallas,TX,80000.0,Year,No,,80000.0,False
Certified,H-1B,Scientific Engineering Associate (in Energy Environmental),17-2199.03,"Energy Engineers, Except Wind and Solar",Y,1,LAWRENCE BERKELEY NATIONAL LABORATORY,Berkeley,CA,107796.0,Year,No,,107796.0,True
Certified,H-1B,Project Engineer 2,17-2071.00,Electrical Engineers,Y,0,HITACHI ENERGY USA INC.,Santa Clara,CA,148900.0,Year,No,,148900.0,True
Certified,H-1B,Transportation Engineering Associate,17-2051.00,Civil Engineers,Y,0,GLOBAL TRANSPORTATION ENGINEERING,Portland,OR,73486.0,Year,No,,73486.0,False
Certified,H-1B,Associate Test Engineer,17-2141.00,Mechanical Engineers,Y,1,"MAINSPRING ENERGY, INC.",Menlo Park,CA,98770.0,Year,No,,98770.0,True
Certified,H-1B,NPI Manufacturing Engineer II,17-2141.00,Mechanical Engineers,Y,0,"OMRON ROBOTICS AND SAFETY TECHNOLOGIES, INC.",Pleasanton,CA,100000.0,Year,No,,100000.0,True
Certified,H-1B,Application Engineer II,17-2141.02,Automotive Engineers,Y,0,AUTOLIV ASP INC.,Lake Orion,MI,114455.11,Year,No,,114455.11,False
Certified,H-1B,Sustainable Engineering Associate,17-2051.00,Civil Engineers,Y,1,"BIG, NFP",Chicago,IL,102669.0,Year,No,,102669.0,False
Certified,H-1B,Intern Architect,17-1011.00,"Architects, Except Landscape and Naval",Y,1,LMN ARCHITECTS LLP,Seattle,WA,35.5,Hour,No,,73840.0,False
Certified,H-1B,Project Engineer I,17-2051.00,Civil Engineers,Y,1,FLATIRON CONSTRUCTION CORP.,Norfolk,VA,108000.0,Year,No,,108000.0,False
Certified,H-1B,Civil Engineer I,17-2051.00,Civil Engineers,Y,0,"MICHAEL BAKER INTERNATIONAL, INC.",Dearborn,MI,78850.0,Year,No,,78850.0,False
Certified,H-1B,Electrical Engineer II,17-2071.00,Electrical Engineers,Y,0,TECHTRONIC CORDLESS GP,Anderson,SC,85904.0,Year,No,,85904.0,False
Certified,H-1B,Data Center Infrastructure Engineer II,17-2051.00,Civil Engineers,Y,0,"AMAZON WEB SERVICES, INC.",Lithia Springs,GA,146100.0,Year,No,,146100.0,False
Certified,H-1B,Research Engineer II,17-2199.03,"Energy Engineers, Except Wind and Solar",Y,0,GEORGIA INSTITUTE OF TECHNOLOGY,Atlanta,GA,105000.0,Year,No,,105000.0,False
Certified,H-1B,Associate Architect,17-1011.00,"Architects, Except Landscape and Naval",Y,0,"LANEY LA, INC.",Hermosa Beach,CA,100000.0,Year,No,,100000.0,True
Certified,H-1B,Civil Engineer I,17-2051.00,Civil Engineers,Y,0,BAKER INGRAM & ASSOCIATES INC,Lancaster,PA,69500.0,Year,No,,69500.0,False
Certified,H-1B,Greenhouse Structural Engineer I,17-2051.00,Civil Engineers,Y,0,ENGINEERING SERVICES & PRODUCTS COMPANY,Dyersville,IA,70000.0,Year,No,,70000.0,False
Certified,H-1B,Design Engineer II,17-2141.00,Mechanical Engineers,Y,1,"GOKEN AMERICA, LLC",Dublin,OH,33.79,Hour,No,,70283.2,False
Certified - Withdrawn,H-1B,Design Associate,17-1011.00,"Architects, Except Landscape and Naval",Y,0,DEKKER/PERICH/SABATINI,Phoenix,AZ,69326.0,Year,No,,69326.0,False
Certified,H-1B,Snr Mechanical Engineer I,17-2141.00,Mechanical Engineers,Y,1,ASM AMERICA INC.,Phoenix,AZ,101504.0,Year,No,,101504.0,False
Certified,H-1B,Data Centre Infrastructure Engineer I,17-2051.00,Civil Engineers,Y,0,"AMAZON DATA SERVICES, INC",Herndon,VA,106240.0,Year,No,,106240.0,False
Certified,H-1B,Electrical Engineer 2,17-2071.00,Electrical Engineers,Y,0,BLACK & VEATCH CORPORATION,Overland Park,KS,89440.0,Year,No,,89440.0,False
Certified,H-1B,MECHANICAL ENGINEER II,17-2141.00,Mechanical Engineers,Y,0,"AUTOMANN, INC.",MONROE TOWNSHIP,NJ,98325.24,Year,No,,98325.24,False
Certified,H-1B,DATA CENTER INFRASTRUCTURE ENGINEER II,17-2051.00,Civil Engineers,Y,0,"AMAZON DATA SERVICES, INC.",AUSTIN,TX,137000.0,Year,No,,137000.0,False
Certified,H-1B,Field Process Engineer II,17-2141.00,Mechanical Engineers,Y,1,ASM AMERICA INC.,Phoenix,AZ,87090.0,Year,No,,87090.0,False
Certified,H-1B,Assistant Research Scientist,19-2041,"Environmental Scientists and Specialists, Including Health",Y,0,UNIVERSITY OF MICHIGAN,Ann Arbor,MI,63710.0,Year,No,,63710.0,False
Certified,H-1B,Research Engineer II,17-2141.00,Mechanical Engineers,Y,0,"CENTER FOR RELIABLE ENERGY SYSTEMS, LLC",Dublin,OH,76000.0,Year,No,,76000.0,False
Certified,H-1B,Associate Wayside & On Board Service Engineer,17-2141.00,Mechanical Engineers,Y,0,HITACHI RAIL HONOLULU JV,Pearl City,HI,98081.5,Year,No,,98081.5,False
Certified,H-1B,Associate,17-1011.00,"Architects, Except Landscape and Naval",Y,1,"KRONBERG URBANISTS ARCHITECTS, LLC",Atlanta,GA,70000.0,Year,No,,70000.0,False
Certified,H-1B,Engineer II,17-2141.00,Mechanical Engineers,Y,0,ELDORADO NATIONAL (CALIFORNIA) INC.,Riverside,CA,95000.0,Year,No,,95000.0,True
Certified,H-1B,Product Development Engineer I,17-2141.00,Mechanical Engineers,Y,1,TENNECO AUTOMOTIVE OPERATING COMPANY INC.,Exton,PA,76000.0,Year,No,,76000.0,False
Certified,H-1B,Engineer in Training II,17-2051.00,Civil Engineers,Y,0,"MODJESKI AND MASTERS, INC.",Mechanicsburg,PA,84100.0,Year,No,,84100.0,False
Certified - Withdrawn,H-1B,Engineer I,17-2051.00,Civil Engineers,Y,1,3 ROCKS ENGINEERING LLC,Canon City,CO,47154.0,Year,No,,47154.0,False
Certified,H-1B,Data Centre Infrastructure Engineer I,17-2051.00,Civil Engineers,Y,0,"AMAZON WEB SERVICES, INC.",DELAWARE,OH,126000.0,Year,No,,126000.0,False
Certified,H-1B,Research Assistant Professor - Mechanical Engineering,25-1052.00,"Chemistry Teachers, Postsecondary",Y,0,SOUTHERN METHODIST UNIVERSITY,Dallas,TX,80000.0,Year,No,,80000.0,False
Certified,H-1B,Engineer II,17-2081.00,Environmental Engineers,Y,1,ENVIRONMENTAL SCIENCE ASSOCIATES,St. Petersburg,FL,80832.75,Year,No,,80832.75,False
Certified,H-1B,Research Assistant Professor,17-2071.00,Electrical Engineers,Y,0,BOARD OF REGENTS OF THE UNIVERSITY OF NEBRASKA,Lincoln,NE,88871.0,Year,No,,88871.0,False
Certified,H-1B,Engineer 2 - Development,17-2199.09,Nanosystems Engineers,Y,0,"ILLUMINA, INC.",San Diego,CA,100000.0,Year,No,,100000.0,True
Certified,H-1B,Electrical Engineer 2,17-2071.00,Electrical Engineers,Y,1,"ASML US, LP",San Diego,CA,84219.0,Year,No,,84219.0,True
Certified,H-1B,Junior Project Engineer,17-2051.00,Civil Engineers,Y,0,NY DEVELOPERS & MANAGEMENT LLC,Brooklyn,NY,120000.0,Year,No,,120000.0,False
Certified,H-1B,Mechanical Engineer II,17-2141.00,Mechanical Engineers,Y,0,NOVINTIX INC.,West Chester,PA,122000.0,Year,No,,122000.0,False
Certified - Withdrawn,H-1B,Transportation Engineering Associate,17-2051.01,Transportation Engineers,Y,0,"DKS ASSOCIATES, INC.",Fort Worth,TX,95201.6,Year,No,,95201.6,False
Certified - Withdrawn,H-1B,Civil Engineer in Training,17-2051.00,Civil Engineers,Y,1,"MOODY ENGINEERING, LLC",Cleveland,OH,68120.0,Year,No,,68120.0,False
Certified,H-1B,Graduate Engineer,17-2051.00,Civil Engineers,Y,0,"ISANI CONSULTANTS, LP",Houston,TX,97000.0,Year,No,,97000.0,False
Certified,H-1B,Project Engineer II,17-2051.00,Civil Engineers,Y,0,JAMES W. FOWLER COMPANY,Edgewood,WA,106642.0,Year,No,,106642.0,False
Certified,H-1B,Engineer II,17-2071.00,Electrical Engineers,Y,0,LIBERTY UTILITIES SERVICE CORP.,Joplin,MO,92016.08,Year,No,,92016.08,False
Certified,H-1B,"Engineer II, Mechanical",17-2141.00,Mechanical Engineers,Y,0,"THERMO FISHER SCIENTIFIC, INC.",Asheville,NC,71594.0,Year,No,,71594.0,False
Certified,H-1B,Roadway/Structural Engineer 1,17-2051.00,Civil Engineers,Y,0,"WHITE HAWK ENGINEERING AND DESIGN, LLC",Allen,TX,47.57,Hour,No,,98945.6,False
Certified,H-1B1 Chile,Associate,17-1011.00,"Architects, Except Landscape and Naval",Y,1,"PRACTICE FOR ARCHITECTURE URBANISM, DPC",New York,NY,75000.0,Year,,,75000.0,False
Certified,H-1B,Controls Engineer II,17-2141.02,Automotive Engineers,Y,0,ZF NORTH AMERICA INC.,Northville,MI,106080.0,Year,No,,106080.0,False
Certified,H-1B,Associate,17-1011.00,"Architects, Except Landscape and Naval",Y,0,"LANEY LA, INC.",Hermosa Beach,CA,100000.0,Year,No,,100000.0,True
Certified,H-1B,"Assistant Professor, Civil, Environmental & Sustainable Eng.",25-1032.00,"Engineering Teachers, Postsecondary",Y,0,PRESIDENT AND BOARD OF TRUSTEES OF SANTA CLARA COLLEGE,Santa Clara,CA,126841.0,Year,No,,126841.0,True
Certified,H-1B,Junior Architect,17-1011.00,"Architects, Except Landscape and Naval",Y,0,"LIM CHANG & ASSOCIATES, INC.",Pasadena,CA,64459.0,Year,No,,64459.0,True
Certified,H-1B,Research Associate - VTTI,17-2141.02,Automotive Engineers,Y,1,VIRGINIA POLYTECHNIC INSTITUTE & STATE UNIVERSITY,Blacksburg,VA,82000.0,Year,No,,82000.0,False
Certified,H-1B,Application Engineer Associate,17-2071.00,Electrical Engineers,Y,0,ADVANTEST AMERICA INC.,San Diego,CA,91000.0,Year,No,,91000.0,True
Certified,H-1B,"Assistant Professor, Mechanical Engineering",25-1032.00,"Engineering Teachers, Postsecondary",Y,0,PRESIDENT AND BOARD OF TRUSTEES OF SANTA CLARA COLLEGE,Santa Clara,CA,127085.0,Year,No,,127085.0,True
Certified,H-1B,Associate Intern,17-1011.00,"Architects, Except Landscape and Naval",Y,0,ARCWEST ARCHITECTS INC.,Denver,CO,32.96,Hour,No,,68556.8,False
Certified - Withdrawn,H-1B,Civil Engineer 2,19-3099.01,Transportation Planners,Y,1,"VANASSE HANGEN BRUSTLIN, INC",Raleigh,NC,81016.0,Year,No,,81016.0,False
Certified,H-1B,Engineer II,17-2199.05,Mechatronics Engineers,Y,0,"TOURGEE & ASSOCIATES, INC.",Walkersville,MD,118000.0,Year,No,,118000.0,False
Certified,H-1B,Electronic Test Engineer II,17-2071.00,Electrical Engineers,Y,0,"RIVIAN AND VW GROUP TECHNOLOGY, LLC",Palo Alto,CA,139000.0,Year,No,,139000.0,True
Certified,H-1B,Project Controls Professional Associate,17-2051.00,Civil Engineers,Y,0,JACOBS ENGINEERING GROUP INC.,CARY,NC,124800.0,Year,No,,124800.0,False
Certified,H-1B,"Controls Engineer 2, VDS",17-2141.00,Mechanical Engineers,Y,0,BENDIX COMMERCIAL VEHICLE SYSTEMS LLC,Avon,OH,104619.0,Year,No,,104619.0,False
Certified,H-1B,Design Engineer II,17-2141.00,Mechanical Engineers,Y,0,"GOKEN AMERICA, LLC",Dublin,OH,33.79,Hour,No,,70283.2,False
Certified,H-1B,Bridge Engineer in Training (EIT),17-2051.00,Civil Engineers,Y,0,"HDR ENGINEERING, INC.",Vienna,VA,104041.6,Year,No,,104041.6,False
Certified,H-1B,Assistant City Engineer,17-2051.00,Civil Engineers,Y,0,CITY OF GREAT BEND,Great Bend,KS,36.23,Hour,No,,75358.4,False
Certified,H-1B,"Associate Consultant, Mechanical Engineer",17-2141.00,Mechanical Engineers,Y,0,WSP USA BUILDINGS INC.,Atlanta,GA,87092.0,Year,No,,87092.0,False
Certified,H-1B,Civil Engineering Graduate- Designer 2,17-2051.00,Civil Engineers,Y,1,IMEG CONSULTANTS CORP.,Billings,MT,69000.0,Year,No,,69000.0,False
Certified,H-1B,Civil Engineering Graduate- Designer 2,17-2051.00,Civil Engineers,Y,1,IMEG CONSULTANTS CORP.,Dallas,TX,87000.0,Year,No,,87000.0,False
Certified,H-1B,Electrical/Hardware Engineer II,17-2071.00,Electrical Engineers,Y,1,HEWLETT PACKARD ENTERPRISE COMPANY,Spring,TX,93267.0,Year,No,,93267.0,False
Certified,H-1B,Mechanical Engineering Graduate- Designer 2,17-2141.00,Mechanical Engineers,Y,1,IMEG CONSULTANTS CORP.,Rochester,NY,68640.0,Year,No,,68640.0,False
Certified,H-1B,Air Quality Engineer II,17-2081.00,Environmental Engineers,Y,1,MARICOPA ASSOCIATION OF GOVERNMENTS,Phoenix,AZ,78083.0,Year,No,,78083.0,False
Certified,H-1B,Field Engineer II,17-2051.00,Civil Engineers,Y,1,SUNDT CONSTRUCTION INC.,McQueeney,TX,75000.0,Year,No,,75000.0,False
Certified,H-1B,"Associate Consultant, Mechanical Engineer",17-2141.00,Mechanical Engineers,Y,0,WSP USA BUILDINGS INC.,Atlanta,GA,87092.2,Year,No,,87092.2,False
Certified,H-1B,DATA CENTER INFRASTRUCTURE ENGINEER II,17-2051.00,Civil Engineers,Y,0,"AMAZON DATA SERVICES, INC.",HERNDON,VA,145000.0,Year,No,,145000.0,False
Certified,H-1B,DATA CENTER INFRASTRUCTURE ENGINEER II,17-2051.00,Civil Engineers,Y,1,"AMAZON DATA SERVICES, INC.",HERNDON,VA,139800.0,Year,No,,139800.0,False
Certified,H-1B,Associate,17-2051.00,Civil Engineers,Y,1,"ARUP US, INC.",New York,NY,140900.0,Year,No,,140900.0,False
Certified,H-1B,Data Center Infrastructure Engineer II,17-2051.00,Civil Engineers,Y,0,"AMAZON DATA SERVICES, INC",Umatilla,OR,137830.0,Year,No,,137830.0,False
Certified,H-1B,Associate - Construction Delay -Civil Engineer,17-2051.00,Civil Engineers,Y,1,SECRETARIAT ADVISORS LLC,Atlanta,GA,90000.0,Year,No,,90000.0,False
Certified,H-1B,- DESIGN ARCHITECTURE PROFESSIONAL ASSOCIATE,17-1011.00,"Architects, Except Landscape and Naval",Y,0,JACOBS ENGINEERING GROUP INC.,PHILADELPHIA,PA,94162.0,Year,No,,94162.0,False
Certified,H-1B,Graduate Engineer,17-2051.00,Civil Engineers,Y,1,"ARUP US, INC.",New York,NY,81000.0,Year,No,,81000.0,False
Certified,H-1B,Architecture Associate,17-1011.00,"Architects, Except Landscape and Naval",Y,1,"NADIA PALACIOS RESIDENTIAL DESIGN, LLC",Houston,TX,58261.0,Year,No,,58261.0,False
Certified,H-1B,Design Engineer II,17-2071.00,Electrical Engineers,Y,0,HUTEC ENGINEERING INC,Philadelphia,PA,117000.0,Year,No,,117000.0,False
Certified,H-1B,Electrical Engineer II,17-2071.00,Electrical Engineers,Y,0,COVIDIEN LP,North Haven,CT,93163.0,Year,No,,93163.0,False
Certified,H-1B,Graduate Engineer,17-2051.00,Civil Engineers,Y,1,"ARUP US, INC.",San Francisco,CA,86528.0,Year,No,,86528.0,True
Certified,H-1B,Civil Engineer I,17-2051.00,Civil Engineers,Y,0,"MICHAEL BAKER INTERNATIONAL, INC.",Virginia Beach,VA,76190.0,Year,No,,76190.0,False
Certified,H-1B,Associate - Construction Delay-Civil Engineer,17-2051.00,Civil Engineers,Y,1,SECRETARIAT ADVISORS LLC,Atlanta,GA,95000.0,Year,No,,95000.0,False
Certified,H-1B,Mechanical Engineer II,17-2141.00,Mechanical Engineers,Y,0,SORTERA TECHNOLOGIES INC.,Markle,IN,73070.0,Year,No,,73070.0,False
Certified,H-1B,Associate - Construction Delay- Civil Engineer,17-2051.00,Civil Engineers,Y,1,SECRETARIAT ADVISORS LLC,El Segundo,CA,92500.0,Year,No,,92500.0,True
Certified,H-1B,Technology Specialist I,17-2141.00,Mechanical Engineers,Y,0,HLI SOLUTIONS INC.,Greenville,SC,103085.0,Year,No,,103085.0,False
Certified,H-1B,Civil Engineer II,17-2051.00,Civil Engineers,Y,0,"MICHAEL BAKER INTERNATIONAL, INC.",Baton Rouge,LA,98000.0,Year,No,,98000.0,False
Certified - Withdrawn,H-1B,Design Engineer II - KBGFJG211111-1,17-2141.00,Mechanical Engineers,Y,0,"MOLEX, LLC",Rochester Hills,MI,90000.0,Year,No,,90000.0,False
Certified,H-1B,Assistant Design Engineer,17-2051.00,Civil Engineers,Y,1,"JOSEPH C. LU ENGINEERING, P.C.",Buffalo,NY,79040.0,Year,No,,79040.0,False
Certified,H-1B,Engineer I,17-2141.00,Mechanical Engineers,Y,0,"SAMSUNG AUSTIN SEMICONDUCTOR, LLC.",Austin,TX,89419.0,Year,No,,89419.0,False
Certified,H-1B,Air Quality Engineer I -TAO,17-2081.00,Environmental Engineers,Y,1,SOUTH COAST AIR QUALITY MANAGEMENT DISTRICT,Diamond Bar,CA,99195.72,Year,No,,99195.72,True
Certified,H-1B,Mechanical Engineer II,17-2141.00,Mechanical Engineers,Y,0,SETTY & ASSOCIATES INTERNATIONAL PLLC,Atlanta,GA,115500.0,Year,No,,115500.0,False
Certified,H-1B,Engineer I/Design Engineer,17-2141.00,Mechanical Engineers,Y,0,PROGRESS RAIL SERVICES CORPORATION,Cleveland,OH,83600.0,Year,No,,83600.0,False
Certified,H-1B,Engineer II,17-2141.00,Mechanical Engineers,Y,0,"SAMSUNG AUSTIN SEMICONDUCTOR, LLC.",Austin,TX,95000.0,Year,No,,95000.0,False
Certified,H-1B,Air Quality Engineer II,17-2081.00,Environmental Engineers,Y,1,SOUTH COAST AIR QUALITY MANAGEMENT DISTRICT,Diamond Bar,CA,116961.52,Year,No,,116961.52,True
Certified,H-1B,Scientist I,17-2051.01,Transportation Engineers,Y,0,UNIVERSITY OF WISCONSIN SYSTEM,Madison,WI,91031.0,Year,No,,91031.0,False
Certified,H-1B,Electric Generation System Specialist I,17-2081.00,Environmental Engineers,Y,1,CALIFORNIA ENERGY COMMISSION,Sacramento,CA,8721.0,Month,No,,104652.0,True
Certified,H-1B,Engineer II,17-2141.00,Mechanical Engineers,Y,0,RESOURCE INNOVATIONS INC.,Hinsdale,IL,83103.02,Year,No,,83103.02,False
Certified,H-1B,Data Center Infrastructure Engineer II,17-2051.00,Civil Engineers,Y,0,"AMAZON DATA SERVICES, INC",Herndon,VA,145000.0,Year,No,,145000.0,False
Certified,H-1B,Data Center Infrastructure Engineer II,17-2051.00,Civil Engineers,Y,0,"AMAZON DATA SERVICES, INC",Austin,TX,137000.0,Year,No,,137000.0,False
Certified,H-1B,Hardware Associate Engineering,17-2141.00,Mechanical Engineers,Y,1,APPLE INC.,San Diego,CA,129600.0,Year,No,,129600.0,True
Certified,H-1B,"Associate, China Program",19-2041.01,Climate Change Policy Analysts,Y,1,REGULATORY ASSISTANCE PROJECT,San Diego,CA,78989.25,Year,No,,78989.25,True
Certified,H-1B,Assistant Professor of Mechanical Engineering,25-1032.00,"Engineering Teachers, Postsecondary",Y,1,KING'S COLLEGE,Wilkes-Barre,PA,87000.0,Year,No,,87000.0,False
Certified,H-1B,Assistant Professor of Civil Engineering,25-1032.00,"Engineering Teachers, Postsecondary",Y,0,CEDARVILLE UNIVERSITY,CEDARVILLE,OH,76915.0,Year,No,,76915.0,False
Certified,H-1B,Structural Engineer II,17-2051.00,Civil Engineers,Y,0,UZUN AND CASE LLC,Atlanta,GA,76502.0,Year,No,,76502.0,False
Certified,H-1B,Architectural Intern,17-1011.00,"Architects, Except Landscape and Naval",Y,1,"LORD AECK SARGENT PLANNING & DESIGN, INC.",Atlanta,GA,65000.0,Year,No,,65000.0,False
Certified,H-1B,Systems Application Engineer II,17-2199.05,Mechatronics Engineers,Y,0,SICK INC.,Troy,MI,110000.0,Year,No,,110000.0,False
Certified - Withdrawn,H-1B,Civil/Structural EIT,17-2051.00,Civil Engineers,Y,1,"STRAND SYSTEMS ENGINEERING, INC.",Dallas,TX,62712.0,Year,No,,62712.0,False
Certified,H-1B,Associate Engineer,17-2051.00,Civil Engineers,Y,0,PK ASSOCIATES LLC,Scottsdale,AZ,120000.0,Year,No,,120000.0,False
Certified,H-1B,Applications Engineer II - KBGFJG176695-3,17-2141.00,Mechanical Engineers,Y,0,DOVER PUMPS & PROCESS SOLUTIONS SEGMENT INC.,Rock Island,IL,97000.02,Year,No,,97000.02,False
Certified,H-1B,Research Scientist II,17-2141.00,Mechanical Engineers,Y,1,AMAZON.COM SERVICES LLC,Sunnyvale,CA,177300.0,Year,No,,177300.0,True
Certified,H-1B,PROJECT ENGINEER I,17-2071.00,Electrical Engineers,Y,1,"NATIONAL GRID RENEWABLES DEVELOPMENT, LLC",BLOOMINGTON,MN,95790.0,Year,No,,95790.0,False
Certified,H-1B,"ASSOCIATE ENGINEER, TRANSMISSION PLANNING",17-2071.00,Electrical Engineers,Y,1,"NATIONAL GRID USA SERVICE COMPANY, INC.",WALTHAM,MA,100000.0,Year,No,,100000.0,False
Certified,H-1B,Completions Technical Specialist I,17-2141.00,Mechanical Engineers,Y,1,GULFSTREAM AEROSPACE CORPORATION,SAvannah,GA,123320.0,Year,No,,123320.0,False
Certified,H-1B,Engineer II (Trans),17-2071.00,Electrical Engineers,Y,0,"ENTERGY SERVICES, LLC",The Woodlands,TX,83600.0,Year,No,,83600.0,False
Certified,H-1B,Engineer I,17-2141.00,Mechanical Engineers,Y,0,"SAMSUNG AUSTIN SEMICONDUCTOR, LLC.",Austin,TX,78951.0,Year,No,,78951.0,False
Certified,H-1B,Research Assistant Professor - Mechanical Engineering,25-1032.00,"Engineering Teachers, Postsecondary",Y,1,SOUTHERN METHODIST UNIVERSITY,Dallas,TX,80000.0,Year,No,,80000.0,False
Certified,H-1B,Design Engineer II - KBGFJG223990-3,17-2141.00,Mechanical Engineers,Y,1,"MOLEX, LLC",Rochester Hills,MI,90000.0,Year,No,,90000.0,False
Certified,H-1B,Assistant Research Professor,17-2081.00,Environmental Engineers,N,0,UNIVERSITY OF CONNECTICUT,Storrs,CT,48.71,Hour,No,,101316.8,False
Certified,H-1B,Research Assistant Professor - Mechanical Engineering,25-1052.00,"Chemistry Teachers, Postsecondary",Y,1,SOUTHERN METHODIST UNIVERSITY,Dallas,TX,80000.0,Year,No,,80000.0,False
Certified,H-1B,PROJECT ENGINEER II - ENGINER CALIBRATION,17-2141.00,Mechanical Engineers,Y,0,"AVL MOBILITY TECHNOLOGIES, INC.",PLYMOUTH,MI,100000.0,Year,No,,100000.0,False
Certified,H-1B,Associate Professor of Mechanical Engineering,25-1032.00,"Engineering Teachers, Postsecondary",Y,0,SAGINAW VALLEY STATE UNIVERSITY,University Center,MI,102460.0,Year,No,,102460.0,False
Certified,H-1B,Electronics Engineer II,17-2071.00,Electrical Engineers,Y,0,"NORTH AMERICAN LIGHTING, INC.",Farmington Hills,MI,106800.0,Year,No,,106800.0,False
Certified,H-1B,Research Assistant Professor,17-2071.00,Electrical Engineers,Y,0,BOARD OF REGENTS OF THE UNIVERSITY OF NEBRASKA,Lincoln,NE,88870.0,Year,No,,88870.0,False
Certified,H-1B,Engineer II,17-2141.00,Mechanical Engineers,Y,1,GULFSTREAM AEROSPACE CORPORATION,Savannah,GA,86000.0,Year,No,,86000.0,False
Certified,H-1B,Engineer II,17-2141.00,Mechanical Engineers,Y,1,GULFSTREAM AEROSPACE CORPORATION,Savannah,GA,86500.0,Year,No,,86500.0,False
Certified,H-1B,Engineer I,17-2141.00,Mechanical Engineers,Y,1,GULFSTREAM AEROSPACE CORPORATION,Savannah,GA,78491.0,Year,No,,78491.0,False
Certified,H-1B,Mechanical Engineer II,17-2141.00,Mechanical Engineers,Y,0,SETTY & ASSOCIATES INTERNATIONAL PLLC,Atlanta,GA,115500.0,Year,No,,115500.0,False
Certified,H-1B,Engineer II,17-2141.00,Mechanical Engineers,Y,1,GULFSTREAM AEROSPACE CORPORATION,Savannah,GA,92700.0,Year,No,,92700.0,False
Certified,H-1B,Engineer II,17-2141.00,Mechanical Engineers,Y,1,GULFSTREAM AEROSPACE CORPORATION,Savannah,GA,92000.0,Year,No,,92000.0,False
Certified,H-1B,Engineer I,17-2141.00,Mechanical Engineers,Y,1,GULFSTREAM AEROSPACE CORPORATION,Savannah,GA,73549.0,Year,No,,73549.0,False
Certified,H-1B,Engineer II,17-2141.00,Mechanical Engineers,Y,1,GULFSTREAM AEROSPACE CORPORATION,Savannah,GA,90340.0,Year,No,,90340.0,False
Certified,H-1B,Construction Engineer I,17-2051.00,Civil Engineers,Y,0,"FLUOR ENTERPRISES, INC.",Houston,TX,85031.0,Year,No,,85031.0,False
Certified,H-1B,Graduate Engineer II - Diagnostics,17-2051.00,Civil Engineers,Y,0,"WALTER P. MOORE & ASSOCIATES, INC.",Orlando,FL,86000.2,Year,No,,86000.2,False
Certified,H-1B,Engineer II,17-2141.00,Mechanical Engineers,Y,1,GULFSTREAM AEROSPACE CORPORATION,SAvannah,GA,87688.0,Year,No,,87688.0,False
Certified,H-1B,Engineer II,17-2141.00,Mechanical Engineers,Y,1,GULFSTREAM AEROSPACE CORPORATION,Savannah,GA,85000.0,Year,No,,85000.0,False
Certified,H-1B,Facilities Engineer 2,17-2112.00,Industrial Engineers,Y,0,"MICRON TECHNOLOGY, INC.",Boise,ID,108000.0,Year,No,,108000.0,False
Certified,H-1B,Engineer II,17-2141.00,Mechanical Engineers,Y,1,GULFSTREAM AEROSPACE CORPORATION,Savannah,GA,92000.0,Year,No,,92000.0,False
Certified,H-1B,Associate Mechanical Design Engineer,17-2141.00,Mechanical Engineers,Y,1,"MAINSPRING ENERGY, INC.",Menlo Park,CA,95172.0,Year,No,,95172.0,True
Certified,H-1B,Associate Process Engineer,17-2141.00,Mechanical Engineers,Y,1,"TESLA, INC.",Austin,TX,99320.73,Year,No,,99320.73,False
Certified,H-1B,Automation Engineer II,17-2071.00,Electrical Engineers,Y,0,"LUCID USA, INC.",Casa Grande,AZ,94411.0,Year,No,,94411.0,False
Certified,H-1B,Research Associate,19-2041.00,"Environmental Scientists and Specialists, Including Health",Y,1,HARVARD UNIVERSITY,Boston,MA,75000.0,Year,No,,75000.0,False
Certified,H-1B,Research Associate (Civil Engineers),17-2053.00,"Civil Engineers, R&D",Y,1,UNIVERSITY OF COLORADO,Boulder,CO,120000.0,Year,No,,120000.0,False
Certified,H-1B,Energy Solar Research Associate,17-2199.11,Solar Energy Systems Engineers,Y,1,BLOOMBERG L.P.,New York,NY,92186.0,Year,No,,92186.0,False
Certified,H-1B,Associate Controls Engineer,17-3023.00,Electrical and Electronic Engineering Technologists and Technicians,Y,1,PIGLER AUTOMATION LLC,Buffalo,NY,57000.0,Year,No,,57000.0,False
Certified,H-1B,Associate Process Engineer,17-2141.00,Mechanical Engineers,Y,1,"TESLA, INC.",Manor,TX,99320.73,Year,No,,99320.73,False
Certified,H-1B,Desgin Engineer II,17-2141.00,Mechanical Engineers,Y,0,"NORTH AMERICAN LIGHTING, INC.",Farmington Hills,MI,94550.0,Year,No,,94550.0,False
Certified,H-1B,"Research Associate, Environmental Science",19-2041.00,"Environmental Scientists and Specialists, Including Health",Y,0,UNIVERSITY OF COLORADO,Boulder,CO,82800.0,Year,No,,82800.0,False
Certified,H-1B,Process Engineer II,17-2141.00,Mechanical Engineers,Y,0,"SENSATA TECHNOLOGIES, INC.",Attleboro,MA,102110.52,Year,No,,102110.52,False
Certified,H-1B,Engineer I,17-2071.00,Electrical Engineers,Y,1,BARTHOLOMEW COUNTY RURAL ELECTRIC MEMBERSHIP CORPORATION,Columbus,IN,73050.0,Year,No,,73050.0,False
Certified,H-1B,Associate Shift Engineer,17-2141.00,Mechanical Engineers,Y,1,"TESLA, INC.",Houston,TX,96041.0,Year,No,,96041.0,False
Certified,H-1B,Assistant Design Engineer,17-2051.00,Civil Engineers,Y,0,"JOSEPH C. LU ENGINEERING, P.C.",Buffalo,NY,79040.0,Year,No,,79040.0,False
Certified,H-1B,Engineer II,17-2141.00,Mechanical Engineers,Y,0,"TECHNOTHERM, LLC",Tulsa,OK,85987.0,Year,No,,85987.0,False
Certified,H-1B,Data Centre Infrastructure Engineer I,17-2071.00,Electrical Engineers,Y,0,"AMAZON DATA SERVICES, INC.",Herndon,VA,134900.0,Year,No,,134900.0,False
Certified,H-1B,INTERDISCIPLINARY SYSTEM ENGINEER II,17-2199.08,Robotics Engineers,Y,0,AMAZON.COM SERVICES LLC,SEATTLE,WA,129200.0,Year,No,,129200.0,False
Certified,H-1B,Assistant Professor of Civil Engineering,25-1032.00,"Engineering Teachers, Postsecondary",Y,0,LIBERTY UNIVERSITY INC.,Lynchburg,VA,143836.0,Year,No,,143836.0,False
Certified,H-1B,Engineer I/Design Engineer,17-2141.00,Mechanical Engineers,Y,0,PROGRESS RAIL SERVICES CORPORATION,Cleveland,OH,83600.0,Year,No,,83600.0,False
Certified,H-1B,Associate Shift Engineer,17-2141.00,Mechanical Engineers,Y,1,"TESLA, INC.",Austin,TX,96041.0,Year,No,,96041.0,False
Certified,H-1B,DATA CENTER INFRASTRUCTURE ENGINEER II,17-2051.00,Civil Engineers,Y,0,"AMAZON DATA SERVICES, INC.",HERNDON,VA,150000.0,Year,No,,150000.0,False
Certified,H-1B,Engineer II,17-2141.00,Mechanical Engineers,Y,1,"ADVANCED COOLING TECHNOLOGIES, INC",Lancaster,PA,80000.0,Year,No,,80000.0,False
Certified,H-1B,Application Engineer II,17-2141.00,Mechanical Engineers,Y,0,"ANSYS, INC.",Manchester,NH,83304.0,Year,No,,83304.0,False
Certified - Withdrawn,H-1B,Architectural Designer 3 (Architectural Intern),17-1011.00,"Architects, Except Landscape and Naval",Y,1,ZIMMER GUNSUL FRASCA ARCHITECTS LLP,New York,NY,85587.5,Year,No,,85587.5,False
Certified,H-1B,Data Center Infrastructure Engineer II,17-2051.00,Civil Engineers,Y,0,"AMAZON DATA SERVICES, INC",Santa Clara,CA,145100.0,Year,No,,145100.0,True
Certified,H-1B,Graduate Engineer,17-2051.00,Civil Engineers,Y,0,"HAGOOD ENGINEERING ASSOCIATES, INC.",Round Rock,TX,64979.0,Year,No,,64979.0,False
Certified,H-1B,Assistant in Research,17-2141.00,Mechanical Engineers,Y,1,THE FLORIDA STATE UNIVERSITY,Tallahassee,FL,75000.0,Year,No,,75000.0,False
Certified,H-1B,Associate Architectural Designer,17-1011.00,"Architects, Except Landscape and Naval",N,0,"JONES LANG LASALLE AMERICAS, INC.",New York,NY,113000.0,Year,No,,113000.0,False
Certified - Withdrawn,H-1B,Research Associate (Environmental Scientist),19-2041.00,"Environmental Scientists and Specialists, Including Health",Y,1,UNIVERSITY OF COLORADO,Boulder,CO,75705.0,Year,No,,75705.0,False
Certified,H-1B,Electrical Engineer II,17-2071.00,Electrical Engineers,Y,0,"ELM FIELDSIGHT, LLC D.B.A. ELM MICROGRID",The Colony,TX,114093.0,Year,No,,114093.0,False
Certified,H-1B,Associate Professor of Civil Engineering,25-1032.00,"Engineering Teachers, Postsecondary",Y,0,STATE UNIVERSITY OF NEW YORK AT CANTON,Canton,NY,95737.0,Year,No,,95737.0,False
Certified,H-1B,Electrical Engineer II,17-2071.00,Electrical Engineers,Y,0,TOYOTA MATERIAL HANDLING INC.,Columbus,IN,100986.0,Year,No,,100986.0,False
Certified,H-1B,Healthcare Planner Associate,17-1011.00,"Architects, Except Landscape and Naval",Y,0,HMC ARCHITECTS,San Francisco,CA,111114.0,Year,No,,111114.0,True
Certified,H-1B,Engineer II,17-2141.00,Mechanical Engineers,Y,0,"TECHNOTHERM, LLC",Tulsa,OK,85987.0,Year,No,,85987.0,False
Certified,H-1B,TECHNICAL OPERATIONS ENGINEER I,17-2071.00,Electrical Engineers,Y,0,"AMAZON DATA SERVICES, INC.",HERNDON,VA,122200.0,Year,No,,122200.0,False
Certified,H-1B,Assistant Specialist,19-2041.03,Industrial Ecologists,Y,1,"UNIVERSITY OF CALIFORNIA, SANTA CRUZ",Santa Cruz,CA,65000.0,Year,No,,65000.0,True
Certified,H-1B,"Engineer 1, EDP",17-2141.00,Mechanical Engineers,Y,0,BENDIX COMMERCIAL VEHICLE SYSTEMS LLC,Lisle,IL,89871.0,Year,No,,89871.0,False
Certified,H-1B,Assistant Engineer II,17-2081.00,Environmental Engineers,Y,0,"HAZEN AND SAWYER, D.P.C.",New York,NY,92539.0,Year,No,,92539.0,False
Certified,H-1B,Civil Engineer 2,17-2051.00,Civil Engineers,Y,0,TRANSYSTEMS CORPORATION,Baltimore,MD,99840.0,Year,No,,99840.0,False
Certified,H-1B,Associate Wayside & On Board Service Engineer,17-2071.00,Electrical Engineers,Y,0,HITACHI RAIL HONOLULU JV,Pearl City,HI,98081.5,Year,No,,98081.5,False
Certified,H-1B,R&D Engineer I,17-2071.00,Electrical Engineers,Y,1,NEW YORK POWER AUTHORITY,White Plains,NY,110000.0,Year,No,,110000.0,False
Certified,H-1B,Engineer II - Architecture,17-2141.00,Mechanical Engineers,Y,0,"AFFILIATED ENGINEERS METRO DC, INC.",Rockville,MD,90000.0,Year,No,,90000.0,False
Certified,H-1B,Electrical Engineer II,17-2071.00,Electrical Engineers,Y,0,"INTELLIGRATED SYSTEMS, LLC",Mason,OH,85698.0,Year,No,,85698.0,False
Certified,H-1B,Research Associate,17-2141.00,Mechanical Engineers,Y,1,THE UNIVERSITY OF TEXAS AT DALLAS,Richardson,TX,60000.0,Year,No,,60000.0,False
Certified,H-1B,Project Engineer II,17-2141.00,Mechanical Engineers,N,0,"HIGHLY MARELLI USA, INC.",Farmington Hills,MI,42.11,Hour,No,,87588.8,False
Certified,H-1B,Associate,17-2051.00,Civil Engineers,Y,0,"EXPONENT, INC.",Natick,MA,100000.0,Year,No,,100000.0,False
Certified,H-1B,Assistant Research Professor (Environmental Engineers),17-2081.00,Environmental Engineers,Y,1,UNIVERSITY OF COLORADO,Boulder,CO,140400.0,Year,No,,140400.0,False
Certified,H-1B,Data Centre Infrastructure Engineer I,17-2071.00,Electrical Engineers,Y,0,"AMAZON DATA SERVICES, INC.",Columbus,OH,132500.0,Year,No,,132500.0,False
Certified - Withdrawn,H-1B,Structural EIT,17-2051.00,Civil Engineers,Y,1,STANTEC CONSULTING SERVICES INC.,Pasadena,CA,92435.2,Year,No,,92435.2,True
Certified,H-1B,Architectural Designer (Architectural Intern),17-1011.00,"Architects, Except Landscape and Naval",Y,0,ZIMMER GUNSUL FRASCA ARCHITECTS LLP,Portland,OR,81103.12,Year,No,,81103.12,False
Certified,H-1B,Jr MEP Property Condition Assessor,17-2141.00,Mechanical Engineers,Y,1,"CBRE, INC.",New York,NY,75000.0,Year,No,,75000.0,False
Certified,H-1B,Project Engineer I,17-2051.00,Civil Engineers,Y,0,"LPA, INC.",Irvine,CA,115000.0,Year,No,,115000.0,True
Certified,H-1B,"Robotics Engineer II, Hardware, Mechatronics",17-2141.00,Mechanical Engineers,Y,0,"DEXTERITY, INC.",Redwood City,CA,118810.0,Year,No,,118810.0,True
Certified,H-1B,Engineer 1 (Unlicensed),17-2051.01,Transportation Engineers,Y,0,GRESHAM SMITH,Atlanta,GA,68000.0,Year,No,,68000.0,False
Certified,H-1B,Engineering Intern - Drainage Design,17-2051.00,Civil Engineers,Y,0,"AIM ENGINEERING & SURVEYING, INC.",Orlando,FL,72800.0,Year,No,,72800.0,False
Certified,H-1B,Facilities Engineer 2,17-2112.00,Industrial Engineers,Y,0,"MICRON TECHNOLOGY, INC.",Boise,ID,97301.0,Year,No,,97301.0,False
Certified,H-1B,Mechanical Engineer II,17-2141.00,Mechanical Engineers,Y,0,"CELTIC ENGINEERING, INC.",Windermere,FL,110000.0,Year,No,,110000.0,False
Certified,H-1B,Assistant Project Engineer,17-2051.00,Civil Engineers,Y,1,CANY ARCHITECTURE ENGINEERING DPC,New York,NY,90000.0,Year,No,,90000.0,False
Certified,H-1B,Professional Engineer II,17-2051.00,Civil Engineers,Y,0,"THE STATE OF NEBRASKA, DEPARTMENT OF TRANSPORTATION",Lincoln,NE,47.67,Hour,No,,99153.6,False
Certified,H-1B,Completions Technicial Specialist II,17-2141.00,Mechanical Engineers,Y,0,GULFSTREAM AEROSPACE SERVICES CORPORATION,Appleton,WI,138269.0,Year,No,,138269.0,False
Certified,H-1B,Research Associate/Research Assoc“Dispersion Model Developer,19-2041.00,"Environmental Scientists and Specialists, Including Health",Y,1,UNIVERSITY OF NORTH CAROLINA AT CHAPEL HILL,Chapel Hill,NC,82161.0,Year,No,,82161.0,False
Certified,H-1B,Junior Architectural Designer,17-1011.00,"Architects, Except Landscape and Naval",Y,0,MATTHEW GUERRERO DESIGN & ARCHITECTURE INC.,Woodland Hills,CA,64500.0,Year,No,,64500.0,True
Certified,H-1B,Engineer II,17-2051.00,Civil Engineers,Y,0,AIR WORLDWIDE CORPORATION,Boston,MA,112709.89,Year,No,,112709.89,False
Certified,H-1B,Transmission Line Engineer EIT,17-2051.00,Civil Engineers,Y,0,STANTEC CONSULTING SERVICES INC.,San Diego,CA,103958.4,Year,No,,103958.4,True
Certified,H-1B,"Assistant Professor, Civil Engineering",25-1032.00,"Engineering Teachers, Postsecondary",Y,1,GONZAGA UNIVERSITY,Spokane,WA,84292.0,Year,No,,84292.0,False
Certified,H-1B,Professional Engineer II,17-2051.01,Transportation Engineers,Y,0,"TREKK DESIGN GROUP, LLC",Fenton,MO,106875.0,Year,No,,106875.0,False
Certified,H-1B,"Research Associate, Environmental Scientists",19-2041.00,"Environmental Scientists and Specialists, Including Health",Y,1,UNIVERSITY OF COLORADO,Boulder,CO,80018.04,Year,No,,80018.04,False
Certified,H-1B,Junior Architectural Designer,17-1011.00,"Architects, Except Landscape and Naval",Y,0,MATTHEW GUERRERO DESIGN & ARCHITECTURE INC.,Woodland Hills,CA,64500.0,Year,No,,64500.0,True
Certified,H-1B,Assistant Research Scientist,17-2199.00,"Engineers, All Other",Y,1,TEXAS A&M TRANSPORTATION INSTITUTE,Bryan,TX,91492.56,Year,No,,91492.56,False
Certified,H-1B,ASSISTANT CIVIL ENGINEER,17-2051.00,Civil Engineers,Y,0,"APPLIED HYDROGEOLOGIC CONSULTANTS, INC.",EL CAJON,CA,101000.0,Year,No,,101000.0,True
Certified - Withdrawn,H-1B,Engineer II,17-2141.00,Mechanical Engineers,Y,0,LEAR CORPORATION,Southfield,MI,98813.0,Year,No,,98813.0,False
Certified,H-1B,Junior Electrical Design Engineer,17-2071.00,Electrical Engineers,Y,0,"ENGINEERING CONSULTANTS, INC",Boise,ID,87720.0,Year,No,,87720.0,False
Certified,H-1B,Professional Research Assistant (Mechanical Engineer),17-2141.00,Mechanical Engineers,Y,0,UNIVERSITY OF COLORADO,Boulder,CO,104000.0,Year,No,,104000.0,False
Certified,H-1B1 Chile,Associate Architect,17-1011.00,"Architects, Except Landscape and Naval",Y,1,"PRACTICE FOR ARCHITECTURE URBANISM, DPC",New York,NY,75000.0,Year,,,75000.0,False
Certified,H-1B,Assistant Project Scientist,17-2051.00,Civil Engineers,Y,1,"UNIVERSITY OF CALIFORNIA, DAVIS",Davis,CA,78000.0,Year,No,,78000.0,True
Certified,H-1B,Engineer in Training II,17-2051.00,Civil Engineers,Y,0,"MODJESKI AND MASTERS, INC.",Raleigh,NC,84000.0,Year,No,,84000.0,False
Certified,H-1B,Junior Architectural Designer,17-1011.00,"Architects, Except Landscape and Naval",Y,1,S9 ARCHITECTURE & ENGINEERING DPC,New York,NY,70000.0,Year,No,,70000.0,False
Certified - Withdrawn,H-1B,Graduate Consultant,17-2141.00,Mechanical Engineers,Y,1,"ARUP US, INC.",San Francisco,CA,91770.0,Year,No,,91770.0,True
Certified - Withdrawn,H-1B,Graduate Risk and Resilience Engineer,17-2051.00,Civil Engineers,Y,1,"ARUP US, INC.",San Francisco,CA,83533.0,Year,No,,83533.0,True
Certified - Withdrawn,H-1B,Graduate Analyst,17-2051.00,Civil Engineers,Y,1,"ARUP US, INC.",San Francisco,CA,83533.0,Year,No,,83533.0,True
Certified,H-1B,Engineer II,17-2141.00,Mechanical Engineers,Y,1,ADVANCED COOLING TECHNOLOGIES,Lancaster,PA,82000.0,Year,No,,82000.0,False
Certified,H-1B,Civil Engineer I,17-2051.00,Civil Engineers,Y,0,"APS CONSULTING, INC.",Chicago,IL,93912.0,Year,No,,93912.0,False
Certified,H-1B,Machine Test Engineer 2,17-2141.00,Mechanical Engineers,Y,1,HAAS AUTOMATION,Oxnard,CA,44.0,Hour,No,,91520.0,True
Certified,H-1B,"Research Associate, Environmental Science",19-2041.00,"Environmental Scientists and Specialists, Including Health",Y,0,UNIVERSITY OF COLORADO,Boulder,CO,80018.04,Year,No,,80018.04,False
Certified,H-1B,Assistant Professor of Civil & Environmental Engineering,25-1032.00,"Engineering Teachers, Postsecondary",Y,1,"CALIFORNIA STATE UNIVERSITY, FULLERTON",Fullerton,CA,100728.0,Year,No,,100728.0,True
Certified,H-1B,Civil Associate II,17-2051.00,Civil Engineers,Y,0,PROMILES SOFTWARE DEVELOPMENT CORPORATION,Moon Township,PA,44.49,Hour,No,,92539.2,False
Certified,H-1B,Associate,17-2141.00,Mechanical Engineers,Y,1,"DESRI PROJECT MANAGEMENT SERVICES, LLC",New York,NY,135000.0,Year,No,,135000.0,False
Certified - Withdrawn,H-1B,Plumbing Engineer II,17-2141.00,Mechanical Engineers,Y,0,"SMITH SECKMAN REID, INC.",Dallas,TX,103792.0,Year,No,,103792.0,False
Certified - Withdrawn,H-1B,Plumbing Engineer II,17-2141.00,Mechanical Engineers,Y,0,"SMITH SECKMAN REID, INC.",Tampa,FL,109741.0,Year,No,,109741.0,False
Certified - Withdrawn,H-1B,Bridge Engineer in Training (EIT),17-2051.00,Civil Engineers,Y,0,"HDR ENGINEERING, INC.",Walnut Creek,CA,105019.2,Year,No,,105019.2,True
Certified - Withdrawn,H-1B,Associate Electrical Engineer,17-2071.00,Electrical Engineers,Y,1,ROYAL APPLIANCE MFG. CO.,Charlotte,NC,71750.0,Year,No,,71750.0,False
Certified,H-1B,Assistant Professor of Mechanical Engineering,25-1032.00,"Engineering Teachers, Postsecondary",Y,1,COLUMBIA UNIVERSITY,New York,NY,135000.0,Year,No,,135000.0,False
Certified,H-1B,Assistant Professor - Civil Engineering,25-1032.00,"Engineering Teachers, Postsecondary",Y,0,TRINE UNIVERSITY,Angola,IN,86520.0,Year,No,,86520.0,False
Certified,H-1B,Associate Architect,17-1011.00,"Architects, Except Landscape and Naval",Y,1,"J.M. ROBERTSON, INC.",Tamuning,GU,65000.0,Year,No,,65000.0,False
Certified,H-1B,Data Center Infrastructure Engineer II,17-2051.00,Civil Engineers,Y,0,"AMAZON DATA SERVICES, INC",Atlanta,GA,143800.0,Year,No,,143800.0,False
Certified,H-1B,Research Engineer II,17-2199.00,"Engineers, All Other",Y,0,MISSISSIPPI STATE UNIVERSITY,Starkville,MS,88504.0,Year,No,,88504.0,False
Certified,H-1B,Electrical/Hardware Engineer I,17-2071.00,Electrical Engineers,Y,1,HEWLETT PACKARD ENTERPRISE COMPANY,Spring,TX,71490.0,Year,No,,71490.0,False
Certified,H-1B,Junior Interior Architect,17-1011.00,"Architects, Except Landscape and Naval",Y,0,THE PRESTIGE GROUP OF CRAFTSMEN LLC,New York,NY,100000.0,Year,No,,100000.0,False
Certified,H-1B,Design Engineer II,17-2141.00,Mechanical Engineers,Y,1,"NORTH AMERICAN LIGHTING, INC.",Farmington Hills,MI,94249.0,Year,No,,94249.0,False
Certified,H-1B,Manufacturing Associate,17-2199.05,Mechatronics Engineers,Y,0,VASTEK INC.,Harmans,MD,34.0,Hour,No,,70720.0,False
Certified,H-1B,ENVIRONMENTAL ENGINEERING PROFESSIONAL ASSOCIATE,17-2081.00,Environmental Engineers,Y,0,JACOBS ENGINEERING GROUP INC.,ATLANTA,GA,126313.2,Year,No,,126313.2,False
Certified,H-1B,Engineer in Training (Civil Engineer),17-2051.00,Civil Engineers,Y,0,LONE STAR GREEN HOMES LLC,Plano,TX,110000.0,Year,No,,110000.0,False
Certified,H-1B,ASSOCIATE BRIDGE ENGINEER,17-2051.00,Civil Engineers,Y,0,CH2M HILL INC.,Atlanta,GA,144352.0,Year,No,,144352.0,False
Certified,H-1B,Assistant/Project Engineer,17-2051.00,Civil Engineers,Y,0,"ARDAMAN & ASSOCIATES, INC.",Orlando,FL,112000.0,Year,No,,112000.0,False
Certified,H-1B,Intern Architect,17-1011.00,"Architects, Except Landscape and Naval",Y,0,"LATHAN ASSOCIATES-ARCHITECTS, P.C.",Hoover,AL,28.85,Hour,No,,60008.0,False
Certified,H-1B,Civil Engineer II,17-2051.00,Civil Engineers,Y,0,FREEPORT-MCMORAN MORENCI INC.,Morenci,AZ,100000.0,Year,No,,100000.0,False
Certified,H-1B,Scientific Engineering Associate (in Energy Engineering),17-2199.03,"Energy Engineers, Except Wind and Solar",Y,0,LAWRENCE BERKELEY NATIONAL LABORATORY,Berkeley,CA,115788.0,Year,No,,115788.0,True
Certified,H-1B,"Mechanical Engineer II, Mechanisms",17-2141.00,Mechanical Engineers,Y,0,"RIVIAN AUTOMOTIVE, LLC",Irvine,CA,113791.83,Year,No,,113791.83,True
Certified - Withdrawn,H-1B,Intern Architect - Recent College Graduate ,17-1011.00,"Architects, Except Landscape and Naval",Y,1,"ROCKWELL ARCHITECTURE, PLANNING AND DESIGN, P.C.",New York,NY,65500.0,Year,No,,65500.0,False
Certified,H-1B,Mechanical Engineer I,17-2141.00,Mechanical Engineers,Y,0,"STEFANINI, INC.",Greensboro,NC,35.0,Hour,No,,72800.0,False
Certified,H-1B,Electrical Engineer II,17-2071.00,Electrical Engineers,Y,0,CITY OF NAPERVILLE,Naperville,IL,103108.36,Year,No,,103108.36,False
Certified,H-1B,Mechanical Engineer II,17-2141.00,Mechanical Engineers,Y,0,"RIVIAN AUTOMOTIVE, LLC",Irvine,CA,104645.94,Year,No,,104645.94,True
Certified,H-1B,Completions Technicial Specialist II,17-2141.00,Mechanical Engineers,Y,0,GULFSTREAM AEROSPACE SERVICES CORPORATION,Savannah,GA,138269.0,Year,No,,138269.0,False
Certified,H-1B,Structural Engineering Professional Associate,17-2051.00,Civil Engineers,Y,0,JACOBS ENGINEERING GROUP INC.,Austin,TX,103400.0,Year,No,,103400.0,False
Certified,H-1B,Battery Test & Validation Engineer II,17-2141.00,Mechanical Engineers,Y,0,"RIVIAN AUTOMOTIVE, LLC",Tustin,CA,111900.0,Year,No,,111900.0,True
Certified,H-1B,Research Associate,17-2141.00,Mechanical Engineers,Y,1,THE UNIVERSITY OF TEXAS AT DALLAS,Richardson,TX,52957.0,Year,No,,52957.0,False
Certified - Withdrawn,H-1B,Intern 2 (Architectural Intern),17-1011.00,"Architects, Except Landscape and Naval",Y,0,ZIMMER GUNSUL FRASCA ARCHITECTS LLP,Washington,DC,55328.0,Year,No,,55328.0,False
Certified,H-1B,Assistant PM/Estimator,17-2051.00,Civil Engineers,Y,0,BAUER FOUNDATION CORP.,Odessa,FL,100000.0,Year,No,,100000.0,False
Certified,H-1B,Research Assistant II [00076846],19-2041.00,"Environmental Scientists and Specialists, Including Health",Y,1,"WOODWELL CLIMATE RESEARCH CENTER, INC.",Falmouth,MA,56451.0,Year,No,,56451.0,False
Certified,H-1B,Assistant Professor of Building Sciences,25-1031.00,"Architecture Teachers, Postsecondary",Y,1,APPALACHIAN STATE UNIVERSITY,Boone,NC,80000.0,Year,No,,80000.0,False
Certified,H-1B,SYSTEM DEVELOPMENT ENGINEER II,17-2071.00,Electrical Engineers,Y,0,AMAZON.COM SERVICES LLC,SUNNYVALE,CA,173600.0,Year,No,,173600.0,True
Certified,H-1B,Engineer II,17-2051.00,Civil Engineers,Y,0,ATKINSREALIS USA INC.,Dallas,TX,83683.6,Year,No,,83683.6,False
Certified - Withdrawn,H-1B,Associate Electrical Engineer,17-2199.08,Robotics Engineers,Y,1,IROBOT CORPORATION,Bedford,MA,78400.0,Year,No,,78400.0,False
Certified,H-1B,Mechanical Design Engineer II,17-2141.00,Mechanical Engineers,Y,0,"HONEYWELL INTERNATIONAL, INC.",Acton,MA,105710.0,Year,No,,105710.0,False
Certified,H-1B,Snr Value Engineer I,17-2141.00,Mechanical Engineers,Y,0,ASM AMERICA INC.,Phoenix,AZ,115898.0,Year,No,,115898.0,False
Certified,H-1B,Engineer II,17-2141.02,Automotive Engineers,Y,0,AMENTUM TECHNOLOGY INC.,Dearborn,MI,87589.0,Year,No,,87589.0,False
Certified,H-1B,Junior Architectural Designer,17-1011.00,"Architects, Except Landscape and Naval",Y,1,S9 ARCHITECTURE & ENGINEERING DPC,New York,NY,70000.0,Year,No,,70000.0,False
Certified,H-1B,Professional Engineer II,17-2051.00,Civil Engineers,Y,0,"CAS CONSULTING & SERVICES, INC.",Austin,TX,114400.03,Year,No,,114400.03,False
Certified,H-1B,Research Assistant Professor,17-2199.00,"Engineers, All Other",Y,0,CLEMSON UNIVERSITY,Anderson,SC,84250.0,Year,No,,84250.0,False
Certified,H-1B,Electrical Engineer II,17-2071.00,Electrical Engineers,Y,0,"SMITH SECKMAN REID, INC.",Houston,TX,115024.0,Year,No,,115024.0,False
Certified - Withdrawn,H-1B,Assistant Professor of Mechanical Engineering,25-1032.00,"Engineering Teachers, Postsecondary",Y,1,NEW YORK INSTITUTE OF TECHNOLOGY,Old Westbury,NY,105000.0,Year,No,,105000.0,False
Certified,H-1B,Structural Project Engineer I,17-2051,Civil Engineers,Y,0,"DIBBLE & ASSOCIATES CONSULTING ENGINEERS, INC.",Mesa,AZ,99000.0,Year,No,,99000.0,False
Certified,H-1B,Climate and External Affairs Associate,19-2041.01,Climate Change Policy Analysts,Y,1,THE NATURE CONSERVANCY,Des Moines,IA,51459.0,Year,No,,51459.0,False
Certified,H-1B,Research Associate,17-2081.00,Environmental Engineers,Y,0,THE UNIVERSITY OF TEXAS AT AUSTIN,Austin,TX,92768.0,Year,No,,92768.0,False
Certified,H-1B,Civil Engineer 2,17-2051.00,Civil Engineers,Y,0,TRANSYSTEMS CORPORATION,Santa Ana,CA,114400.0,Year,No,,114400.0,True
Certified,H-1B,Mechanical Engineer II,17-2141.00,Mechanical Engineers,Y,0,HEATCRAFT REFRIGERATION PRODUCTS LLC,Tifton,GA,86070.0,Year,No,,86070.0,False
Certified,H-1B,Engineer II,17-2141.02,Automotive Engineers,Y,0,AMENTUM TECHNOLOGY INC.,Dearborn,MI,87589.0,Year,No,,87589.0,False
Certified - Withdrawn,H-1B,Research Associate,19-2041.00,"Environmental Scientists and Specialists, Including Health",Y,0,MASSACHUSETTS INSTITUTE OF TECHNOLOGY,Cambridge,MA,89115.0,Year,No,,89115.0,False
Certified,H-1B,Architectural Designer (Architectural Intern),17-1011.00,"Architects, Except Landscape and Naval",Y,0,ZIMMER GUNSUL FRASCA ARCHITECTS LLP,Seattle,WA,87880.0,Year,No,,87880.0,False
Certified,H-1B,Associate Engineer,17-2051.00,Civil Engineers,Y,0,STUBBS ENGINEERING INC,FORT WORTH,TX,121477.0,Year,No,,121477.0,False
Certified,H-1B,Architectural Designer (Architectural Intern),17-1011.00,"Architects, Except Landscape and Naval",Y,0,ZIMMER GUNSUL FRASCA ARCHITECTS LLP,Seattle,WA,85800.0,Year,No,,85800.0,False
Certified,H-1B,Electrical Project Engineer I,17-2071.00,Electrical Engineers,Y,0,IMEG CONSULTANTS CORP.,New York,NY,104000.0,Year,No,,104000.0,False
Certified,H-1B,Research Assistant Professor,17-2081.00,Environmental Engineers,Y,1,UNIVERSITY OF CHICAGO,Chicago,IL,115000.0,Year,No,,115000.0,False
Certified,H-1B,Research Associate,17-2199.08,Robotics Engineers,Y,0,CORNELL UNIVERSITY,Ithaca,NY,88504.0,Year,No,,88504.0,False
Certified,H-1B,Project Engineer I,17-2141.00,Mechanical Engineers,Y,0,"WILLDAN LIGHTING AND ELECTRIC, INC.",New York,NY,74027.0,Year,No,,74027.0,False
Certified,H-1B,Engineer II,17-2141.00,Mechanical Engineers,Y,0,"SAMSUNG AUSTIN SEMICONDUCTOR, LLC.",Austin,TX,90000.0,Year,No,,90000.0,False
Certified,H-1B,Product Engineer 1,17-2071.00,Electrical Engineers,Y,0,PREDICTANT LLC,Raleigh,NC,104500.0,Year,No,,104500.0,False
Certified,H-1B,Data Center Infrastructure Engineer II,17-2051.00,Civil Engineers,Y,0,"AMAZON DATA SERVICES, INC",Herndon,VA,144000.0,Year,No,,144000.0,False
Certified,H-1B,Electrical/Hardware Engineer I,17-2071.00,Electrical Engineers,Y,1,HEWLETT PACKARD ENTERPRISE COMPANY,Spring,TX,71490.0,Year,No,,71490.0,False
Certified,H-1B,Mechanical Engineer I,17-2141.00,Mechanical Engineers,Y,1,BANNER ENGINEERING,Brooklyn Park,MN,88440.0,Year,No,,88440.0,False
Certified,H-1B,Product Development Engineer II,17-2141.00,Mechanical Engineers,Y,0,GREENHECK FAN CORPORATION,Schofield,WI,113240.37,Year,No,,113240.37,False
Certified,H-1B,Electric (High Voltage) Product Design Engineer II,17-2071.00,Electrical Engineers,Y,0,DETROIT DIESEL CORPORATION,Redford,MI,130815.0,Year,No,,130815.0,False
Certified,H-1B,Civil Engineer II,17-2051.00,Civil Engineers,Y,0,DLZ CORPORATION,Cleveland,OH,78000.0,Year,No,,78000.0,False
Certified,H-1B,Design Engineer II,17-2141.00,Mechanical Engineers,Y,0,MILWAUKEE ELECTRIC TOOL CORPORATION,Chicago,IL,98664.0,Year,No,,98664.0,False
Certified,H-1B,Engineer II,17-2051.00,Civil Engineers,Y,0,ATKINSREALIS USA INC.,Houston,TX,91001.03,Year,No,,91001.03,False
Certified,H-1B,Data Center Infrastructure Engineer II,17-2051.00,Civil Engineers,Y,0,"AMAZON WEB SERVICES, INC.",Seattle,WA,140000.0,Year,No,,140000.0,False
Certified,H-1B,Data Center Infrastructure Engineer II,17-2051.00,Civil Engineers,Y,0,"AMAZON DATA SERVICES, INC",Seattle,WA,116800.0,Year,No,,116800.0,False
Certified - Withdrawn,H-1B,Architect Level I,17-1011.00,"Architects, Except Landscape and Naval",Y,1,"AYON STUDIO ARCHITECTURE . PRESERVATION, P.C.",New York,NY,80000.0,Year,No,,80000.0,False
Certified - Withdrawn,H-1B,Process Engineer I,17-2199.04,Manufacturing Engineers,Y,1,INTEGRITY WINDOWS LLC,Roanole,VA,71000.0,Year,No,,71000.0,False
Certified,H-1B,Project Engineer II,17-2199.03,"Energy Engineers, Except Wind and Solar",Y,0,WILLDAN ENERGY SOLUTIONS,New York,NY,92186.0,Year,No,,92186.0,False
Certified,H-1B,"Robotics Engineer II, Hardware, Mechatronics",17-2141.00,Mechanical Engineers,Y,0,"DEXTERITY, INC.",Redwood City,CA,118810.0,Year,No,,118810.0,True
Certified,H-1B,Engineer Intern (Civil Engineering),17-2051.00,Civil Engineers,Y,0,K. MAX ENGINEERING INC,Centennial,CO,75000.0,Year,No,,75000.0,False
Certified,H-1B,Steel Connection Engineer I,17-2051.00,Civil Engineers,Y,0,"MEYER, BORGMAN & JOHNSON, INC.",Minneapolis,MN,71760.0,Year,No,,71760.0,False
Certified,H-1B,Electrical EngineerII,17-2071.00,Electrical Engineers,Y,1,PHASOR ENGINEERING LLC,Winter Garden,FL,71178.0,Year,No,,71178.0,False
Certified,H-1B,Steel Connection Engineer I,17-2051.00,Civil Engineers,Y,0,"MEYER, BORGMAN & JOHNSON, INC.",Minneapolis,MN,71760.0,Year,No,,71760.0,False
Certified,H-1B,Research Assistant Professor,19-2041.00,"Environmental Scientists and Specialists, Including Health",Y,0,CLEMSON UNIVERSITY,Olympia,WA,76648.44,Year,No,,76648.44,False
Certified - Withdrawn,H-1B,Project Engineer II,17-2199.00,"Engineers, All Other",Y,0,"REFLECTION WINDOW COMPANY, LLC",Chicago,IL,131000.0,Year,No,,131000.0,False
Certified,H-1B,ENGINEER II,17-2051.00,Civil Engineers,Y,0,"HBM ENGINEERING GROUP, LLC",Hillside,IL,86736.0,Year,No,,86736.0,False
Certified,H-1B,Controls Engineer II,17-2071.00,Electrical Engineers,Y,1,"TREW, LLC.",Frederick,MD,105000.0,Year,No,,105000.0,False
Certified,H-1B,Automation Specialist II,17-2141.00,Mechanical Engineers,Y,0,"PRIME CONTROLS, L.P.",Fayetteville,IL,100000.0,Year,No,,100000.0,False
Certified,H-1B,Electrical Engineer II,17-2071.00,Electrical Engineers,Y,1,MILWAUKEE ELECTRIC TOOL CORPORATION,Brookfield,WI,95000.0,Year,No,,95000.0,False
Certified - Withdrawn,H-1B,Research Associate,17-2081.00,Environmental Engineers,Y,0,THE UNIVERSITY OF TEXAS AT AUSTIN,Austin,TX,92768.0,Year,No,,92768.0,False
Certified,H-1B,RESEARCH ASSISTANT PROFESSOR,17-2051.00,Civil Engineers,Y,1,NORTH DAKOTA STATE UNIVERSITY,FARGO,ND,59600.0,Year,No,,59600.0,False
Certified,H-1B,Structural Bridge Civil Engineer II,17-2051.00,Civil Engineers,Y,0,"MICHAEL BAKER INTERNATIONAL, INC.",Chicago,IL,94181.0,Year,No,,94181.0,False
Certified,H-1B,RF Engineer II,17-2071,Electrical Engineers,Y,0,"GLOBAL TECHNOLOGY ASSOCIATES, LLC",Aubrey,TX,82722.0,Year,No,,82722.0,False
Certified,H-1B,Associate Engineer,17-2051.00,Civil Engineers,Y,0,STUBBS ENGINEERING INC,FORT WORTH,TX,121477.0,Year,No,,121477.0,False
Certified,H-1B,Electrical Engineer II,17-2071.00,Electrical Engineers,Y,1,"INTELLIGRATED SERVICES, LLC",Mason,OH,91689.0,Year,No,,91689.0,False
Certified,H-1B,Mechanical Engineer II,17-2141.00,Mechanical Engineers,Y,0,RHEEM MANUFACTURING COMPANY,San Antonio,TX,84843.0,Year,No,,84843.0,False
Certified,H-1B,Electrical Engineer II,17-2071.00,Electrical Engineers,Y,0,"INTELLIGRATED SERVICES, LLC",Frederick,MD,100099.0,Year,No,,100099.0,False
Certified,H-1B,Mechanical Product Design Engineer II,17-2141.00,Mechanical Engineers,Y,0,DETROIT DIESEL CORPORATION,Detroit,MI,110321.0,Year,No,,110321.0,False
Certified - Withdrawn,H-1B,Research Associate,19-2041.00,"Environmental Scientists and Specialists, Including Health",Y,1,HARVARD UNIVERSITY,Cambridge,MA,67000.0,Year,No,,67000.0,False
Certified,H-1B,Assistant PM/Estimator,17-2051.00,Civil Engineers,Y,0,BAUER FOUNDATION CORP.,Odessa,FL,95000.0,Year,No,,95000.0,False
Certified,H-1B,"Engineer 2, Controls Vehicle",17-2071.00,Electrical Engineers,Y,0,BENDIX COMMERCIAL VEHICLE SYSTEMS LLC,Avon,OH,108167.0,Year,No,,108167.0,False
Certified,H-1B,Systems Studies Engineer II,17-2071.00,Electrical Engineers,Y,0,"MITSUBISHI ELECTRIC POWER PRODUCTS, INC.",Goddard,KS,91994.0,Year,No,,91994.0,False
Certified,H-1B,CPS Field Engineer II,17-2141.00,Mechanical Engineers,Y,0,"CUDD PUMPING SERVICES, INC.",Odessa,TX,107037.0,Year,No,,107037.0,False
Certified,H-1B,Faculty Assistant,19-2041.01,Climate Change Policy Analysts,Y,0,UNIVERSITY OF MARYLAND COLLEGE PARK,College Park,MD,67000.0,Year,No,,67000.0,False
Certified,H-1B,Intern Architect,17-1011.00,"Architects, Except Landscape and Naval",Y,0,"GOETTSCH PARTNERS, INC.",Chicago,IL,65550.0,Year,No,,65550.0,False
Certified,H-1B,Mechanical Engineer I,17-2141.00,Mechanical Engineers,Y,1,KINETIC PRESSURE CONTROL LIMITED,Houston,TX,80814.25,Year,No,,80814.25,False
Certified - Withdrawn,H-1B,PERFORMANCE ANALYST I,17-2199.11,Solar Energy Systems Engineers,Y,1,QE SOLAR LLC,SPRINGFIELD,NJ,72000.0,Year,No,,72000.0,False
Certified,H-1B,R&D Engineer II,17-2141.00,Mechanical Engineers,Y,0,"SUNTECHPROS, INC.",Mechanicsburg,PA,100000.0,Year,No,,100000.0,False
Certified,H-1B,Engineer II,17-2071.00,Electrical Engineers,Y,0,"SAMSUNG AUSTIN SEMICONDUCTOR, LLC.",Austin,TX,101982.0,Year,No,,101982.0,False
Certified,H-1B,Reliability Engineer II,17-2141.00,Mechanical Engineers,Y,0,MILWAUKEE ELECTRIC TOOL CORPORATION,Brookfield,WI,83500.0,Year,No,,83500.0,False
Certified,H-1B,"Systems Engineer 2, Robotics",17-2199.08,Robotics Engineers,Y,0,"TORC ROBOTICS, INC.",Blacksburg,VA,146000.0,Year,No,,146000.0,False
Certified,H-1B,Electrical Engineer II,17-2071.00,Electrical Engineers,Y,0,"ABIOMED, INC.",Danvers,MA,100000.0,Year,No,,100000.0,False
Certified - Withdrawn,H-1B,Engineer II,17-2141.00,Mechanical Engineers,Y,0,"SAMSUNG AUSTIN SEMICONDUCTOR, LLC.",Austin,TX,90000.0,Year,No,,90000.0,False
Certified,H-1B,Assistant Real Time Systems Engineer II,17-2071.00,Electrical Engineers,Y,1,NEW YORK POWER AUTHORITY,White Plains,NY,95000.0,Year,No,,95000.0,False
Certified,H-1B,Research Associate (Photonics Engineer),17-2199.07,Photonics Engineers,Y,0,UNIVERSITY OF COLORADO,Boulder,CO,105373.0,Year,No,,105373.0,False
Certified,H-1B,Engineer II,17-2141.00,Mechanical Engineers,Y,0,"GENTHERM MEDICAL, LLC",Cincinnati,OH,100829.44,Year,No,,100829.44,False
Certified,H-1B,Data Centre Infrastructure Engineer I,17-2051.00,Civil Engineers,Y,0,"AMAZON DATA SERVICES, INC",Columbus,OH,132500.0,Year,No,,132500.0,False
Certified,H-1B,SUSTAINABILITY SPECIALIST II,13-1199.05,Sustainability Specialists,Y,0,"AMAZON DATA SERVICES, INC.",SEATTLE,WA,150000.0,Year,No,,150000.0,False
Certified,H-1B,ASSISTANT PROJECT SCIENTIST,17-2199.08,Robotics Engineers,Y,1,"UNIVERSITY OF CALIFORNIA, IRVINE",IRVINE,CA,93700.0,Year,No,,93700.0,True
Certified,H-1B,TECHNICAL OPERATIONS ENGINEER I,17-2071.00,Electrical Engineers,Y,0,"AMAZON DATA SERVICES, INC.",COLUMBUS,OH,145000.0,Year,No,,145000.0,False
Certified,H-1B,Civil Associate II,17-2051.00,Civil Engineers,Y,0,PROMILES SOFTWARE DEVELOPMENT CORPORATION,Moon Township,PA,44.49,Hour,No,,92539.2,False
Certified,H-1B,Mechanical Engineer I,17-2141.00,Mechanical Engineers,Y,0,ENERSYS DELAWARE INC.,Berks,PA,92983.0,Year,No,,92983.0,False
Certified,H-1B,RF Field Engineer I,17-2071.00,Electrical Engineers,Y,0,"TELEWORLD SOLUTIONS, INC.",Irving,TX,83900.0,Year,No,,83900.0,False
Certified,H-1B,"Associate, Mechanical Designer",17-2141.00,Mechanical Engineers,Y,0,STANTEC CONSULTING SERVICES INC.,Denver,CO,139276.8,Year,No,,139276.8,False
Certified,H-1B,Electrical Engineer II “ Motor Control,17-2071.00,Electrical Engineers,Y,0,MILWAUKEE ELECTRIC TOOL CORPORATION,Brookfield,WI,92379.0,Year,No,,92379.0,False
Certified - Withdrawn,H-1B,Junior Designer,17-1011.00,"Architects, Except Landscape and Naval",Y,1,"SKIDMORE, OWINGS & MERRILL LLP",New York,NY,60403.0,Year,No,,60403.0,False
Certified,H-1B,"Associate Consultant, Mechanical Engineer",17-2141.00,Mechanical Engineers,Y,0,WSP USA BUILDINGS INC.,New York,NY,100047.88,Year,No,,100047.88,False
Certified,H-1B,Scientist I,19-2041.00,"Environmental Scientists and Specialists, Including Health",Y,0,UNIVERSITY OF WISCONSIN SYSTEM,Madison,WI,86300.0,Year,No,,86300.0,False
Certified,H-1B,Engineer II,17-2071.00,Electrical Engineers,Y,0,"SAMSUNG AUSTIN SEMICONDUCTOR, LLC.",Austin,TX,101982.0,Year,No,,101982.0,False
Certified,H-1B,Transportation Engineer II,17-2051.00,Civil Engineers,Y,0,"BOWMAN CONSULTING GROUP, LTD.",Richmond,VA,87000.0,Year,No,,87000.0,False
Certified,H-1B,Civil Engineer in Training,17-2051.00,Civil Engineers,Y,0,STANTEC CONSULTING SERVICES INC.,Boston,MA,87505.6,Year,No,,87505.6,False
Certified,H-1B,Mechanical Engineer 1,17-2141.00,Mechanical Engineers,Y,0,TRANSYSTEMS CORPORATION,Tampa,FL,103750.4,Year,No,,103750.4,False
Certified,H-1B,Design Engineer II,17-2141.00,Mechanical Engineers,Y,0,"GOKEN AMERICA, LLC",Dublin,OH,33.79,Hour,No,,70283.2,False
Certified,H-1B,Engineer II,17-2141.00,Mechanical Engineers,Y,0,"SAMSUNG AUSTIN SEMICONDUCTOR, LLC.",Austin,TX,90000.0,Year,No,,90000.0,False
Certified - Withdrawn,H-1B,Product Development Engineer II,17-2141.00,Mechanical Engineers,Y,0,EMD MILLIPORE CORPORATION,Bedford,MA,98966.0,Year,No,,98966.0,False
Certified - Withdrawn,H-1B,Associate Consultant,17-2051.00,Civil Engineers,Y,1,HKA GLOBAL INC.,Minneapolis,MN,77500.0,Year,No,,77500.0,False
Certified,H-1B,Mechanical Design Engineer II,17-2141.00,Mechanical Engineers,Y,0,ADCO MANUFACTURING,Sanger,CA,78219.0,Year,No,,78219.0,True
Certified,H-1B,Electrical Engineer II,17-2071.00,Electrical Engineers,Y,0,SUBSTATION ENGINEERING CO.,Borger,TX,108992.0,Year,No,,108992.0,False
Certified,H-1B,"Assistant Professor,  Mechanical Engineering",25-1032.00,"Engineering Teachers, Postsecondary",Y,1,UNIVERSITY OF MAINE,Orono,ME,94999.0,Year,No,,94999.0,False
Certified,H-1B,Assistant Electrical Engineer II,17-2071.00,Electrical Engineers,Y,1,NEW YORK POWER AUTHORITY,White Plains,NY,96000.0,Year,No,,96000.0,False
Certified,H-1B,PROJECT ENGINEER II - TRANSMISSION CALIBRATION,17-2141.00,Mechanical Engineers,Y,0,"AVL MOBILITY TECHNOLOGIES, INC.",PLYMOUTH,MI,115000.0,Year,No,,115000.0,False
Certified,H-1B,Engineer II,17-2051.00,Civil Engineers,Y,0,ATKINSREALIS USA INC.,Atlanta,GA,90000.0,Year,No,,90000.0,False
Certified,H-1B,Engineer II,17-2051.00,Civil Engineers,Y,0,ATKINSREALIS USA INC.,Atlanta,GA,90000.0,Year,No,,90000.0,False
Certified - Withdrawn,H-1B,RF Engineer II,17-2071.00,Electrical Engineers,Y,1,NEXTGEN GLOBAL RESOURCES LLC,Fresno,CA,105000.0,Year,No,,105000.0,True
Certified,H-1B,Associate Architect,17-1011.00,"Architects, Except Landscape and Naval",Y,0,"FLAGSTONE 26, LLC",Long Beach,CA,72000.0,Year,No,,72000.0,True
Certified,H-1B,Data Center Infrastructure Engineer II,17-2051.00,Civil Engineers,Y,0,"AMAZON DATA SERVICES, INC",Herndon,VA,122300.0,Year,No,,122300.0,False
Certified,H-1B,Civil Engineer II,17-2051.00,Civil Engineers,Y,0,"MICHAEL BAKER INTERNATIONAL, INC.",Katy,TX,94181.0,Year,No,,94181.0,False
Certified,H-1B,Data Centre Infrastructure Engineer I,17-2051.00,Civil Engineers,Y,0,"AMAZON DATA SERVICES, INC",Herndon,VA,106240.0,Year,No,,106240.0,False
Certified,H-1B,Research Engineer I,17-2141.00,Mechanical Engineers,Y,0,"ZIMMER, INC.",Warsaw,IN,96224.18,Year,No,,96224.18,False
Certified,H-1B,Quality Engineer II,17-2141.00,Mechanical Engineers,Y,0,"TK ELEVATOR MANUFACTURING, INC.",Memphis,TN,97053.0,Year,No,,97053.0,False
Certified,H-1B,Quality Engineer II,17-2141.00,Mechanical Engineers,Y,0,"TK ELEVATOR MANUFACTURING, INC.",Memphis,TN,83054.14,Year,No,,83054.14,False
Certified,H-1B,Civil Associate II,17-2051.00,Civil Engineers,Y,0,"MICHAEL BAKER INTERNATIONAL, INC.",Westminster,CO,88816.0,Year,No,,88816.0,False
Certified,H-1B,Assistant Professor of Civil Engineering,25-1032.00,"Engineering Teachers, Postsecondary",Y,1,SAINT LOUIS UNIVERSITY,Saint Louis,MO,88000.0,Year,No,,88000.0,False
Certified,H-1B,Engineer II,17-2071.00,Electrical Engineers,Y,0,"SAMSUNG AUSTIN SEMICONDUCTOR, LLC.",Austin,TX,101982.0,Year,No,,101982.0,False
Certified,H-1B,CIVIL ENGINEER II,17-2051.00,Civil Engineers,Y,0,"PACIFIC FEDERAL MANAGEMENT, INC.",TUMON,GU,60000.0,Year,No,,60000.0,False
Certified,H-1B,Systems Engineer II,17-2141.02,Automotive Engineers,Y,0,"LATITUDE AI, LLC",Pittsburgh,PA,154000.0,Year,No,,154000.0,False
Certified - Withdrawn,H-1B,Research Assistant Professor,19-2041.00,"Environmental Scientists and Specialists, Including Health",Y,0,UNIVERSITY OF ALASKA,Fairbanks,AK,46.0,Hour,No,,95680.0,False
Certified,H-1B,BIM Specialist II,17-1011.00,"Architects, Except Landscape and Naval",Y,0,AECOM TECHNICAL SERVICES INC,New York,NY,92918.0,Year,No,,92918.0,False
Certified,H-1B,DATA CENTER INFRASTRUCTURE ENGINEER II,17-2051.00,Civil Engineers,Y,0,"AMAZON WEB SERVICES, INC.",AUSTIN,TX,137500.0,Year,No,,137500.0,False
Certified,H-1B,Firmware Engineer II,17-2071.00,Electrical Engineers,Y,0,MILWAUKEE ELECTRIC TOOL CORPORATION,Brookfield,WI,93600.0,Year,No,,93600.0,False
Certified,H-1B,Project Engineer II,17-2051.00,Civil Engineers,Y,0,SUNDT CONSTRUCTION INC.,Tempe,AZ,110000.0,Bi-Weekly,No,,5720000.0,False
Certified,H-1B,Mechanical Engineer 2,17-2141.00,Mechanical Engineers,Y,0,CAPGEMINI AMERICA INC,CHELSEA,MI,105000.0,Year,No,,105000.0,False
Certified,H-1B,"Assistant Professor, Mechanical Engineering",25-1032.00,"Engineering Teachers, Postsecondary",Y,1,THE UNIVERSITY OF AKRON,Akron,OH,81313.0,Year,No,,81313.0,False
Certified,H-1B,Data Centre Infrastructure Engineer I,17-2051.00,Civil Engineers,Y,0,"AMAZON DATA SERVICES, INC",Seattle,WA,106240.0,Year,No,,106240.0,False
Certified,H-1B,Research Associate,17-2081.00,Environmental Engineers,Y,1,RENSSELAER POLYTECHNIC INSTITUTE,Troy,NY,62000.0,Year,No,,62000.0,False
Certified,H-1B,"Engineer 2, Product - VDS",17-2141.00,Mechanical Engineers,Y,0,BENDIX COMMERCIAL VEHICLE SYSTEMS LLC,Avon,OH,101153.0,Year,No,,101153.0,False
Certified,H-1B,Architectural Intern,17-1011.00,"Architects, Except Landscape and Naval",N,1,"WOW ATELIER, LLC",Salt Lake City,UT,27.0,Hour,No,,56160.0,False
Certified,H-1B,Project Engineer II,17-2051.00,Civil Engineers,Y,0,"GLASS MANAGEMENT SERVICES, INC.",Lisle,IL,129000.0,Year,No,,129000.0,False
Certified - Withdrawn,H-1B,Research Associate (Photonics Engineer),17-2199.07,Photonics Engineers,Y,0,UNIVERSITY OF COLORADO,Boulder,CO,105373.0,Year,No,,105373.0,False
Certified,H-1B,Assistant Professor of Asian Languages and Civilizations,25-1062.00,"Area, Ethnic, and Cultural Studies Teachers, Postsecondary",Y,0,TRUSTEES OF AMHERST COLLEGE,Amherst,MA,85000.0,Year,No,,85000.0,False
Certified,H-1B,Associate 3,17-2071.00,Electrical Engineers,Y,0,SARGENT & LUNDY LLC,Tampa,FL,92498.0,Year,No,,92498.0,False
Certified,H-1B,Mechanical Engineer II,17-2141.00,Mechanical Engineers,Y,0,"BECKMAN COULTER, INC.",Chaska,MN,95000.0,Year,No,,95000.0,False
Certified - Withdrawn,H-1B,Design Engineer II,17-2141.00,Mechanical Engineers,Y,0,"GOKEN AMERICA, LLC",Dublin,OH,33.79,Hour,No,,70283.2,False
Certified,H-1B,Engineer I,17-2051.00,Civil Engineers,Y,0,"BRANDSAFWAY ACCESS SOLUTIONS, LLC",Carlstadt,NJ,75000.0,Year,No,,75000.0,False
Certified,H-1B,Project Engineer II,17-2071.00,Electrical Engineers,Y,0,ENGIE NORTH AMERICA INC.,San Jose,CA,128149.0,Year,No,,128149.0,True
Certified,H-1B,Engineer II,17-2141.00,Mechanical Engineers,Y,0,"AFFILIATED ENGINEERS METRO DC, INC.",Rockville,MD,110000.0,Year,No,,110000.0,False
Certified,H-1B,Engineering Associate II - Civil,17-2051.00,Civil Engineers,Y,0,"EVS, INC.",Eden Prairie,MN,71760.0,Year,No,,71760.0,False
Certified - Withdrawn,H-1B,Robotics Engineer II,17-2199.08,Robotics Engineers,Y,0,PICKNIK INC.,Boulder,CO,115000.0,Year,No,,115000.0,False
Certified,H-1B,Data Center Infrastructure Engineer II,17-2051.00,Civil Engineers,Y,0,"AMAZON WEB SERVICES, INC.",Herndon,VA,140000.0,Year,No,,140000.0,False
Certified,H-1B,Assistant Scientist,19-2041.00,"Environmental Scientists and Specialists, Including Health",Y,1,CARY INSTITUTE OF ECOSYSTEM STUDIES,Millbrook,NY,125000.0,Year,No,,125000.0,False
Certified,H-1B,Process Engineer II,17-2141.00,Mechanical Engineers,Y,1,"RBC DEVELOPMENT, LLC",Lenexa,KS,74263.0,Year,No,,74263.0,False
Certified,H-1B,Assistant Professor of Mechanical Engineering,25-1032.00,"Engineering Teachers, Postsecondary",Y,1,HARDIN - SIMMONS UNIVERSITY,ABILENE,TX,65350.0,Year,No,,65350.0,False
Certified,H-1B,Controls Engineer 2,17-2071.00,Electrical Engineers,Y,0,"TEK LABS, INC.",Tucson,AZ,37.43,Hour,No,,77854.4,False
Certified,H-1B,DATA CENTER INFRASTRUCTURE ENGINEER II,17-2071.00,Electrical Engineers,Y,0,"AMAZON DATA SERVICES, INC.",COLUMBUS,OH,140000.0,Year,No,,140000.0,False
Certified,H-1B,Electrical Engineer II,17-2071.00,Electrical Engineers,Y,0,ASM AMERICA INC.,PHOENIX,AZ,94411.0,Year,No,,94411.0,False
Certified - Withdrawn,H-1B,Manufacturing (MFG) Process Engineer II,17-2141.00,Mechanical Engineers,Y,0,"RANI THERAPEUTICS, LLC",San Jose,CA,57.69,Hour,No,,119995.2,True
Certified - Withdrawn,H-1B,Manufacturing (MFG) Process Engineer II,17-2141.00,Mechanical Engineers,N,0,"RANI THERAPEUTICS, LLC",San Jose,CA,57.69,Hour,No,,119995.2,True
Certified - Withdrawn,H-1B,Manufacturing Process Engineer I,17-2141.00,Mechanical Engineers,Y,0,"RANI THERAPEUTICS, LLC",San Jose,CA,104749.0,Year,No,,104749.0,True
Certified,H-1B,Associate Engineer,17-2051.00,Civil Engineers,Y,0,"BUEHLER ENGINEERING, INC.",San Mateo,CA,110691.0,Year,No,,110691.0,True
Certified,H-1B,Data Centre Infrastructure Engineer I,17-2051.00,Civil Engineers,Y,0,"AMAZON DATA SERVICES, INC",Austin,TX,131200.0,Year,No,,131200.0,False
Certified,H-1B,Electrical Engineer II,17-2071.00,Electrical Engineers,Y,0,ASM AMERICA INC.,Phoenix,AZ,94411.0,Year,No,,94411.0,False
Certified,H-1B,Field Engineer II,17-2051.00,Civil Engineers,Y,0,"BRINKMAN CONSTRUCTION, INC",Commerce City,CO,85000.0,Year,No,,85000.0,False
Certified,H-1B,Graduate Civil Engineer,17-2051,Civil Engineers,Y,0,CITY OF PHILADELPHIA,Philadelphia,PA,66114.0,Year,No,,66114.0,False
Certified,H-1B,Architectural Designer (Level 1),17-1011.00,"Architects, Except Landscape and Naval",Y,0,"ODA - ARCHITECTURE, P.C.",New York,NY,70000.0,Year,No,,70000.0,False
Certified,H-1B,"Architect, Associate",17-1011.00,"Architects, Except Landscape and Naval",Y,0,SASAKI ASSOCIATES,Somerville,MA,90000.0,Year,No,,90000.0,False
Certified,H-1B,Data Center Infrastructure Engineer II,17-2051.00,Civil Engineers,Y,0,"AMAZON DATA SERVICES, INC",Herndon,VA,122300.0,Year,No,,122300.0,False
Certified - Withdrawn,H-1B,NVH Engineer II,17-2141.02,Automotive Engineers,Y,0,HL MANDO AMERICA CORPORATION,Novi,MI,103000.0,Year,No,,103000.0,False
Certified,H-1B,"Engineer 2, Product - VDS",17-2141.00,Mechanical Engineers,Y,0,BENDIX COMMERCIAL VEHICLE SYSTEMS LLC,Avon,OH,112278.0,Year,No,No,112278.0,False
Certified,H-1B,Assistant Research Professor,19-2041.01,Climate Change Policy Analysts,Y,1,"UNIVERSITY OF MARYLAND, COLLEGE PARK",College Park,MD,98000.0,Year,No,No,98000.0,False
Certified,H-1B,Engineer in Training (Civil Engineer),17-2051.00,Civil Engineers,Y,0,LONE STAR GREEN HOMES LLC,Plano,TX,100000.0,Year,No,No,100000.0,False
Certified,H-1B,Junior Designer,17-1011.00,"Architects, Except Landscape and Naval",Y,5,"SKIDMORE, OWINGS & MERRILL LLP",San Francisco,CA,69060.0,Year,No,No,69060.0,True
Certified,H-1B,Assistant Research Professor,19-2041.01,Climate Change Policy Analysts,Y,1,"UNIVERSITY OF MARYLAND, COLLEGE PARK",College Park,MD,96000.0,Year,No,No,96000.0,False
Certified,H-1B,Research Associate (Photonics Engineer),17-2199.07,Photonics Engineers,Y,0,UNIVERSITY OF COLORADO,Boulder,CO,105373.0,Year,No,No,105373.0,False
Certified,H-1B,Project Engineer II,17-2051.00,Civil Engineers,Y,0,COMMERCIAL CONTRACTING CORPORATION,Auburn Hills,MI,65000.0,Year,No,No,65000.0,False
Certified,H-1B,Associate (Intern Architect),17-1011.00,"Architects, Except Landscape and Naval",Y,0,BKL ARCHITECTURE LLC,Chicago,IL,77500.0,Year,No,No,77500.0,False
Certified,H-1B,Architectural Intern,17-1011.00,"Architects, Except Landscape and Naval",Y,0,"GENE KAUFMAN ARCHITECT, PC",New York,NY,68000.0,Year,No,No,68000.0,False
Certified,H-1B,Electrical Engineer in Training,17-2071.00,Electrical Engineers,Y,0,STANTEC CONSULTING SERVICES INC.,ATLANTA,GA,96948.0,Year,No,No,96948.0,False
Certified,H-1B,Assistant Research Scientist,17-2051.00,Civil Engineers,Y,1,"UNIVERSITY OF CALIFORNIA, SAN DIEGO",La Jolla,CA,120000.0,Year,No,No,120000.0,True
Certified,H-1B,Design Engineer II,17-2141.00,Mechanical Engineers,Y,0,"GOKEN AMERICA, LLC",Dublin,OH,33.79,Hour,No,Yes,70283.2,False
Certified,H-1B,Engineer II,17-2051.00,Civil Engineers,Y,0,"RUMMEL, KLEPPER & KAHL, LLP",Columbia,SC,44.0,Hour,No,No,91520.0,False
Certified - Withdrawn,H-1B,Environmental Scientist I,19-2041.00,"Environmental Scientists and Specialists, Including Health",Y,1,GSI ENVIRONMENTAL INC.,Houston,TX,68250.0,Year,No,No,68250.0,False
Certified,H-1B,Civil Engineer II,17-2051.00,Civil Engineers,Y,0,DLZ CORPORATION,Columbus,OH,79000.0,Year,No,No,79000.0,False
Certified,H-1B,Engineer 1,17-2141.00,Mechanical Engineers,Y,0,"LIMBACH COMPANY, LLC",Columbus,OH,94000.0,Year,No,No,94000.0,False
Certified,H-1B,Product Design Engineer 2,17-2141.00,Mechanical Engineers,Y,1,STARLINE HOLDINGS LLC,Canonsburg,PA,100000.0,Year,No,No,100000.0,False
Certified - Withdrawn,H-1B,Assistant Professor of Aerospace and Mechanical Engineering,25-1032.00,"Engineering Teachers, Postsecondary",Y,0,SOUTH DAKOTA SCHOOL OF MINES AND TECHNOLOGY,Rapid City,SD,88000.0,Year,No,No,88000.0,False
Certified,H-1B,Life Cycle Associate,19-2041.00,"Environmental Scientists and Specialists, Including Health",Y,0,"SCIENTIFIC CERTIFICATION SYSTEMS, INC.",SCOTTSDALE,AZ,85280.26,Year,No,No,85280.26,False
Certified,H-1B,"Associate Consultant, Civil Engineer",17-2051.00,Civil Engineers,Y,0,WSP USA INC.,Buffalo,NY,80620.8,Year,No,No,80620.8,False
Certified,H-1B,Assistant Professor of Mechanical Engineering-Thermal Fluids,25-1032.00,"Engineering Teachers, Postsecondary",Y,0,STATE UNIVERSITY OF NEW YORK - POLYTECHNIC INSTITUTE,Utica,NY,90379.0,Year,No,No,90379.0,False
Certified,H-1B,"Mechanical Design Engineer II, Service Tooling",17-2141.00,Mechanical Engineers,Y,0,"LUCID GROUP USA, INC.",Newark,CA,123000.0,Year,No,No,123000.0,True
Certified,H-1B,Commissioning Engineer II,17-2072.00,"Electronics Engineers, Except Computer",Y,0,BASTIAN SOLUTIONS LLC,Carmel,IN,84980.49,Year,No,No,84980.49,False
Certified,H-1B,Energy Associate,17-2199.03,"Energy Engineers, Except Wind and Solar",Y,0,THE BRATTLE GROUP,Boston,MA,173448.0,Year,No,No,173448.0,False
Certified,H-1B,TECHNICAL OPERATIONS ENGINEER I,17-2051.00,Civil Engineers,Y,0,"AMAZON DATA SERVICES, INC.",FAIRLESS HILLS,PA,131000.0,Year,No,No,131000.0,False
Certified,H-1B,Mechanical Engineer 2,17-2141.00,Mechanical Engineers,Y,0,CAPGEMINI AMERICA INC,Wichita,KS,125000.0,Year,No,Yes,125000.0,False
Certified,H-1B,Mechanical Engineer 2,17-2141.00,Mechanical Engineers,Y,0,CAPGEMINI AMERICA INC,Kinston,NC,105000.0,Year,No,Yes,105000.0,False
Certified,H-1B,Electrical Engineer II- Battery & Value Production Support,17-2071.00,Electrical Engineers,Y,0,MILWAUKEE ELECTRIC TOOL CORPORATION,Chicago,IL,108000.0,Year,No,No,108000.0,False
Certified,H-1B,BIM Specialist II,17-1011.00,"Architects, Except Landscape and Naval",Y,0,AECOM TECHNICAL SERVICES INC,New York,NY,95000.0,Year,No,No,95000.0,False
Certified,H-1B,Project Associate 1,17-2051.00,Civil Engineers,Y,0,SARGENT & LUNDY LLC,Cranberry Township,PA,121563.36,Year,No,No,121563.36,False
Certified,H-1B,Design Engineer II,17-2141.00,Mechanical Engineers,Y,0,"GOKEN AMERICA, LLC",Dublin,OH,33.79,Hour,No,Yes,70283.2,False
Certified,H-1B,"Project Associate, Architecture",17-1011.00,"Architects, Except Landscape and Naval",Y,0,"HLZAE, INC.",New York,NY,90000.0,Year,No,No,90000.0,False
Certified,H-1B,"Associate, Structural Engineer",17-2051.00,Civil Engineers,Y,0,BROWN AND CALDWELL,New York,NY,122479.97,Year,No,No,122479.97,False
Certified,H-1B,Energy Solutions Engineer II,17-2199.03,"Energy Engineers, Except Wind and Solar",Y,0,ECOSAVE LLC,Philadelphia,PA,94146.0,Year,No,No,94146.0,False
Certified,H-1B,Electrical Sensor Engineer II,17-2071.00,Electrical Engineers,Y,0,HL MANDO AMERICA CORPORATION,Auburn,MI,97587.62,Year,No,No,97587.62,False
Certified,H-1B,Research Associate,19-2041.00,"Environmental Scientists and Specialists, Including Health",Y,1,THE UNIVERSITY OF VIRGINIA,Charlottesville,VA,65000.0,Year,No,No,65000.0,False
Certified,H-1B,Junior Test Engineer,17-2141.00,Mechanical Engineers,Y,0,BETA TECHNOLOGIES INC.,St. Albans,VT,70000.0,Year,No,No,70000.0,False
Certified,H-1B,Project Engineer I,17-2051.00,Civil Engineers,Y,0,"LPA, INC.",Irvine,CA,111500.0,Year,No,No,111500.0,True
Certified,H-1B,Data Center Infrastructure Engineer II,17-2051.00,Civil Engineers,Y,0,"AMAZON DATA SERVICES, INC",Herndon,VA,139753.0,Year,No,No,139753.0,False
Certified,H-1B,Structural Engineer EIT,17-2051.00,Civil Engineers,Y,0,STANTEC CONSULTING SERVICES INC.,Houston,TX,81265.6,Year,No,No,81265.6,False
Certified,H-1B,Associate Specialist,19-2041.00,"Environmental Scientists and Specialists, Including Health",Y,0,"UNIVERSITY OF CALIFORNIA, BERKELEY",Berkeley,CA,80800.0,Year,No,No,80800.0,True
Certified - Withdrawn,H-1B,Design Engineer II,17-2141.00,Mechanical Engineers,Y,0,MODINE MANUFACTURING COMPANY,Racine,WI,95000.0,Year,No,No,95000.0,False
Certified,H-1B,"Assistant Professor, Mechanical Engineering",25-1032.00,"Engineering Teachers, Postsecondary",Y,1,THE UNIVERSITY OF ALABAMA,Tuscaloosa,AL,75000.0,Year,No,No,75000.0,False
Certified,H-1B,Engineer II,17-2141.00,Mechanical Engineers,Y,0,LEAR CORPORATION,Southfield,MI,98813.0,Year,No,No,98813.0,False
Certified - Withdrawn,H-1B,Project Engineer II – Solar,17-2199.11,Solar Energy Systems Engineers,Y,1,"VEREGY, LLC",Phoenix,AZ,85000.0,Year,No,No,85000.0,False
Certified,H-1B,ASSOCIATE ENGINEER,17-2051.01,Transportation Engineers,Y,0,"TRAF-IQ, INC.",HOUSTON,TX,81500.0,Year,No,No,81500.0,False
Certified,H-1B,Structural Engineer I,17-2051.01,Transportation Engineers,Y,0,"CRAWFORD, MURPHY & TILLY, INC.",Indianapolis,IN,90000.0,Year,No,No,90000.0,False
Certified,H-1B,Design Engineer II,17-2141.00,Mechanical Engineers,Y,1,"GOKEN AMERICA, LLC",Dublin,OH,33.79,Hour,No,Yes,70283.2,False
Certified,H-1B,Structural Engineer II,17-2051.00,Civil Engineers,Y,0,"SALAS O'BRIEN, INC.",Chesterfield,MO,117000.0,Year,No,No,117000.0,False
Certified,H-1B,"Associate Consultant, Structural Engineer",17-2051.00,Civil Engineers,Y,0,WSP USA INC.,Raleigh,NC,82014.4,Year,No,No,82014.4,False
Certified - Withdrawn,H-1B,Analog Layout Engineer II,17-2071.00,Electrical Engineers,Y,0,"SYNERGOUS, LLC",Richardson,TX,75200.06,Year,No,No,75200.06,False
Certified - Withdrawn,H-1B,Junior Project Engineer,17-2051.00,Civil Engineers,Y,0,JACOBS ENGINEERING GROUP INC.,Atlanta,GA,68626.68,Year,No,No,68626.68,False
Certified,H-1B,Data Center Infrastructure Engineer II,17-2051.00,Civil Engineers,Y,0,"AMAZON DATA SERVICES, INC",Herndon,VA,141000.0,Year,No,No,141000.0,False
Certified,H-1B,Engineering Design Associate,17-2071.00,Electrical Engineers,Y,0,"BURNS ENGINEERING, INC.",Washington,DC,107000.0,Year,No,No,107000.0,False
Certified - Withdrawn,H-1B,Engineering Design Associate,17-2071.00,Electrical Engineers,Y,0,"BURNS ENGINEERING, INC.",Washington,DC,107000.0,Year,No,No,107000.0,False
Certified,H-1B,Engineer II - Mechatronics,17-2199.05,Mechatronics Engineers,Y,0,ZF NORTH AMERICA INC.,Northville,MI,99507.0,Year,No,No,99507.0,False
Certified - Withdrawn,H-1B,Research Associate,19-2041.02,Environmental Restoration Planners,Y,1,THE UNIVERSITY OF TEXAS AT AUSTIN,Austin,TX,90000.0,Year,No,No,90000.0,False
Certified - Withdrawn,H-1B,Research Associate,17-2071.00,Electrical Engineers,Y,1,THE UNIVERSITY OF TEXAS AT AUSTIN,Austin,TX,82500.0,Year,No,No,82500.0,False
Certified - Withdrawn,H-1B,Junior Mechanical Design Engineer,17-2141,Mechanical Engineers,Y,1,THIRD WAVE AUTOMATION INC.,Union City,CA,85000.0,Year,No,No,85000.0,True
Certified,H-1B,Associate Architectural Designer,17-1011.00,"Architects, Except Landscape and Naval",Y,1,"PQH GROUP DESIGN, INC.",Jacksonville,FL,42.0,Hour,No,No,87360.0,False
Certified,H-1B,Compliance Engineer II,17-2141.00,Mechanical Engineers,Y,0,GENERAC POWER SYSTEMS,Waukesha,WI,110000.0,Year,No,No,110000.0,False
Certified,H-1B,Quality Engineer II,17-2141.00,Mechanical Engineers,Y,0,THOMSON LINEAR LLC,Marengo,IL,104874.0,Year,No,No,104874.0,False
Certified,H-1B,Associate Environmental Engineer,19-5011.00,Occupational Health and Safety Specialists,Y,0,"TESLA, INC.",Fremont,CA,88400.0,Year,No,No,88400.0,True
Certified,H-1B,Electrical Engineer I,17-2071.00,Electrical Engineers,Y,0,"ZYNEX MONITORING SOLUTIONS, INC",Englewood,CO,100000.0,Year,No,No,100000.0,False
Certified,H-1B,Electrical Engineer 2,17-2071.00,Electrical Engineers,Y,0,BLACK & VEATCH CORPORATION,Paramus,NJ,78686.0,Year,No,No,78686.0,False
Certified,H-1B,Assistant Research Scientist,17-2081.00,Environmental Engineers,Y,0,"UNIVERSITY OF MARYLAND, BALTIMORE COUNTY",Baltimore,MD,81933.0,Year,No,No,81933.0,False
Certified,H-1B,Associate Environmental Engineer,19-5011.00,Occupational Health and Safety Specialists,Y,0,"TESLA, INC.",Oakland,CA,88400.0,Year,No,No,88400.0,True
Certified,H-1B,Electrical Engineer II - Power System Study,17-2071.00,Electrical Engineers,Y,0,"RRC POWER AND ENERGY, LLC",Newark,CA,113330.0,Year,No,No,113330.0,True
Certified,H-1B,Junior Project Engineer,17-2051.00,Civil Engineers,Y,0,PECGA LLC DBA PALMER ENGINEERING COMPANY,Tucker,GA,98200.0,Year,No,No,98200.0,False
Certified,H-1B,Energy Solutions Engineer II,17-2199.03,"Energy Engineers, Except Wind and Solar",Y,0,ECOSAVE INC.,Philadephia,PA,94146.0,Year,No,No,94146.0,False
Certified,H-1B,Electrical Engineer I,17-2071.00,Electrical Engineers,Y,0,M. A. MORTENSON COMPANY,Lubbock,TX,6416.67,Month,No,No,77000.04000000001,False
Certified,H-1B,Associate,17-1011.00,"Architects, Except Landscape and Naval",Y,0,"BEYER BLINDER BELLE, ARCHITECTS AND PLANNERS, LLP",New York,NY,90000.0,Year,No,No,90000.0,False
Certified - Withdrawn,H-1B,Application Engineer I,17-2141.02,Automotive Engineers,Y,1,"DSPACE, INC.",Wixom,MI,91520.0,Year,No,No,91520.0,False
Certified,H-1B,Technical Operations Engineer II,17-2081.00,Environmental Engineers,Y,0,"AMAZON DATA SERVICES, INC",Seattle,WA,150900.0,Year,No,No,150900.0,False
Certified,H-1B,Mechanical Engineer II,17-2141.00,Mechanical Engineers,Y,0,ASM AMERICA INC.,Phoenix,AZ,87090.0,Year,No,No,87090.0,False
Certified,H-1B,Research Associate,17-2051.00,Civil Engineers,Y,0,NORTH CAROLINA STATE UNIVERSITY,Raleigh,NC,70000.0,Year,No,No,70000.0,False
Certified,H-1B,Structural Engineer II,17-2051.00,Civil Engineers,N,0,"ENGINEERED TOWER SOLUTIONS, PLLC",Columbia,SC,70.0,Hour,No,No,145600.0,False
Certified,H-1B,Research Associate,17-2081.00,Environmental Engineers,Y,0,NORTH CAROLINA STATE UNIVERSITY,Raleigh,NC,71000.0,Year,No,No,71000.0,False
Certified,H-1B,Design Engineer II - KBGFJG186914-3,17-2141.00,Mechanical Engineers,Y,0,"MOLEX, LLC",Rochester Hills,MI,100000.0,Year,No,No,100000.0,False
Certified,H-1B,Traffic Engineer II,17-2051.00,Civil Engineers,Y,0,PARSONS TRANSPORTATION GROUP INC.,Peachtree Corners,GA,120000.0,Year,No,No,120000.0,False
Certified,H-1B,Data Center Infrastructure Engineer II,17-2051.00,Civil Engineers,Y,0,"AMAZON DATA SERVICES, INC",Austin,TX,139853.0,Year,No,No,139853.0,False
Certified,H-1B,Assistant Scientist 2,19-2041.00,"Environmental Scientists and Specialists, Including Health",Y,1,THE CONNECTICUT AGRICULTURAL EXPERIMENT STATION,New Haven,CT,90256.0,Year,No,No,90256.0,False
Certified,H-1B,DATA CENTER INFRASTRUCTURE ENGINEER II,17-2051.00,Civil Engineers,Y,0,"AMAZON DATA SERVICES, INC.",HERNDON,VA,144500.0,Year,No,No,144500.0,False
Certified,H-1B,"Engineer I, Autonomous Driving, Vehicle Motion Control",17-2141.02,Automotive Engineers,Y,0,"ISUZU TECHNICAL CENTER OF AMERICA, INC.",Plymouth,MI,87589.0,Year,No,No,87589.0,False
Certified,H-1B,Sustaining Mechanical Engineer II,17-2141.00,Mechanical Engineers,Y,0,ARGON MEDICAL DEVICES,Plano,TX,86466.0,Year,No,No,86466.0,False
Certified,H-1B,ASSISTANT PROFESSOR - CIVIL AND ENVIRONMENTAL ENGINEERING,25-1032.00,"Engineering Teachers, Postsecondary",Y,1,SOUTH DAKOTA SCHOOL OF MINES AND TECHNOLOGY,RAPID CITY,SD,86000.0,Year,No,No,86000.0,False
Certified,H-1B,Intern Architect,17-1011.00,"Architects, Except Landscape and Naval",Y,0,"MGA PARTNERS, LLC",Philadelphia,PA,79227.0,Year,No,No,79227.0,False
Certified,H-1B,Data Center Infrastructure Engineer II,17-2051.00,Civil Engineers,Y,0,"AMAZON DATA SERVICES, INC",San Francisco,CA,109300.0,Year,No,No,109300.0,True
Certified,H-1B,Systems Engineer II,17-2199.06,Microsystems Engineers,Y,0,SITIME CORPORATION,Santa Clara,CA,142000.0,Year,No,No,142000.0,True
Certified,H-1B,Data Center Infrastructure Engineer II,17-2051.00,Civil Engineers,Y,0,"AMAZON DATA SERVICES, INC",Austin,TX,140000.0,Year,No,No,140000.0,False
Certified,H-1B,Associate Technical Consultant,17-2071.00,Electrical Engineers,Y,0,"BURNS & MCDONNELL ENGINEERING COMPANY, INC.",FT WORTH,TX,154735.0,Year,No,No,154735.0,False
Certified - Withdrawn,H-1B,Quality Engineer II,17-2141.00,Mechanical Engineers,Y,0,THOMSON LINEAR LLC,Marengo,IL,104874.0,Year,No,No,104874.0,False
Certified,H-1B,Technical Operations Engineer II,17-2071.00,Electrical Engineers,Y,0,"AMAZON DATA SERVICES, INC",Herndon,VA,140000.0,Year,No,No,140000.0,False
Certified,H-1B,Assistant Research Professor,17-2199.03,"Energy Engineers, Except Wind and Solar",Y,0,NORTH CAROLINA STATE UNIVERSITY,Raleigh,NC,94000.0,Year,No,No,94000.0,False
Certified - Withdrawn,H-1B,Graduate Engineer,17-2051.00,Civil Engineers,Y,0,"WESTWOOD PROFESSIONAL SERVICES, INC.",Las Vegas,NV,65000.0,Year,No,No,65000.0,False
Certified,H-1B,Controls Engineer 2,17-2072.00,"Electronics Engineers, Except Computer",Y,0,GREAT LAKES CHEESE CO. INC.,Hiram,OH,98000.0,Year,No,No,98000.0,False
Certified,H-1B,Project Associate,17-1011.00,"Architects, Except Landscape and Naval",Y,0,"E4H – ENVIRONMENTS FOR HEALTH, LLC",New York,NY,91768.0,Year,No,No,91768.0,False
Certified,H-1B,Associate Architect,17-1011.00,"Architects, Except Landscape and Naval",Y,0,LEHMAN SMITH & MCLEISH PLLC,Washington,DC,133000.0,Year,No,No,133000.0,False
Certified,H-1B,Traffic Engineer in Training (EIT),17-2051.01,Transportation Engineers,Y,0,"HDR ENGINEERING, INC.",Houston,TX,75004.8,Year,No,No,75004.8,False
Certified,H-1B,Associate Signaling Commissioning Engineer,17-2141.00,Mechanical Engineers,Y,0,"HITACHI RAIL STS USA, INC.",El Segundo,CA,115000.0,Year,No,No,115000.0,True
Certified,H-1B,Quality Engineer II,17-2141.00,Mechanical Engineers,Y,0,"FREUDENBERG MEDICAL, LLC",Carpinteria,CA,107625.0,Year,No,No,107625.0,True
Certified,H-1B,Research Assistant Professor,17-2071.00,Electrical Engineers,Y,1,VIRGINIA POLYTECHNIC INSTITUTE & STATE UNIVERSITY,Blacksburg,VA,77106.0,Year,No,No,77106.0,False
Certified,H-1B,GRADUATE ENGINEER,17-2051.00,Civil Engineers,Y,0,"ANLARR CONSTRUCTION, LLC",HOUSTON,TX,41.07,Hour,No,No,85425.6,False
Certified,H-1B,Design Engineer II,17-2051.00,Civil Engineers,Y,0,"LEA & BRAZE ENGINEERING, INC.",San Jose,CA,114400.0,Year,No,No,114400.0,True
Certified,H-1B,Product Engineer II,17-2141.00,Mechanical Engineers,N,0,"ALTAIR PRODUCTDESIGN, INC.",Novi,MI,42.11,Hour,No,Yes,87588.8,False
Certified - Withdrawn,H-1B,Project Engineer Associate,17-2141.00,Mechanical Engineers,Y,1,"M.C. DEAN, INC.",Riverdale,MD,84000.8,Year,No,No,84000.8,False
Certified,H-1B,"Engineer II, Defect Engineering",17-2141.00,Mechanical Engineers,Y,0,"LG ENERGY SOLUTION MICHIGAN, INC.",Holland,MI,77189.0,Year,No,No,77189.0,False
Certified,H-1B,Engineer II- New Product Development,17-2141.00,Mechanical Engineers,Y,0,CLIMATE CONTROL GROUP INC,Oklahoma City,OK,78603.0,Year,No,No,78603.0,False
Certified,H-1B,Mechanical Engineer II,17-2141.00,Mechanical Engineers,Y,0,ASM AMERICA INC.,Phoenix,AZ,87090.0,Year,No,No,87090.0,False
Certified,H-1B,"Engineer I, Autonomous & Artificial Intelligence",17-2141.02,Automotive Engineers,Y,0,"ISUZU TECHNICAL CENTER OF AMERICA, INC.",Plymouth,MI,128690.0,Year,No,No,128690.0,False
Certified,H-1B,Associate Electrical Engineer,17-2071.00,Electrical Engineers,Y,0,"MILHOUSE ENGINEERING & CONSTRUCTION, INC.",Chicago,IL,132912.0,Year,No,No,132912.0,False
Certified,H-1B,Architectural Designer  (Level II),17-1011.00,"Architects, Except Landscape and Naval",Y,0,HANDEL ARCHITECTS LLP,New York,NY,78000.0,Year,No,No,78000.0,False
Certified,H-1B,Systems Engineer II,17-2141.00,Mechanical Engineers,Y,1,"KINKISHARYO INTERNATIONAL, LLC",El Segundo,CA,115000.0,Year,No,No,115000.0,True
Certified,H-1B,Junior QC/Field Engineer,17-2051.00,Civil Engineers,Y,0,BAUER FOUNDATION CORP.,Odessa,FL,67500.0,Year,No,No,67500.0,False
Certified,H-1B,Roadway Engineer 2/ Civil Engineer 2,17-2051.00,Civil Engineers,Y,0,KIEWIT ENGINEERING GROUP INC.,Westlake,TX,97257.16,Year,No,No,97257.16,False
Certified,H-1B,Assistant Professor of Mechanical Engineering,25-1032.00,"Engineering Teachers, Postsecondary",Y,1,WESTERN NEW ENGLAND UNIVERSITY,Springfield,MA,95000.0,Year,No,No,95000.0,False
Certified - Withdrawn,H-1B,"Graduate Engineer, Structural ",17-2051.00,Civil Engineers,Y,1,"I & S GROUP, INC.",Mankato,MN,66706.0,Year,No,No,66706.0,False
Certified,H-1B,"Functional Safety Engineer II, Energy",17-2071.00,Electrical Engineers,Y,0,"RIVIAN AND VW GROUP TECHNOLOGY, LLC",Tustin,CA,139000.0,Year,No,No,139000.0,True
Certified,H-1B,Distribution Engineer II,17-2071.00,Electrical Engineers,Y,0,"MILHOUSE ENGINEERING & CONSTRUCTION, INC.",Chicago,IL,75307.0,Year,No,No,75307.0,False
Certified,H-1B,Graduate Engineer II - Structures,17-2051.00,Civil Engineers,Y,0,"WALTER P. MOORE & ASSOCIATES, INC.",Washington,DC,90500.0,Year,No,No,90500.0,False
Certified - Withdrawn,H-1B,Research Assistant Engineer,17-2199.08,Robotics Engineers,Y,1,CALIFORNIA INSTITUTE OF TECHNOLOGY,Pasadena,CA,85000.0,Year,No,No,85000.0,True
Certified,H-1B,Transmission Line EIT,17-2051.00,Civil Engineers,Y,0,STANTEC CONSULTING SERVICES INC.,San Diego,CA,103958.4,Year,No,No,103958.4,True
Certified,H-1B,Engineer II – New Product Development,17-2141.00,Mechanical Engineers,Y,0,CLIMATE CONTROL GROUP INC,Oklahoma City,OK,78603.0,Year,No,No,78603.0,False
Certified,H-1B,Mechanical Engineer II,17-2141.00,Mechanical Engineers,Y,0,DAIFUKU AIRPORT AMERICA CORPORATION,Novi,MI,87022.44,Year,No,No,87022.44,False
Certified,H-1B,Associate Research Scientist,19-2041.00,"Environmental Scientists and Specialists, Including Health",Y,1,COLUMBIA UNIVERSITY,New York,NY,90000.0,Year,No,No,90000.0,False
Certified,H-1B,Equipment Engineer 2,17-2141.00,Mechanical Engineers,Y,0,"L-H BATTERY COMPANY, INC.",Jeffersonville,OH,76000.0,Year,No,No,76000.0,False
Certified,H-1B,Engineering Specialist I,17-2071.00,Electrical Engineers,Y,0,"BURNS ENGINEERING, INC.",New York,NY,100000.0,Year,No,No,100000.0,False
Certified,H-1B,QUALITY ENGINEER II,17-2141.00,Mechanical Engineers,Y,0,"INTELLECTT, INC.",DRAPER,UT,44.0,Hour,No,Yes,91520.0,False
Certified,H-1B,Engineer II- Mechanical,17-2141.00,Mechanical Engineers,Y,0,"THE VOLLRATH COMPANY, LLC",Sheboygan,WI,81689.0,Year,No,No,81689.0,False
Certified,H-1B,DATA CENTER INFRASTRUCTURE ENGINEER II,17-2051.00,Civil Engineers,Y,0,"AMAZON DATA SERVICES, INC.",SEATTLE,WA,151000.0,Year,No,No,151000.0,False
Certified,H-1B1 Chile,Architectural Associate,17-1011.00,"Architects, Except Landscape and Naval",Y,1,STUDIO LUCK LLC,AUSTIN,TX,78000.0,Year,,,78000.0,False
Certified,H-1B,System Operations Engineer II,17-2071.00,Electrical Engineers,Y,0,"MIDCONTINENT INDEPENDENT SYSTEM OPERATOR, INC.",Eagan,MN,110000.0,Year,No,No,110000.0,False
Certified,H-1B,ADAS Development Engineer II,17-2141.00,Mechanical Engineers,N,0,"ROUSH MANAGEMENT, LLC",Allen Park,MI,42.11,Hour,No,No,87588.8,False
Certified,H-1B,Project Associate,17-1011.00,"Architects, Except Landscape and Naval",Y,0,"E4H – ENVIRONMENTS FOR HEALTH, LLC",New York,NY,91768.04,Year,No,No,91768.04,False
Certified - Withdrawn,H-1B,Systems Engineer II,17-2141.00,Mechanical Engineers,Y,0,"KINKISHARYO INTERNATIONAL, LLC",El Segundo,CA,115000.0,Year,No,No,115000.0,True
Certified - Withdrawn,H-1B,Junior QC/Field Engineer,17-2051.00,Civil Engineers,Y,0,BAUER FOUNDATION CORP.,El Paso,TX,67500.0,Year,No,No,67500.0,False
Certified - Withdrawn,H-1B,Design Engineer II,17-2141.00,Mechanical Engineers,Y,0,"GOKEN AMERICA, LLC",Dublin,OH,33.79,Hour,No,Yes,70283.2,False
Certified - Withdrawn,H-1B,CAE Engineer II,17-2141.00,Mechanical Engineers,Y,1,"GOKEN AMERICA, LLC",Dublin,OH,38.84,Hour,No,Yes,80787.20000000001,False
Certified - Withdrawn,H-1B,Design Engineer II,17-2141.00,Mechanical Engineers,Y,0,"GOKEN AMERICA, LLC",Dublin,OH,31.17,Hour,No,Yes,64833.600000000006,False
Certified - Withdrawn,H-1B,Design Engineer II,17-2141.00,Mechanical Engineers,Y,0,"GOKEN AMERICA, LLC",Dublin,OH,31.17,Hour,No,Yes,64833.600000000006,False
Certified - Withdrawn,H-1B,Design Engineer II,17-2141.00,Mechanical Engineers,Y,0,"GOKEN AMERICA, LLC",Dublin,OH,50.81,Hour,No,Yes,105684.8,False
Certified - Withdrawn,H-1B,Design Engineer II,17-2141.00,Mechanical Engineers,Y,0,"GOKEN AMERICA, LLC",Dublin,OH,35.7,Hour,No,Yes,74256.0,False
Certified,H-1B,Data Centre Infrastructure Engineer I,17-2051.00,Civil Engineers,Y,0,"AMAZON DATA SERVICES, INC",Umatilla,OR,135000.0,Year,No,No,135000.0,False
Certified,H-1B,Engineer II,17-2141.00,Mechanical Engineers,Y,0,"GENTHERM MEDICAL, LLC",Cincinnati,OH,102505.0,Year,No,No,102505.0,False
Certified,H-1B,Mechanical Engineer 2,17-2141.00,Mechanical Engineers,Y,0,CAPGEMINI AMERICA INC,AUBURN HILLS,MI,125000.0,Year,No,Yes,125000.0,False
Certified,H-1B,Electrical Engineer 2,17-2071.00,Electrical Engineers,Y,0,"HOLOGIC, INC.",Newark,DE,111935.25,Year,No,No,111935.25,False
Certified,H-1B,Wireless Systems Engineer II,17-2071.00,Electrical Engineers,Y,1,"STARKEY LABORATORIES, INC.",Eden Prairie,MN,110000.0,Year,No,No,110000.0,False
Certified - Withdrawn,H-1B,"Associate Consultant, Plumbing Engineering",17-2141.00,Mechanical Engineers,Y,0,WSP USA BUILDINGS INC.,Boston,MA,95305.6,Year,No,No,95305.6,False
Certified,H-1B,Data Center Infrastructure Engineer II,17-2051.00,Civil Engineers,Y,0,"AMAZON DATA SERVICES, INC",Herndon,VA,139853.0,Year,No,No,139853.0,False
Certified,H-1B,"Engineer II, Autonomous Driving, Toolchain",17-2141.02,Automotive Engineers,Y,0,"ISUZU TECHNICAL CENTER OF AMERICA, INC.",Plymouth,MI,102731.0,Year,No,No,102731.0,False
Certified,H-1B,Project Engineer I,17-2051.02,Water/Wastewater Engineers,Y,0,"RUMMEL, KLEPPER & KAHL, LLP",Lakeland,FL,46.65,Hour,No,No,97032.0,False
Certified,H-1B,Research Engineer I,17-2141.00,Mechanical Engineers,Y,1,GEORGIA INSTITUTE OF TECHNOLOGY,Atlanta,GA,83000.0,Year,No,No,83000.0,False
Certified,H-1B,Manufacturing (MFG) Process Engineer II,17-2141.00,Mechanical Engineers,Y,0,"RANI THERAPEUTICS, LLC",San Jose,CA,57.69,Hour,No,No,119995.2,True
Certified,H-1B,Flight Control System Engineer 2,17-2071.00,Electrical Engineers,Y,0,GARMIN INTERNATIONAL INC.,Olathe,KS,105000.0,Year,No,No,105000.0,False
Certified,H-1B,Design & Application Engineer II,17-2141.00,Mechanical Engineers,Y,0,"QUINTEC INTEGRATION, INC.",Waukesha,WI,110000.0,Year,No,No,110000.0,False
Certified,H-1B,Electronic Design Engineer II,17-2071.00,Electrical Engineers,Y,0,"RIVIAN AND VW GROUP TECHNOLOGY, LLC",Palo Alto,CA,130127.41,Year,No,No,130127.41,True
Certified,H-1B,Manufacturing Engineer 1,17-2141.00,Mechanical Engineers,Y,0,HEARTH & HOME TECHNOLOGIES,Lake City,MN,90334.0,Year,No,No,90334.0,False
Certified,H-1B,Assistant Project Engineer,17-2051.00,Civil Engineers,Y,0,"NEYER, TISEO & HINDO, LTD. DBA NTH CONSULTANTS, LTD.",Northville,MI,74192.19,Year,No,No,74192.19,False
Certified,H-1B,SUBSTATION ENGINEER II,17-2071.00,Electrical Engineers,Y,0,"EVS, INC.",OKLAHOMA CITY,OK,120000.0,Year,No,No,120000.0,False
Certified - Withdrawn,H-1B,ENVIRONMENTAL ENGINEER 2,17-2081.00,Environmental Engineers,Y,0,STATE OF WASHINGTON DEPARTMENT OF ECOLOGY,LACEY,WA,82344.0,Year,No,No,82344.0,False
Certified,H-1B,Mechanical Engineer II,17-2141.00,Mechanical Engineers,Y,1,"OMRON ROBOTICS AND SAFETY TECHNOLOGIES, INC.",Pleasanton,CA,118810.0,Year,No,No,118810.0,True
Certified - Withdrawn,H-1B,"Quality Engineer II, Production Support",17-2141.00,Mechanical Engineers,Y,0,"INTERSECT ENT, INC.",Menlo Park,CA,104062.0,Year,No,No,104062.0,True
Certified,H-1B,Associate Engineer,17-2051.00,Civil Engineers,Y,0,"OLSSON, INC.",Oklahoma City,OK,80000.0,Year,No,No,80000.0,False
Certified,H-1B,Data Center Infrastructure Engineer II,17-2051.00,Civil Engineers,Y,0,"AMAZON DATA SERVICES, INC",Umatilla,OR,144165.0,Year,No,No,144165.0,False
Certified,H-1B,Project Engineer 1,17-2051.00,Civil Engineers,Y,0,KIEWIT INFRASTRUCTURE WEST CO.,Fountain Valley,CA,96821.0,Year,No,No,96821.0,True
Certified,H-1B,Project Engineer II,17-2051.00,Civil Engineers,Y,0,"BOOTH AND ASSOCIATES, LLC",Raleigh,NC,98904.0,Year,No,No,98904.0,False
Certified,H-1B,Associate Engineer,17-2051.00,Civil Engineers,Y,1,"OLSSON, INC.",Oklahoma City,OK,80000.0,Year,No,No,80000.0,False
Certified,H-1B,"Engineer II, Substation Design",17-2071.00,Electrical Engineers,Y,0,"LEE COUNTY ELECTRIC COOPERATIVE, INC",North Ft. Myers,FL,108805.0,Year,No,No,108805.0,False
Certified,H-1B,Manufacturing (MFG) Process Engineer II,17-2141.00,Mechanical Engineers,N,0,"RANI THERAPEUTICS, LLC",San Jose,CA,57.69,Hour,No,No,119995.2,True
Certified,H-1B,Design Associate,17-1011.00,"Architects, Except Landscape and Naval",Y,0,"PMCS GROUP, INC.",Long Beach,CA,125000.0,Year,No,No,125000.0,True
Certified,H-1B,Field/Office Engineer 2,17-2051.00,Civil Engineers,Y,0,"KIEWIT ENERGY GROUP, INC.",Houston,TX,95472.52,Year,No,No,95472.52,False
Certified - Withdrawn,H-1B,Systems Studies Engineer I,17-2071.00,Electrical Engineers,Y,1,"MITSUBISHI ELECTRIC POWER PRODUCTS, INC.",Pittsburgh,PA,73810.0,Year,No,No,73810.0,False
Certified,H-1B,Design Associate,17-1011.00,"Architects, Except Landscape and Naval",Y,0,MISSION MERIDIAN LLC,Pasadena,CA,130000.0,Year,No,No,130000.0,True
Certified,H-1B,Research Associate,19-2041.00,"Environmental Scientists and Specialists, Including Health",Y,1,UNIVERSITY OF MASSACHUSETTS DARTMOUTH,New Bedford,MA,68224.0,Year,No,No,68224.0,False
Certified,H-1B,R&D Engineer 1,17-2071.00,Electrical Engineers,Y,1,"TRIAD NATIONAL SECURITY, LLC",Los Alamos,NM,129000.0,Year,No,No,129000.0,False
Certified,H-1B,Mechanical Engineer II,17-2141.00,Mechanical Engineers,Y,0,ASM AMERICA INC.,Phoenix,AZ,87090.0,Year,No,No,87090.0,False
Certified,H-1B,Optical Engineer II,17-2071.00,Electrical Engineers,Y,0,NOVANTA CORPORATION,Bedford,MA,125328.48,Year,No,No,125328.48,False
Certified,H-1B,Project Engineer II - Energy Efficiency,17-2199.03,"Energy Engineers, Except Wind and Solar",Y,0,RESOURCE INNOVATIONS INC.,Chandler,AZ,95000.0,Year,No,No,95000.0,False
Certified,H-1B,Engineer I,17-2141.00,Mechanical Engineers,Y,0,"SMITH SECKMAN REID, INC.",Tampa,FL,94806.0,Year,No,No,94806.0,False
Certified,H-1B,Assistant Research Scientist,19-2041.00,"Environmental Scientists and Specialists, Including Health",Y,0,"UNIVERSITY OF MARYLAND, BALTIMORE COUNTY",Baltimore,MD,77840.0,Year,No,No,77840.0,False
Certified,H-1B,Engineer I,17-2141.00,Mechanical Engineers,Y,0,"SAMSUNG AUSTIN SEMICONDUCTOR, LLC.",Austin,TX,89419.0,Year,No,No,89419.0,False
Certified,H-1B,Data Centre Infrastructure Engineer I,17-2051.00,Civil Engineers,Y,0,"AMAZON DATA SERVICES, INC",Herndon,VA,134200.0,Year,No,No,134200.0,False
Certified,H-1B,Systems Test Engineer II,17-2141.00,Mechanical Engineers,Y,0,"RIVIAN AND VW GROUP TECHNOLOGY, LLC",Palo Alto,CA,157080.0,Year,No,No,157080.0,True
Certified,H-1B,Site Quality Specialist I,17-2141.00,Mechanical Engineers,Y,0,INTELLECTT INC,Durham,NC,42.58,Hour,No,Yes,88566.4,False
Certified,H-1B,Graduate Engineer,17-2051.00,Civil Engineers,Y,0,"L.A. FUESS PARTNERS, INC.",Austin,TX,90000.0,Year,No,No,90000.0,False
Certified,H-1B,Project Engineer I,17-2051.00,Civil Engineers,Y,0,"NICHOLS CONSULTING ENGINEERS, CHTD",Anaheim,CA,92000.0,Year,No,No,92000.0,True
Certified - Withdrawn,H-1B,Mechanical Engineer II,17-2141,Mechanical Engineers,Y,0,"SGM ENGINEERING, INC.",Orlando,FL,81000.0,Year,No,No,81000.0,False
Certified - Withdrawn,H-1B,Environmental Engineer II,17-2081.00,Environmental Engineers,Y,1,"BRICE ENGINEERING, LLC",Fairbanks,AK,85280.0,Year,No,No,85280.0,False
Certified - Withdrawn,H-1B,Design Engineer I,17-2051.00,Civil Engineers,Y,1,SHERWOOD DESIGN ENGINEERS LTD,San Francisco,CA,85000.0,Year,No,No,85000.0,True
Certified - Withdrawn,H-1B,Rotational Engineer,17-2051.00,Civil Engineers,Y,1,PINKARD CONSTRUCTION CO,Lakewood,CO,74000.0,Year,No,No,74000.0,False
Certified,H-1B,Project Engineer II,17-2051.02,Water/Wastewater Engineers,Y,0,"RUMMEL, KLEPPER & KAHL, LLP",Fairfax,VA,53.8,Hour,No,No,111904.0,False
Certified,H-1B1 Singapore,Junior Architect,17-1011.00,"Architects, Except Landscape and Naval",Y,1,CURTIS AND GINSBERG ARCHITECTS LLP,New York,NY,71000.0,Month,,,852000.0,False
Certified,H-1B,Completions Technical Specialist II,17-2141.00,Mechanical Engineers,Y,0,GULFSTREAM AEROSPACE CORPORATION,Savannah,GA,165711.0,Year,No,No,165711.0,False
Certified,H-1B,Technical Operations Engineer I,17-2051.00,Civil Engineers,Y,0,"AMAZON DATA SERVICES, INC",Santa Clara,CA,141000.0,Year,No,No,141000.0,True
Certified,H-1B,Mechanical Engineer II,17-2141.00,Mechanical Engineers,Y,0,"AFFILIATED ENGINEERS W, INC.",San Francisco,CA,120000.0,Year,No,No,120000.0,True
Certified,H-1B,Electrical Engineer I,17-2071.00,Electrical Engineers,Y,1,QIKCONNEX LLC,Skillman,NJ,88000.0,Year,No,No,88000.0,False
Certified,H-1B,Engineer I - Project Development,17-2051.00,Civil Engineers,Y,0,CLIMAX MOLYBDENUM COMPANY,Fort Madison,IA,85600.0,Year,No,No,85600.0,False
Certified,H-1B,Junior Electrical Design Engineer,17-2071.00,Electrical Engineers,Y,0,"ENGINEERING CONSULTANTS, INC",Boise,ID,87720.0,Year,No,No,87720.0,False
Certified,H-1B,DESIGN ASSOCIATE,17-1011.00,"Architects, Except Landscape and Naval",Y,0,SIMPSON & SIMPSON MANAGEMENT CONSULTING INC.,LOS ANGELES,CA,66.5,Hour,No,No,138320.0,True
Certified,H-1B,HARDWARE DEVELOPMENT ENGINEER II,17-2071.00,Electrical Engineers,Y,0,"AMAZON WEB SERVICES, INC.",SEATTLE,WA,152600.0,Year,No,No,152600.0,False
Certified,H-1B,SUSTAINABILITY SPECIALIST II,13-1199.05,Sustainability Specialists,Y,0,"AMAZON DATA SERVICES, INC.",SEATTLE,WA,140000.0,Year,No,No,140000.0,False
Certified,H-1B,Design Engineer I,17-2141.00,Mechanical Engineers,Y,0,"GOKEN AMERICA, LLC",Dublin,OH,33.79,Hour,No,Yes,70283.2,False
Certified,H-1B,Data Center Infrastructure Engineer II,17-2051.00,Civil Engineers,Y,0,"AMAZON DATA SERVICES, INC",Seattle,WA,144000.0,Year,No,No,144000.0,False
Certified,H-1B,Mechanical Project Engineer I,17-2141.00,Mechanical Engineers,Y,0,IMEG CONSULTANTS CORP.,Ontario,CA,94640.0,Year,No,No,94640.0,True
Certified,H-1B,"Machine Learning Engineer 2, Robotics",17-2199.08,Robotics Engineers,Y,0,"TORC ROBOTICS, INC.",Dexter,MI,178000.0,Year,No,No,178000.0,False
Certified,H-1B,Research Assistant Professor,17-2051.00,Civil Engineers,Y,1,THE UNIVERSITY OF TENNESSEE,Knoxville,TN,102499.92,Year,No,No,102499.92,False
Certified - Withdrawn,H-1B,Mechanical Integrity Engineer II,17-2141.00,Mechanical Engineers,Y,0,"MISTRAS GROUP, INC.",Deer Park ,TX,175000.0,Year,No,No,175000.0,False
Certified - Withdrawn,H-1B,Interior Core Engineer II,17-2141.00,Mechanical Engineers,Y,1,"RIVIAN AUTOMOTIVE, LLC",Irvine,CA,105692.0,Year,No,No,105692.0,True
Certified,H-1B,Data Center Infrastructure Engineer II,17-2051.00,Civil Engineers,Y,0,"AMAZON DATA SERVICES, INC",Herndon,VA,144165.0,Year,No,No,144165.0,False
Certified,H-1B,Research Associate,17-2141.00,Mechanical Engineers,Y,1,THE UNIVERSITY OF TEXAS AT DALLAS,Richardson,TX,53000.0,Year,No,No,53000.0,False
Certified,H-1B,Structural Engineer 2,17-2051.00,Civil Engineers,Y,0,ENERGY INSPECTORS LLC,Union,CA,125000.0,Year,No,No,125000.0,True
Certified,H-1B,Data Center Infrastructure Engineer II,17-2051.00,Civil Engineers,Y,0,"AMAZON DATA SERVICES, INC",Seattle,WA,120600.0,Year,No,No,120600.0,False
Certified,H-1B,Mechanical Engineer II,17-2141.00,Mechanical Engineers,Y,0,ASM AMERICA INC.,Phoenix,AZ,87090.0,Year,No,No,87090.0,False
Certified,H-1B,Assistant Civil Engineer,17-2051.00,Civil Engineers,Y,1,DOKKEN ENGINEERING,San Diego,CA,79040.0,Year,No,No,79040.0,True
Certified,H-1B,System Admin/Engineer II,17-2141.00,Mechanical Engineers,Y,0,AMAZON.COM SERVICES LLC,Austin,TX,114960.0,Year,No,No,114960.0,False
Certified,H-1B,Manufacturing Engineer II,17-2141.00,Mechanical Engineers,Y,0,MILWAUKEE ELECTRIC TOOL CORPORATION,Greenwood,MS,84133.0,Year,No,No,84133.0,False
Certified - Withdrawn,H-1B,Manufacturing Engineer 1,17-2141.00,Mechanical Engineers,Y,0,HNI CORPORATION,Lake City,MN,90334.0,Year,No,No,90334.0,False
Certified - Withdrawn,H-1B,TTI Assistant Research Scientist,17-2051.00,Civil Engineers,Y,0,TEXAS A&M TRANSPORTATION INSTITUTE,Austin,TX,100838.0,Year,No,No,100838.0,False
Certified,H-1B,Engineering Operations Trainee,17-2141.00,Mechanical Engineers,Y,1,BUNGE NORTH AMERICA (EAST) LLC,Decatur,IN,77000.0,Year,No,No,77000.0,False
Certified,H-1B,Project Engineer II,17-2051.00,Civil Engineers,Y,0,FLATIRON CONSTRUCTION CORP.,Santa Fe Springs,CA,122999.0,Year,No,No,122999.0,True
Certified,H-1B,Data Centre Infrastructure Engineer I,17-2051.00,Civil Engineers,Y,0,"AMAZON DATA SERVICES, INC",Herndon,VA,106240.0,Year,No,No,106240.0,False
Certified,H-1B,Traffic Applications Engineer II,17-2051.00,Civil Engineers,Y,0,"ECONOLITE CONTROL PRODUCTS, INC.",Anaheim,CA,114012.08,Year,No,No,114012.08,True
Certified,H-1B,Engineer I - Systems,17-2141.00,Mechanical Engineers,Y,0,ZF PASSIVE SAFETY SYSTEMS US LLC,Washington,MI,105751.0,Year,No,No,105751.0,False
Certified,H-1B,Rail/Transit Project Engineer II,17-2051.00,Civil Engineers,Y,0,"RUMMEL, KLEPPER & KAHL, LLP",Baltimore,MD,49.38,Hour,No,No,102710.40000000001,False
Certified,H-1B,Braking Controls Engineer II,17-2199.05,Mechatronics Engineers,Y,0,ZF ACTIVE SAFETY US INC.,Livonia,MI,91813.0,Year,No,No,91813.0,False
Certified,H-1B,Assistant Professor of Mechanical Engineering,25-1032.00,"Engineering Teachers, Postsecondary",Y,1,UTAH TECH UNIVERSITY,St. George,UT,95600.0,Year,No,No,95600.0,False
Certified,H-1B,RESEARCH SCIENTIST II,17-2141.00,Mechanical Engineers,Y,1,AMAZON.COM SERVICES LLC,SUNNYVALE,CA,190700.0,Year,No,No,190700.0,True
Certified,H-1B,Associate /Junior designer,17-1011.00,"Architects, Except Landscape and Naval",Y,1,CONTINUUM ARCHITECTS AND PLANNERS S.C.,Milwaukee,WI,62338.0,Year,No,No,62338.0,False
Certified,H-1B,Geomechanical Engineer II,17-2151.00,"Mining and Geological Engineers, Including Mining Safety Engineers",Y,0,CLIMAX MOLYBDENUM COMPANY,Climax,CO,107744.0,Year,No,No,107744.0,False
Certified,H-1B,SUBSTATION ENGINEER II,17-2071.00,Electrical Engineers,Y,0,"EVS, INC.",OKLAHOMA CITY,OK,120000.0,Year,No,No,120000.0,False
Certified,H-1B,DATA CENTER INFRASTRUCTURE ENGINEER II,17-2051.00,Civil Engineers,Y,0,"AMAZON DATA SERVICES, INC.",SEATTLE,WA,144165.0,Year,No,No,144165.0,False
Certified,H-1B,Engineer I,17-2051.00,Civil Engineers,Y,0,"PAPE-DAWSON CONSULTING ENGINEERS, LLC",Plano,TX,80000.0,Year,No,No,80000.0,False
Certified,H-1B,Assistant Project Scientist,17-2141.00,Mechanical Engineers,Y,0,"UNIVERSITY OF CALIFORNIA, DAVIS",Davis,CA,94400.0,Year,No,No,94400.0,True
Certified,H-1B,Power Engineer I,17-2071.00,Electrical Engineers,Y,0,FREEPORT MINERALS CORPORATION,Phoenix,AZ,88900.0,Year,No,No,88900.0,False
Certified,H-1B,Design Engineer II,17-2141.00,Mechanical Engineers,Y,0,FREIGHTLINER CUSTOM CHASSIS CORPORATION,Gaffney,SC,104616.0,Year,No,No,104616.0,False
Certified,H-1B,Field Service Engineer 2,17-2141.00,Mechanical Engineers,Y,0,"ASML US, LLC",Phoenix,AZ,78105.0,Year,No,No,78105.0,False
Certified,H-1B,Research Engineer II,17-2071.00,Electrical Engineers,Y,1,GEORGIA INSTITUTE OF TECHNOLOGY,Forest Park,GA,87500.0,Year,No,No,87500.0,False
Certified,H-1B,Scientific Engineering Associate,17-2199.00,"Engineers, All Other",Y,1,LAWRENCE BERKELEY NATIONAL LABORATORY,Berkeley,CA,123768.0,Year,No,No,123768.0,True
Certified,H-1B,Engineer I,17-2051.00,Civil Engineers,Y,0,"BRAND SHARED SERVICES, LLC",Tempe,AZ,70000.0,Year,No,No,70000.0,False
Certified,H-1B,Project Engineer I,17-2051.00,Civil Engineers,Y,0,"RUMMEL, KLEPPER & KAHL, LLP",Tampa,FL,48.36,Hour,No,No,100588.8,False
Certified,H-1B1 Singapore,Junior Architect,17-1011.00,"Architects, Except Landscape and Naval",Y,1,CURTIS AND GINSBERG ARCHITECTS LLP,New York,NY,71000.0,Year,,,71000.0,False
Certified,H-1B,System Design Engineer II,17-2141.00,Mechanical Engineers,Y,0,TRANE TECHNOLOGIES COMPANY LLC,La Crosse,WI,103564.5,Year,No,No,103564.5,False
Certified,H-1B,Electromobility Engineering Associate,17-2071.00,Electrical Engineers,Y,1,"DKS ASSOCIATES, INC.",Seattle,WA,97115.2,Year,No,No,97115.2,False
Certified,H-1B,Associate Equipment Engineer,17-2141.00,Mechanical Engineers,Y,0,"TESLA, INC.",Austin,TX,90000.0,Year,No,No,90000.0,False
Certified,H-1B,Associate Equipment Engineer,17-2141.00,Mechanical Engineers,Y,0,"TESLA, INC.",Austin,TX,90000.0,Year,No,No,90000.0,False
Certified,H-1B,Design Engineer Associate,17-2071.00,Electrical Engineers,Y,1,"M.C. DEAN, INC.",Tysons,VA,44.61,Hour,No,No,92788.8,False
Certified,H-1B,Junior Architect,17-1011.00,"Architects, Except Landscape and Naval",Y,0,CAPLAN AND COLAKU ARCHITECTURE DPC,New York,NY,75000.0,Year,No,No,75000.0,False
Certified,H-1B,Assistant Project Scientist,17-2141.00,Mechanical Engineers,Y,0,"UNIVERSITY OF CALIFORNIA, DAVIS",Davis,CA,94400.0,Year,No,No,94400.0,True
Certified,H-1B,Research Associate,17-2141.00,Mechanical Engineers,Y,1,THE UNIVERSITY OF TEXAS AT DALLAS,Richardson,TX,53000.0,Year,No,No,53000.0,False
Certified,H-1B,Forensic Engineer I,17-2051.00,Civil Engineers,Y,0,"DONAN SOLUTIONS, LLC",Louisville,KY,100000.0,Year,No,No,100000.0,False
Certified,H-1B,Project Engineer II,17-2071.00,Electrical Engineers,Y,0,GREIF PACKAGING LLC,Alsip,IL,124666.89,Year,No,No,124666.89,False
Certified,H-1B,Associate Engineer,17-2051.01,Transportation Engineers,Y,0,"PTV AMERICA, INC.",Portland,OR,95000.0,Year,No,No,95000.0,False
Certified - Withdrawn,H-1B,Civil Engineer EIT,17-2051.00,Civil Engineers,Y,1,STANTEC CONSULTING SERVICES INC.,Deerfield Beach,FL,65000.0,Year,No,No,65000.0,False
Certified,H-1B,Structural Engineer II,17-2051.00,Civil Engineers,Y,0,"MILHOUSE ENGINEERING & CONSTRUCTION, INC.",Palatine,IL,86736.0,Year,No,No,86736.0,False
Certified,H-1B,Design Engineer II,17-2141.00,Mechanical Engineers,Y,0,"GOKEN AMERICA, LLC",Dublin,OH,33.79,Hour,No,Yes,70283.2,False
Certified,H-1B,Electrical Field Engineer 2,17-2071,Electrical Engineers,Y,0,BLACK & VEATCH CORPORATION,Overland Park,KS,79144.0,Year,No,No,79144.0,False
Certified,H-1B,Structural Engineer I,17-2051.00,Civil Engineers,Y,0,AECOM TECHNICAL SERVICES INC,Rocky Hill,CT,80818.0,Year,No,No,80818.0,False
Certified,H-1B,Research Engineer I,17-2141.00,Mechanical Engineers,Y,1,GEORGIA INSTITUTE OF TECHNOLOGY,Atlanta,GA,60215.0,Year,No,No,60215.0,False
Certified,H-1B,Data Center Infrastructure Engineer II,17-2051.00,Civil Engineers,Y,0,"AMAZON DATA SERVICES, INC",Herndon,VA,116800.0,Year,No,No,116800.0,False
Certified,H-1B,"Engineer II, Electrical",17-2071.00,Electrical Engineers,Y,0,BOSTON SCIENTIFIC CORPORATION,Woburn,MA,113214.0,Year,No,No,113214.0,False
Certified,H-1B,Research Associate,17-2081.00,Environmental Engineers,Y,0,RESEARCH FOUNDATION OF CUNY,Brooklyn,NY,92000.0,Year,No,No,92000.0,False
Certified,H-1B,Data Center Infrastructure Engineer II,17-2051.00,Civil Engineers,Y,0,"AMAZON DATA SERVICES, INC",Herndon,VA,137000.0,Year,No,No,137000.0,False
Certified,H-1B,Structural Engineer in Training,17-2051.00,Civil Engineers,Y,0,LEMESSURIER CONSULTANTS INC.,Boston,MA,36.5,Hour,No,No,75920.0,False
Certified,H-1B,Civil Engineer II,17-2051.00,Civil Engineers,Y,0,INFRASTRUCTURE ENGINEERING INC.,Peoria,IL,85049.12,Year,No,No,85049.12,False
Certified,H-1B,MECHANICAL ENGINEER ASSOCIATE,17-2141.00,Mechanical Engineers,Y,0,"SPRINTRAY, INC.",LOS ANGELES,CA,93678.48,Year,No,No,93678.48,True
Certified,H-1B,"Mechanical Engineer II, Thermal Systems",17-2141.00,Mechanical Engineers,Y,0,"NORTHSTAR MEDICAL RADIOISOTOPES, LLC",Madison,WI,101776.84,Year,No,No,101776.84,False
Certified,H-1B,Mechanical Design Engineer II,17-2141.00,Mechanical Engineers,Y,0,"INTELLIGRATED SERVICES, LLC",Mason,OH,89585.0,Year,No,No,89585.0,False
Certified,H-1B,Project Engineer 1,17-2051.00,Civil Engineers,Y,0,"RUMMEL, KLEPPER & KAHL, LLP",Raleigh,NC,47.55,Hour,No,No,98904.0,False
Certified,H-1B,SALES ENGINEER I,17-2051.00,Civil Engineers,Y,1,"CRW TRADING, INC.",Tamuning,GU,48443.0,Year,No,No,48443.0,False
Certified,H-1B,"Assistant Professor, Civil and Environmental Engineering",25-1032.00,"Engineering Teachers, Postsecondary",Y,0,UNIVERSITY OF NEW HAMPSHIRE,Durham,NH,102228.48,Year,No,No,102228.48,False
Certified - Withdrawn,H-1B,Assistant Professor of Mechanical Engineering,25-1032.00,"Engineering Teachers, Postsecondary",Y,1,ROSE-HULMAN INSTITUTE OF TECHNOLOGY,Terre Haute,IN,77000.0,Year,No,No,77000.0,False
Certified,H-1B,Associate,17-1011.00,"Architects, Except Landscape and Naval",Y,1,"PETER PENNOYER ARCHITECTS, D.P.C.",New York,NY,75000.0,Year,No,No,75000.0,False
Certified,H-1B,Validation Engineer II,17-2071.00,Electrical Engineers,Y,1,"AMNEAL PHARMACEUTICALS, LLC",Piscataway,NJ,78686.0,Year,No,No,78686.0,False
Certified,H-1B,Electrical Engineer II,17-2071.00,Electrical Engineers,Y,1,AIGEN INC.,Redmond,WA,113422.0,Year,No,No,113422.0,False
Certified,H-1B,Design Engineer II - Packaging,17-2141.00,Mechanical Engineers,Y,0,THE HASKELL COMPANY,Frisco,TX,81663.0,Year,No,No,81663.0,False
Certified,H-1B,"Engineer II, Automation & Control",17-2071.00,Electrical Engineers,Y,0,MANNKIND CORPORATION,Danbury,CT,114462.0,Year,No,No,114462.0,False
Certified,H-1B,Water/Wastewater Engineer - EIT,17-2051.02,Water/Wastewater Engineers,Y,1,STANTEC CONSULTING SERVICES INC.,Washington,DC,108014.4,Year,No,No,108014.4,False
Certified - Withdrawn,H-1B,Quality Engineer II,17-2141.00,Mechanical Engineers,Y,0,"INVETECH, INC.",Boxborough,MA,73216.0,Year,No,No,73216.0,False
Certified - Withdrawn,H-1B,Scientist 2,17-2141.00,Mechanical Engineers,Y,1,"TRIAD NATIONAL SECURITY, LLC",Los Alamos,NM,131500.0,Year,No,No,131500.0,False
Certified,H-1B,Engineer II - Manufacturing,17-2141.02,Automotive Engineers,Y,0,"ZF TRANSMISSIONS GRAY COURT, LLC",Gray Court,SC,86674.0,Year,No,No,86674.0,False
Certified,H-1B,Data Center Infrastructure Engineer II,17-2051.00,Civil Engineers,Y,0,"AMAZON DATA SERVICES, INC",Hilliard,OH,150000.0,Year,No,No,150000.0,False
Certified,H-1B,"Associate, RPA Developer",17-2199.08,Robotics Engineers,Y,0,"INSTITUTIONAL CAPITAL NETWORK, INC.",Greenwich,CT,100000.0,Year,No,No,100000.0,False
Certified,H-1B,Engineer II,17-2141.00,Mechanical Engineers,Y,0,"SAMSUNG AUSTIN SEMICONDUCTOR, LLC.",Austin,TX,90000.0,Year,No,No,90000.0,False
Certified - Withdrawn,H-1B,Engineer I,17-2051.00,Civil Engineers,Y,0,"FORELL ELSESSER ENGINEERS, INC.",San Francisco,CA,90000.0,Year,No,No,90000.0,True
Certified - Withdrawn,H-1B,Graduate Engineer - Traffic Operations,17-2051.01,Transportation Engineers,Y,1,"WSB & ASSOCIATES, INC.",Minneapolis,MN,65499.0,Year,No,No,65499.0,False
Certified - Withdrawn,H-1B,ASSOCIATE RESEARCH SCHOLAR,17-2081.00,Environmental Engineers,Y,0,THE TRUSTEES OF PRINCETON UNIVERSITY,PRINCETON,NJ,65490.0,Year,No,No,65490.0,False
Certified,H-1B,Graduate Engineer II - Civil,17-2051.00,Civil Engineers,Y,0,"MARTINEZ MOORE ENGINEERS, LLC",Houston,TX,75516.0,Year,No,No,75516.0,False
Certified,H-1B,Controls Engineer I,17-2199.05,Mechatronics Engineers,Y,1,"L-H BATTERY COMPANY, INC.",Jeffersonville,OH,83283.0,Year,No,No,83283.0,False
Certified,H-1B,Engineer II (Civil),17-2051.01,Transportation Engineers,Y,0,"ARDURRA GROUP, INC.",Phoenix,AZ,111364.0,Year,No,No,111364.0,False
Certified,H-1B,Associate Traffic Engineer,17-2051,Civil Engineers,Y,0,THE CITY OF DETROIT,Detroit,MI,84038.0,Year,No,No,84038.0,False
Certified - Withdrawn,H-1B,Jr. Product Engineer,17-2141.00,Mechanical Engineers,Y,1,AUTOSYSTEMS AMERICA INC.,Novi,MI,88400.0,Year,No,No,88400.0,False
Certified,H-1B,Data Center Infrastructure Engineer II,17-2051.00,Civil Engineers,Y,0,"AMAZON DATA SERVICES, INC",Austin,TX,135000.0,Year,No,No,135000.0,False
Certified,H-1B,Electrical Engineer II,17-2071.00,Electrical Engineers,Y,0,"INTELLIGRATED SYSTEMS, LLC",Mason,OH,99403.24,Year,No,No,99403.24,False
Certified,H-1B,Engineer I,17-2141.00,Mechanical Engineers,Y,0,"SAMSUNG AUSTIN SEMICONDUCTOR, LLC.",Austin,TX,89419.0,Year,No,No,89419.0,False
Certified,H-1B,Civil Engineer I,17-2051.00,Civil Engineers,Y,0,"MICHAEL BAKER INTERNATIONAL, INC.",Irvine,CA,91354.0,Year,No,No,91354.0,True
Certified,H-1B,Electrical Design Engineer II,17-2071.00,Electrical Engineers,Y,0,TOSHIBA INTERNATIONAL CORPORATION,Houston,TX,100000.0,Year,No,No,100000.0,False
Certified,H-1B,PROJECT ENGINEER II,17-2071.00,Electrical Engineers,Y,0,"EVS, INC.",EDEN PRAIRIE,MN,100000.0,Year,No,No,100000.0,False
Certified,H-1B,Engineering Associate,17-2051.01,Transportation Engineers,Y,0,"KITTELSON & ASSOCIATES, INC.",Oakland,CA,111000.0,Year,No,No,111000.0,True
Certified,H-1B,Dynamic FEA Engineer II,17-2141.00,Mechanical Engineers,Y,0,SAFRAN SEATS USA LLC,Irving,TX,112022.67,Year,No,No,112022.67,False
Certified,H-1B,Electrical Engineer 2,17-2071.00,Electrical Engineers,Y,0,CAPGEMINI AMERICA INC,Santa Clara,CA,156624.0,Year,No,Yes,156624.0,True
Certified,H-1B,Structural Engineer in Training,17-2051.00,Civil Engineers,Y,0,LEMESSURIER CONSULTANTS INC.,Boston,MA,40.0,Hour,No,No,83200.0,False
Certified,H-1B,Assistant Engineer 1,17-2051.00,Civil Engineers,Y,1,"PEOPLES ASSOCIATES STRUCTURAL ENGINEERS, INC.",Sacramento,CA,83928.0,Year,No,No,83928.0,True
Certified - Withdrawn,H-1B,Mechanical Engineer II,17-2141.00,Mechanical Engineers,Y,1,"VRETTOS PAPPAS CONSULTING ENGINEERS, P.A.",Tampa,FL,90000.0,Year,No,No,90000.0,False
Certified - Withdrawn,H-1B,Associate Research Scientist ,17-2199.09,Nanosystems Engineers,Y,1,YALE UNIVERSITY,New Haven,CT,82306.0,Year,No,No,82306.0,False
Certified - Withdrawn,H-1B,Associate Research Scientist ,17-2199.09,Nanosystems Engineers,Y,1,YALE UNIVERSITY,New Haven,CT,99029.0,Year,No,No,99029.0,False
Certified - Withdrawn,H-1B,Associate Research Scientist ,17-2071.00,Electrical Engineers,Y,1,YALE UNIVERSITY,New Haven,CT,73937.0,Year,No,No,73937.0,False
Certified,H-1B,Research Engineering Scientist Associate,17-2081.00,Environmental Engineers,Y,1,THE UNIVERSITY OF TEXAS AT AUSTIN,Austin,TX,92123.0,Year,No,No,92123.0,False
Certified,H-1B,TTI Assistant Research Scientist,17-2081.00,Environmental Engineers,Y,0,TEXAS A&M TRANSPORTATION INSTITUTE,Bryan,TX,85000.0,Year,No,No,85000.0,False
Certified,H-1B,APPLIED SCIENTIST II,17-2141.00,Mechanical Engineers,Y,0,AMAZON.COM SERVICES LLC,SUNNYVALE,CA,191500.0,Year,No,No,191500.0,True
Certified,H-1B,"Associate, Project Development",17-2199.11,Solar Energy Systems Engineers,Y,0,SOLARKAL,New York,NY,85000.0,Year,No,No,85000.0,False
Certified,H-1B,Electrical and Controls Engineer 2 - KBGFJG186219-3,17-2071.00,Electrical Engineers,Y,1,U.S. BORAX INC.,Boron,CA,107640.0,Year,No,No,107640.0,True
Certified,H-1B,Electrical Graduate Engineer,17-2071.00,Electrical Engineers,Y,1,"WESTWOOD PROFESSIONAL SERVICES, INC.",Westminster,CO,81786.0,Year,No,No,81786.0,False
Certified,H-1B,Data Center Infrastructure Engineer I,17-2051.00,Civil Engineers,Y,0,"AMAZON DATA SERVICES, INC",Herndon,VA,115400.0,Year,No,No,115400.0,False
Certified,H-1B,RF Engineer II,17-2071,Electrical Engineers,Y,0,"NEXTGEN GLOBAL RESOURCES, LLC",Folsom,CA,118560.0,Year,No,No,118560.0,True
Certified,H-1B,Controls Engineer II,17-2071.00,Electrical Engineers,Y,0,"OSSID, LLC",Battleboro,NC,79394.0,Year,No,No,79394.0,False
Certified,H-1B,ENGINEER II,17-2051.00,Civil Engineers,Y,0,"PAPE-DAWSON CONSULTING ENGINEERS, LLC.",FORT WORTH,TX,78000.0,Year,No,No,78000.0,False
Certified,H-1B,Jr. Application Engineer,17-2141.00,Mechanical Engineers,Y,0,ABSOLENT INC.,Raleigh,NC,70346.0,Year,No,No,70346.0,False
Certified,H-1B,Architectural Designer Level 1,17-1011.00,"Architects, Except Landscape and Naval",Y,1,ARTHUR CHABON ARCHITECT PC,Irvington,NY,65686.0,Year,No,No,65686.0,False
Certified,H-1B,Technical Operations Engineer II,17-2071.00,Electrical Engineers,Y,1,"AMAZON DATA SERVICES, INC",Seattle,WA,150000.0,Year,No,No,150000.0,False
Certified,H-1B,Quality Engineer II,17-2141.00,Mechanical Engineers,Y,0,"GYRUS ACMI, INC.",Brooklyn Park,MN,100000.0,Year,No,No,100000.0,False
Certified,H-1B,Structural Associate,17-2051.00,Civil Engineers,Y,0,ELROD ENGINEERING LLC,Ambler,PA,116200.0,Year,No,No,116200.0,False
Certified,H-1B,Field Engineer I,17-2051.00,Civil Engineers,Y,1,"TRAYLOR BROS., INC.",Channelview,TX,82326.0,Year,No,No,82326.0,False
Certified,H-1B,Geotechnical Engineer II,17-2051.00,Civil Engineers,Y,0,FREEPORT-MCMORAN MORENCI INC.,Morenci,AZ,107600.0,Year,No,No,107600.0,False
Certified,H-1B,Air Quality Graduate Engineer,17-2081.00,Environmental Engineers,Y,0,"AARC ENVIRONMENTAL, INC.",Houston,TX,145000.0,Year,No,No,145000.0,False
Certified,H-1B,Project Engineer I,17-2051.00,Civil Engineers,Y,0,IMEG CONSULTANTS CORP.,Sacramento,CA,104000.0,Year,No,No,104000.0,True
Certified,H-1B,Assistant Delivery Specialist,17-2051.00,Civil Engineers,Y,0,"MAGNIT, LLC",Morristown,NJ,47.0,Hour,No,No,97760.0,False
Certified,H-1B,"Research Associate, Environmental Nutrition",19-2041.00,"Environmental Scientists and Specialists, Including Health",Y,1,LOMA LINDA UNIVERSITY,Loma Linda,CA,64833.0,Year,No,No,64833.0,True
Certified,H-1B,Assistant Project Engineer,17-2051.00,Civil Engineers,Y,1,"MATERIALS MANAGERS AND ENGINEERS, INC.",Atlanta,GA,85176.0,Year,No,No,85176.0,False
Certified,H-1B,Assistant Engineer,17-2051.00,Civil Engineers,Y,0,HMH ENGINEERS,San Jose,CA,42.41,Hour,No,No,88212.79999999999,True
Certified,H-1B,Controls Engineer I,17-2199.05,Mechatronics Engineers,Y,0,VIASTORE SYSTEMS INC,Grand Rapids,MI,80000.0,Year,No,No,80000.0,False
Certified,H-1B,Electrical Engineer 2,17-2071,Electrical Engineers,Y,1,BLACK & VEATCH CORPORATION,Tualatin,OR,84198.0,Year,No,,84198.0,False
Certified,H-1B,Technical Specialist I,17-2071.00,Electrical Engineers,Y,0,GULFSTREAM AEROSPACE CORPORATION,Savannah,GA,119210.0,Year,No,,119210.0,False
Certified,H-1B,Electrical Engineer II,17-2071.00,Electrical Engineers,Y,0,SHARKNINJA OPERATING LLC,Needham,MA,118000.0,Year,No,,118000.0,False
Certified,H-1B,"Scientist II, R&D - ET",17-2199.05,Mechatronics Engineers,Y,0,"INTERNATIONAL FLAVORS & FRAGRANCES, INC.",Union Beach,NJ,117624.0,Year,No,,117624.0,False
Certified,H-1B,Water Resources Engineer 1,17-2051.02,Water/Wastewater Engineers,Y,0,"CLEARVIEW LAND DESIGN, P.L.",Tampa,FL,85000.0,Year,No,,85000.0,False
Certified,H-1B,Architect Engineer I,17-2051.00,Civil Engineers,Y,0,VIRGINIA DEPARTMENT OF TRANSPORTATION,Richmond,VA,106892.0,Year,No,,106892.0,False
Certified,H-1B,Civil/Structural Engineering Associate,17-2051.00,Civil Engineers,Y,0,"MESA ASSOCIATES, INC.",Chattanooga,TN,70000.0,Year,No,,70000.0,False
Certified,H-1B,"Engineer II, Automation & Control",17-2071.00,Electrical Engineers,Y,0,MANNKIND CORPORATION,Danbury,CT,114462.0,Year,No,,114462.0,False
Certified,H-1B,Research Assistant Professor in Civil & Environ. Engineering,25-1032.00,"Engineering Teachers, Postsecondary",Y,1,COLORADO SCHOOL OF MINES,Golden,CO,45420.0,Year,No,,45420.0,False
Certified,H-1B,Assistant Research Professor,17-2071.00,Electrical Engineers,Y,1,MISSISSIPPI STATE UNIVERSITY,Mississippi State,MS,80000.0,Year,No,,80000.0,False
Certified,H-1B,"Scientist II, R&D - ET",17-2199.05,Mechatronics Engineers,Y,0,"INTERNATIONAL FLAVORS & FRAGRANCES, INC.",New York,NY,117624.0,Year,No,,117624.0,False
Certified,H-1B,"Scientist II, R&D - ET",17-2199.05,Mechatronics Engineers,Y,0,"INTERNATIONAL FLAVORS & FRAGRANCES, INC.",Union Beach,NJ,117624.0,Year,No,,117624.0,False
Certified,H-1B,Data Centre Infrastructure Engineer I,17-2051.00,Civil Engineers,Y,0,"AMAZON DATA SERVICES, INC",Herndon,VA,106240.0,Year,No,,106240.0,False
Certified,H-1B,Engineer I,17-2141.00,Mechanical Engineers,Y,1,"ASEC, INC.",Houston,TX,82355.78,Year,No,,82355.78,False
Certified - Withdrawn,H-1B,Assistant Professor (Dept of Civil & Enviro Engineering),25-1032.00,"Engineering Teachers, Postsecondary",Y,0,"UNIVERSITY OF MASSACHUSETTS, AMHERST",Amherst,MA,93000.0,Year,No,,93000.0,False
Certified - Withdrawn,H-1B,Design Quality Engineer 2 - KBGFJG107207-3,17-2141.00,Mechanical Engineers,Y,0,"SMITH & NEPHEW, INC.",Mansfield,MA,94760.0,Year,No,,94760.0,False
Certified,H-1B,Data Centre Infrastructure Engineer I,17-2051.00,Civil Engineers,Y,0,"AMAZON DATA SERVICES, INC",Herndon,VA,115400.0,Year,No,,115400.0,False
Certified - Withdrawn,H-1B,Packaging Project Engineer 1 - KBGFJG109380-2,17-2199.04,Manufacturing Engineers,Y,0,"SMITH & NEPHEW, INC.",Memphis ,TN,68490.63,Year,No,,68490.63,False
Certified,H-1B,TEST ENGINEER 2,17-2071.00,Electrical Engineers,Y,0,"SKYWORKS SOLUTIONS, INC.",CEDAR RAPIDS,IA,100000.16,Year,No,,100000.16,False
Certified,H-1B,Project Mechanical Engineer I,17-2141.00,Mechanical Engineers,Y,0,R.A JONES & CO.,Covington,KY,114915.0,Year,No,,114915.0,False
Certified,H-1B,Associate,17-1011.00,"Architects, Except Landscape and Naval",Y,0,"URBAN ARCHITECTURAL INITIATIVES, RA, P.C",New York,NY,101106.72,Year,No,,101106.72,False
Certified - Withdrawn,H-1B,Engineer II,17-2051.02,Water/Wastewater Engineers,Y,0,"CHA CONSULTING, INC.",Richmond,VA,70063.14,Year,No,,70063.14,False
Certified,H-1B,Project Associate,17-2051.00,Civil Engineers,Y,0,"FALCON ENGINEERING CO., L.L.C.",Rockville,MD,80000.0,Year,No,,80000.0,False
Certified,H-1B,Associate Engineer,17-2051.00,Civil Engineers,Y,0,"BUEHLER ENGINEERING, INC.",San Carlos,CA,110691.0,Year,No,,110691.0,True
Certified,H-1B,Mechanical Engineer 2,17-2141,Mechanical Engineers,Y,0,BLACK & VEATCH CORPORATION,Rancho Cordova,CA,76814.0,Year,No,,76814.0,True
Certified,H-1B,Assistant Professor of Civil Engineering,25-1032.00,"Engineering Teachers, Postsecondary",Y,1,INDIANA STATE UNIVERSITY,Terre Haute,IN,72000.0,Year,No,,72000.0,False
Certified,H-1B,Architectural Intern ,17-1011.00,"Architects, Except Landscape and Naval",Y,0,"MULLER & MULLER, LTD.",Chicago,IL,78000.0,Year,No,,78000.0,False
Certified,H-1B,Jr. Mechanical Engineer,17-2141.00,Mechanical Engineers,Y,1,CIP INDUSTRIAL FACTORY CORP,Fairview,NJ,74027.0,Year,No,,74027.0,False
Certified,H-1B,TECHNICAL OPERATIONS ENGINEER I,17-2141.00,Mechanical Engineers,Y,0,AMAZON.COM SERVICES LLC,MILPITAS,CA,152500.0,Year,No,,152500.0,True
Certified - Withdrawn,H-1B,Controls Engineer I,17-2199.00,"Engineers, All Other",Y,1,"ESYS AUTOMATION, LLC",Auburn Hills ,MI,67246.0,Year,No,,67246.0,False
Certified,H-1B,Engineer I,17-2071.00,Electrical Engineers,Y,0,"SUBARU OF AMERICA, INC.",Van Buren Township,MI,78750.0,Year,No,,78750.0,False
Certified,H-1B,DATA CENTER INFRASTRUCTURE ENGINEER II,17-2051.00,Civil Engineers,Y,0,"AMAZON DATA SERVICES, INC.",HERNDON,VA,130000.0,Year,No,,130000.0,False
Certified,H-1B,Highway Engineer Professional Associate,17-2051.00,Civil Engineers,Y,1,JACOBS ENGINEERING GROUP INC.,SAN ANTONIO,TX,88399.96,Year,No,,88399.96,False
Certified,H-1B,Intern Architect,17-1011.00,"Architects, Except Landscape and Naval",Y,1,VCBO ARCHITECTURE,Salt Lake City,UT,29.72,Hour,No,,61817.6,False
Certified,H-1B,Mechanical Engineer II,17-2141.00,Mechanical Engineers,Y,0,"METTLER-TOLEDO, LLC",Lutz,FL,93447.12,Year,No,,93447.12,False
Certified,H-1B,Engineer II,17-2199.08,Robotics Engineers,Y,1,CARNEGIE MELLON UNIVERSITY,Pittsburgh,PA,82919.96,Year,No,,82919.96,False
Certified,H-1B,Data Center Infrastructure Engineer II,17-2051.00,Civil Engineers,Y,0,"AMAZON DATA SERVICES, INC",Herndon,VA,155100.0,Year,No,,155100.0,False
Certified,H-1B,Design Engineer II,17-2141.00,Mechanical Engineers,Y,1,J. W. SPEAKER CORPORATION,Germantown,WI,100000.0,Year,No,,100000.0,False
Certified,H-1B,Engineer II,17-2141.00,Mechanical Engineers,Y,0,JACOBS TECHNOLOGY INC.,Dearborn,MI,87589.0,Year,No,,87589.0,False
Certified,H-1B,Intern-architect,17-1011.00,"Architects, Except Landscape and Naval",Y,0,"THE ARCHITECTURAL TEAM, INC.",Chelsea,MA,83500.0,Year,No,,83500.0,False
Certified,H-1B,Field Services Engineer II,17-2141.00,Mechanical Engineers,Y,1,CROWN IRON WORKS COMPANY,Minneapolis,MN,87381.0,Year,No,,87381.0,False
Certified,H-1B,Environmental Engineer 2,17-2081.00,Environmental Engineers,Y,1,GEORGIA ENVIRONMENTAL PROTECTION DIVISION,Atlanta,GA,61400.0,Week,No,,3192800.0,False
Certified,H-1B,Intern in Architecture,17-1011.00,"Architects, Except Landscape and Naval",Y,1,"TESSERE, INC.",Wichita,KS,50440.0,Year,No,,50440.0,False
Certified,H-1B,Associate Product Engineer,17-2141.00,Mechanical Engineers,N,1,"GLOBAL STEERING SYSTEMS, LLC",Watertown,CT,31.35,Hour,No,,65208.0,False
Certified,H-1B,Flight Control System Engineer 2,17-2071.00,Electrical Engineers,Y,0,GARMIN INTERNATIONAL INC.,Olathe,KS,105000.0,Year,No,,105000.0,False
Certified,H-1B,Research Assistant,17-2141.00,Mechanical Engineers,N,1,MICHIGAN TECHNOLOGICAL UNIVERSITY,Houghton,MI,28.28,Hour,No,,58822.4,False
Certified,H-1B,Electrical Engineer Professional Associate,17-2071.00,Electrical Engineers,Y,0,JACOBS ENGINEERING GROUP INC.,Arlington,VA,127000.0,Year,No,,127000.0,False
Certified,H-1B,Junior Engineer,17-2051.00,Civil Engineers,Y,0,EQUILIBRIUM CONSULTING USA INC,Atlanta,GA,78000.0,Year,No,,78000.0,False
Certified,H-1B,Systems Engineer II,17-2071.00,Electrical Engineers,Y,0,"LATITUDE AI, LLC",Palo Alto,CA,156624.0,Year,No,,156624.0,True
Certified,H-1B,Data Center Infrastructure Engineer II,17-2051.00,Civil Engineers,Y,0,"AMAZON DATA SERVICES, INC",Austin,TX,135000.0,Year,No,,135000.0,False
Certified,H-1B,Geotechnical EIT,17-2051.00,Civil Engineers,Y,1,STANTEC CONSULTING SERVICES INC.,Denver,CO,85009.6,Year,No,,85009.6,False
Certified,H-1B,Mechanical Engineer II,17-2141.00,Mechanical Engineers,Y,0,"TUUCI, LLC",Hialeah,FL,80000.0,Year,No,,80000.0,False
Certified,H-1B,Research Associate,17-2081.00,Environmental Engineers,Y,1,OREGON STATE UNIVERSITY,Corvallis,OR,72000.0,Year,No,,72000.0,False
Certified,H-1B,ENGINEER I,17-2141.00,Mechanical Engineers,Y,1,MILTON ROY LLC,Warminster,PA,75525.0,Year,No,,75525.0,False
Certified,H-1B,Associate Project Engineer,17-2141.00,Mechanical Engineers,Y,1,"ASAHI KASEI BIOPROCESS AMERICA, INC.",Glenview,IL,70200.0,Year,No,,70200.0,False
Certified,H-1B,Engineer in Training – Project Support Specialist,17-2051.00,Civil Engineers,Y,1,"CONSOR ENGINEERS, LLC",Tampa,FL,39.0,Hour,No,,81120.0,False
Certified,H-1B,Research Assistant Professor,17-2141.00,Mechanical Engineers,Y,1,ILLINOIS INSTITUTE OF TECHNOLOGY,Chicago,IL,125000.0,Year,No,,125000.0,False
Certified,H-1B,Data Centre Infrastructure Engineer I,17-2051.00,Civil Engineers,Y,0,"AMAZON DATA SERVICES, INC",Herndon,VA,115400.0,Year,No,,115400.0,False
Certified,H-1B,Project Associate,17-2051.00,Civil Engineers,Y,1,"FALCON ENGINEERING CO., L.L.C.",Rockville,MD,80018.0,Year,No,,80018.0,False
Certified,H-1B,Design Engineer II,17-2141.00,Mechanical Engineers,Y,0,A.W. CHESTERTON COMPANY,Groveland,MA,84866.64,Year,No,,84866.64,False
Certified,H-1B,Data Center Infrastructure Engineer II,17-2051.00,Civil Engineers,Y,0,"AMAZON DATA SERVICES, INC",Herndon,VA,131800.0,Year,No,,131800.0,False
Certified,H-1B,"Systems Integration Engineer II, Autonomy",17-2071.00,Electrical Engineers,Y,0,"RIVIAN AUTOMOTIVE, LLC",Palo Alto,CA,165000.0,Year,No,,165000.0,True
Certified,H-1B,Automation Engineer II,17-2199.05,Mechatronics Engineers,Y,0,BASTIAN SOLUTIONS LLC,Coppell,TX,100000.0,Year,No,,100000.0,False
Certified,H-1B,Associate - Projects,17-1011.00,"Architects, Except Landscape and Naval",Y,0,ARCHITECTUREFIRM LLC,Brooklyn,NY,90000.0,Year,No,,90000.0,False
Certified,H-1B,Data Center Infrastructure Engineer II,17-2051.00,Civil Engineers,Y,0,"AMAZON DATA SERVICES, INC",Herndon,VA,140000.0,Year,No,,140000.0,False
Certified,H-1B,Transportation Engineering Associate,17-2051.01,Transportation Engineers,Y,0,"DKS ASSOCIATES, INC.",Fort Worth,TX,95201.6,Year,No,,95201.6,False
Certified,H-1B,Engineer II,17-2051.00,Civil Engineers,Y,0,BOWMAN CONSULTING GROUP,Tempe,AZ,87200.0,Year,No,,87200.0,False
Certified,H-1B,CS Competence Engineer 2,17-2141.00,Mechanical Engineers,Y,0,"ASML US, LLC",San Jose,CA,103166.0,Year,No,,103166.0,True
Certified,H-1B,Mechanical Engineer I,17-2141.00,Mechanical Engineers,Y,1,AMETRADE INC.,Miami,FL,80000.0,Year,No,,80000.0,False
Certified,H-1B,ASSISTANT PROJECT ENGINEER,17-2051.00,Civil Engineers,Y,1,"EDM USA, INC.",NORTH MIAMI,FL,66625.0,Year,No,,66625.0,False
Certified - Withdrawn,H-1B,Electrical Field Engineer I,17-2071.00,Electrical Engineers,Y,0,"AMAZON DATA SERVICES, INC.",Columbus,OH,125600.0,Year,No,,125600.0,False
Certified,H-1B,Project Engineer I,17-2051.00,Civil Engineers,Y,0,IMEG CONSULTANTS CORP.,Sacramento,CA,104000.0,Year,No,,104000.0,True
Certified,H-1B,Associate Project Engineer,17-2071.00,Electrical Engineers,Y,1,NEW YORK POWER AUTHORITY,Buffalo,NY,90552.0,Year,No,,90552.0,False
Certified,H-1B,Project Engineer II-KBGFJG110343-4,17-2141.00,Mechanical Engineers,Y,0,"JOHN ZINK COMPANY, LLC",Tulsa,OK,85987.0,Year,No,,85987.0,False
Certified,H-1B,Associate Engineer,17-2051.00,Civil Engineers,Y,0,"BUEHLER ENGINEERING, INC.",San Carlos,CA,110691.0,Year,No,,110691.0,True
Certified,H-1B,Geotechnical Engineer - Entry Level,17-2051.00,Civil Engineers,Y,1,JACOBS ENGINEERING GROUP INC.,Houston,TX,90000.0,Year,No,,90000.0,False
Certified,H-1B,Mechanical Engineer 2,17-2141.00,Mechanical Engineers,Y,0,CAPGEMINI AMERICA INC,Fitchburg,WI,113000.0,Year,No,,113000.0,False
Certified - Withdrawn,H-1B,Research Associate,19-2041.00,"Environmental Scientists and Specialists, Including Health",Y,1,HARVARD UNIVERSITY,Cambridge,MA,70000.0,Year,No,,70000.0,False
Certified,H-1B,System Specialist II,17-2071.00,Electrical Engineers,Y,0,"CLIMATEC, LLC",Anaheim,CA,133064.46,Year,No,,133064.46,True
Certified,H-1B,Associate,17-2051.00,Civil Engineers,Y,1,"EXPONENT, INC.",New York,NY,100000.0,Year,No,,100000.0,False
Certified,H-1B,Mechanical Product Design Engineer II,17-2141.00,Mechanical Engineers,Y,1,FREIGHTLINER CUSTOM CHASSIS CORPORATION,Gaffney,SC,92827.85,Year,No,,92827.85,False
Certified,H-1B,ELECTRICAL ENGINEER II,17-2071.00,Electrical Engineers,Y,1,JOHNSON CONTROLS FIRE PROTECTION LP,Westford,MA,90626.0,Year,No,,90626.0,False
Certified,H-1B1 Chile,"Assistant Consultant, Structural Engineer",17-2051.00,Civil Engineers,Y,0,WSP USA BUILDINGS INC.,Los Angeles,CA,74006.4,Year,,,74006.4,True
Certified,H-1B,"Assistant Professor, Civil and Environmental Engineering",25-1032.00,"Engineering Teachers, Postsecondary",Y,1,"UNIVERSITY OF NEVADA, RENO",Reno,NV,90670.0,Year,No,,90670.0,False
Certified,H-1B,Engineer I,17-2051.01,Transportation Engineers,Y,0,"CRAWFORD, MURPHY & TILLY, INC.",Independence,OH,84810.0,Year,No,,84810.0,False
Certified,H-1B,Assistant Project Engineer,17-2051.00,Civil Engineers,Y,0,"NEYER, TISEO & HINDO, LTD. DBA NTH CONSULTANTS, LTD.",Northville,MI,83163.08,Year,No,,83163.08,False
Certified - Withdrawn,H-1B,Engineer II,17-2081.00,Environmental Engineers,Y,0,"ATKINS NORTH AMERICA, INC.",Atlanta,GA,75000.0,Year,No,,75000.0,False
Certified - Withdrawn,H-1B,Intern 2 (Architectural Intern),17-1011.00,"Architects, Except Landscape and Naval",Y,1,ZIMMER GUNSUL FRASCA ARCHITECTS LLP,Portland,OR,58531.0,Year,No,,58531.0,False
Certified,H-1B,Geotechnical Engineer - Entry Level,17-2051.00,Civil Engineers,Y,1,JACOBS ENGINEERING GROUP INC.,Houston,TX,90000.0,Year,No,,90000.0,False
Certified,H-1B,Research Associate,17-2071.00,Electrical Engineers,Y,0,UNIVERSITY OF OKLAHOMA,Norman,OK,31.0,Hour,No,,64480.0,False
Certified,H-1B,Data Center Infrastructure Engineer II,17-2051.00,Civil Engineers,Y,0,"AMAZON DATA SERVICES, INC",Herndon,VA,140000.0,Year,No,,140000.0,False
Certified,H-1B,Engineer II,17-2051.00,Civil Engineers,Y,0,PARSONS TRANSPORTATION GROUP INC.,Seattle,WA,106642.0,Year,No,,106642.0,False
Certified,H-1B,Highway Engineer Professional Associate,17-2051.00,Civil Engineers,Y,1,JACOBS ENGINEERING GROUP INC.,SAN ANTONIO,TX,88399.96,Year,No,,88399.96,False
Certified,H-1B,Entry Level Engineer - Mechanical,17-2141.00,Mechanical Engineers,Y,1,PBR INC. DBA SKAPS INDUSTRIES,Commerce,GA,75691.0,Year,No,,75691.0,False
Certified,H-1B,Junior Designer,17-1011.00,"Architects, Except Landscape and Naval",Y,1,"WADE DESIGN ARCHITECTS, INC.",San Anselmo,CA,69060.0,Year,No,,69060.0,True
Certified,H-1B,CAE Engineer II,17-2141.00,Mechanical Engineers,Y,1,"GOKEN AMERICA, LLC",Dublin,OH,41.29,Hour,No,,85883.2,False
Certified,H-1B,ASSISTANT PROFESSOR - MECHANICAL ENGINEERING,25-1032.00,"Engineering Teachers, Postsecondary",Y,1,SOUTH DAKOTA SCHOOL OF MINES AND TECHNOLOGY,RAPID CITY,SD,90000.0,Year,No,,90000.0,False
Certified,H-1B,Project Engineer I,17-2051.00,Civil Engineers,Y,0,IMEG CONSULTANTS CORP.,Sacramento,CA,104000.0,Year,No,,104000.0,True
Certified,H-1B,CERTIFICATION ENGINEER I,17-2141.00,Mechanical Engineers,Y,1,"SAFRAN SEATS USA, LLC",GAINESVILLE,TX,70000.0,Year,No,,70000.0,False
Certified,H-1B,Project Engineer II - 024554.000008,17-2051.00,Civil Engineers,Y,1,"SPX COOLING TECH, LLC",Overland Park,KS,95118.0,Year,No,,95118.0,False
Certified,H-1B,Engineer I,17-2199.00,"Engineers, All Other",Y,1,"JINKO SOLAR (U.S.) INDUSTRIES, INC.",Jacksonville,FL,65000.0,Year,No,,65000.0,False
Certified,H-1B,Assistant Professor – Mechanical Engineering,25-1032.00,"Engineering Teachers, Postsecondary",Y,0,NORTH PARK UNIVERSITY,Chicago,IL,80650.0,Year,No,,80650.0,False
Certified,H-1B,Junior Project Engineer,17-2051.00,Civil Engineers,Y,0,NY DEVELOPERS & MANAGEMENT LLC,Brooklyn,NY,150000.0,Year,No,,150000.0,False
Certified,H-1B,Snr Mechanical Engineer II,17-2141.00,Mechanical Engineers,Y,1,ASM AMERICA INC.,Phoenix,AZ,115898.0,Year,No,,115898.0,False
Certified,H-1B,Electrical Engineering Graduate - Designer 2,17-2071.00,Electrical Engineers,Y,0,IMEG CONSULTANTS CORP.,San Francisco,CA,108160.0,Year,No,,108160.0,True
Certified,H-1B,Civil Engineer II,17-2051.00,Civil Engineers,Y,0,AECOM TECHNICAL SERVICES INC,Bloomfield,NJ,84972.0,Year,No,,84972.0,False
Certified,H-1B,STRUCTURAL ENGINEER II,17-2051.00,Civil Engineers,Y,0,"H.W. LOCHNER, INC",CHICAGO,IL,104644.8,Year,No,,104644.8,False
Certified,H-1B,Associate Design Engineer,17-2141.00,Mechanical Engineers,Y,1,HUBBELL INCORPORATED (DELAWARE),San Antonio,TX,72200.0,Year,No,,72200.0,False
Certified,H-1B,Field Engineer II,17-2051.00,Civil Engineers,Y,0,FLATIRON CONSTRUCTION CORP.,Renton,WA,94000.0,Year,No,,94000.0,False
Certified - Withdrawn,H-1B,Product Development Engineer II,17-2071.00,Electrical Engineers,Y,0,"RAYCONNECT, INC.",Rochester Hills,MI,110080.42,Year,No,,110080.42,False
Certified,H-1B,Architectural Designer 2 (Architectural Intern),17-1011.00,"Architects, Except Landscape and Naval",Y,1,ZIMMER GUNSUL FRASCA ARCHITECTS LLP,LOS ANGELES,CA,69339.5,Year,No,,69339.5,True
Certified,H-1B,Associate Engineer,17-2051.00,Civil Engineers,Y,0,"WATER WORKS ENGINEERS, LLC",Scottsdale,AZ,120000.0,Year,No,,120000.0,False
Certified,H-1B,Environmental Engineer I,17-2081.00,Environmental Engineers,Y,1,TRC ENVIRONMENTAL CORPORATION,Lowell,MA,77064.0,Year,No,,77064.0,False
Certified,H-1B,Junior Engineer,17-2051.00,Civil Engineers,Y,0,TURNAGAIN MARINE CONSTRUCTION CORPORATION,Fort Lauderdale,FL,80558.0,Year,No,,80558.0,False
Certified,H-1B,Associate Mechanical Engineer,17-2141.00,Mechanical Engineers,Y,1,"MAGIC LEAP, INC.",Plantation,FL,96900.18,Year,No,,96900.18,False
Certified,H-1B,Process Engineer 2,17-2051.02,Water/Wastewater Engineers,Y,1,BLACK & VEATCH CORPORATION,Overland Park,KS,64438.0,Year,No,,64438.0,False
Certified,H-1B,Architectural Intern,17-1011.00,"Architects, Except Landscape and Naval",Y,1,QUINN EVANS ARCHITECTS INC,Baltimore,MD,63960.0,Year,No,,63960.0,False
Certified - Withdrawn,H-1B,Engineer I,17-2051.00,Civil Engineers,Y,1,ONE CLASS GLOBAL LLC,Houston,TX,80000.0,Year,No,,80000.0,False
Certified,H-1B,Engineer II – Tunnels,17-2051.00,Civil Engineers,Y,1,MOTT MACDONALD GROUP INC.,New York,NY,81806.4,Year,No,,81806.4,False
Certified,H-1B,ELECTRICAL ENGINEER 2,17-2071.00,Electrical Engineers,Y,0,"SKYWORKS SOLUTIONS, INC.",Irvine,CA,106000.0,Year,No,,106000.0,True
Certified,H-1B,Engineer I,17-2051.00,Civil Engineers,Y,0,"ASEC, INC.","San Gabriel,",CA,101069.54,Year,No,,101069.54,True
Certified,H-1B,Architectural Associate,17-1011.00,"Architects, Except Landscape and Naval",Y,0,"SCHEMATA WORKSHOP, INC.",Seattle,WA,32.69,Hour,No,,67995.2,False
Certified,H-1B,ARCHITECTURAL ASSOCIATE,17-1011.00,"Architects, Except Landscape and Naval",Y,1,"SARFATTY ASSOCIATES, LTD",EVANSTON,IL,62000.0,Year,No,,62000.0,False
Certified,H-1B,Research Associate,17-2199.09,Nanosystems Engineers,Y,0,HARVARD UNIVERSITY,Cambridge,MA,97812.0,Year,No,,97812.0,False
Certified - Withdrawn,H-1B,Research Engineer II,17-2071.00,Electrical Engineers,Y,0,GEORGIA INSTITUTE OF TECHNOLOGY,Forest Park,GA,113356.0,Year,No,,113356.0,False
Certified,H-1B,Product Test Engineer II,17-2071.00,Electrical Engineers,Y,1,SILICON LABORATORIES INC.,Austin,TX,118000.0,Year,No,,118000.0,False
Certified,H-1B,Research Associate Professor,17-2071.00,Electrical Engineers,Y,0,UNIVERSITY OF SOUTH CAROLINA,Columbia,SC,155000.0,Year,No,,155000.0,False
Certified,H-1B,Hardware Engineer I,17-2141.02,Automotive Engineers,Y,1,"LATITUDE AI, LLC",Palo Alto,CA,105840.0,Year,No,,105840.0,True
Certified,H-1B,Firmware Test Engineer I,17-2071.00,Electrical Engineers,Y,1,MILWAUKEE ELECTRIC TOOL CORPORATION,Menomonee Falls,WI,88350.0,Year,No,,88350.0,False
Certified,H-1B,Engineer II,17-2051.00,Civil Engineers,Y,1,ATKINSREALIS USA INC.,Raleigh,NC,80003.3,Year,No,,80003.3,False
Certified,H-1B,"Research Associate, Clean Energy Technology",17-2141.00,Mechanical Engineers,Y,1,HOUSTON ADVANCED RESEARCH CENTER (HARC),The Woodlands,TX,80683.0,Year,No,,80683.0,False
Certified,H-1B,ENTRY LEVEL ELECTRICAL ENGINEER,17-2071.00,Electrical Engineers,Y,1,"JACOBS CIVIL CONSULTANTS, INC.",NEW YORK,NY,83000.0,Year,No,,83000.0,False
Certified,H-1B,Engineer in Training,17-2051.02,Water/Wastewater Engineers,Y,0,"CARLSON, BRIGANCE, AND DOERING, INC.",Round Rock,TX,80080.0,Year,No,,80080.0,False
Certified - Withdrawn,H-1B,Graduate Architect,17-1011.00,"Architects, Except Landscape and Naval",Y,1,WILLIAMS BLACKSTOCK ARCHITECTS,Birmingham,AL,62000.0,Year,No,,62000.0,False
Certified,H-1B,Assistant Professor of Mechanical Engineering,25-1032.00,"Engineering Teachers, Postsecondary",Y,1,LIBERTY UNIVERSITY INC.,Lynchburg,VA,130000.0,Year,No,,130000.0,False
Certified,H-1B,Hydraulic Structures Engineer in Training (EIT),17-2051.00,Civil Engineers,Y,0,"HDR ENGINEERING, INC.",Folsom,CA,90022.4,Year,No,,90022.4,True
Certified,H-1B,Climate Change Policy Analyst (Energy Transition Associate),19-2041.01,Climate Change Policy Analysts,Y,1,"AJW, INC.",Arlington,VA,70836.0,Year,No,,70836.0,False
Certified - Withdrawn,H-1B,Offshore Pipelines Engineer I - KBGFJG272781-1,17-2141.00,Mechanical Engineers,Y,1,"WOOD GROUP USA, INC.",Houston,TX,83600.0,Year,No,,83600.0,False
Certified,H-1B,Water/Wastewater Engineer in Training (EIT),17-2051.02,Water/Wastewater Engineers,Y,1,"HDR ENGINEERING, INC.",Kansas City,MO,85009.6,Year,No,,85009.6,False
Certified,H-1B,Associate Structural Engineer,17-2051.00,Civil Engineers,Y,1,"TESLA, INC.",Austin,TX,90000.0,Year,No,,90000.0,False
Certified,H-1B,Project Engineer I,17-2051.00,Civil Engineers,Y,0,"RUMMEL, KLEPPER & KAHL, LLP",Richmond,VA,48.08,Hour,No,,100006.4,False
Certified,H-1B,Assistant Engineer,17-2051.00,Civil Engineers,Y,0,UNIVERSITY OF FLORIDA,Gainesville,FL,99715.0,Year,No,,99715.0,False
Certified,H-1B,Associate Structural Engineer,17-2051.00,Civil Engineers,Y,1,"TESLA, INC.",Round Rock,TX,90000.0,Year,No,,90000.0,False
Certified,H-1B,Data Center Infrastructure Engineer II,17-2141.00,Mechanical Engineers,Y,0,AMAZON.COM SERVICES LLC,Austin,TX,150000.0,Year,No,,150000.0,False
Certified,H-1B,Associate Engineer,17-2051.00,Civil Engineers,Y,1,PARSONS TRANSPORTATION GROUP INC.,Houston,TX,37.36,Hour,No,,77708.8,False
Certified,H-1B,Electrical Engineer I,17-2071.00,Electrical Engineers,Y,1,M. A. MORTENSON COMPANY,Valley Mills,TX,6416.67,Month,No,,77000.04000000001,False
Certified,H-1B,Transportation Engineer I,17-2051.01,Transportation Engineers,Y,1,MARICOPA ASSOCIATION OF GOVERNMENTS,Phoenix,AZ,69597.0,Year,No,,69597.0,False
Certified,H-1B,Associate Test & Development Engineer,17-2141.00,Mechanical Engineers,Y,1,PACCAR INC,Mt. Vernon,WA,78083.0,Year,No,,78083.0,False
Certified,H-1B,Energy Solutions Engineer II,17-2081.00,Environmental Engineers,Y,0,ECOSAVE LLC,Philadelphia,PA,92843.0,Year,No,,92843.0,False
Certified,H-1B,Geotechnical Engineer in Training (EIT),17-2051.00,Civil Engineers,Y,0,"HDR ENGINEERING, INC.",Glen Allen,VA,85009.6,Year,No,,85009.6,False
Certified,H-1B,Engineer II,17-2081.00,Environmental Engineers,Y,1,ATKINSREALIS USA INC.,Atlanta,GA,84000.0,Year,No,,84000.0,False
Certified,H-1B,Architectural Intern,17-1011.00,"Architects, Except Landscape and Naval",Y,0,"BOWERBIRD ARCHITECT, PLLC",Brooklyn,NY,72000.0,Year,No,,72000.0,False
Certified - Withdrawn,H-1B,Research Associate,17-2081.00,Environmental Engineers,Y,1,UNIVERSITY OF NORTH CAROLINA AT CHAPEL HILL,Chapel Hill,NC,97406.0,Year,No,,97406.0,False
Certified,H-1B,Data Center Infrastructure Engineer II,17-2051.00,Civil Engineers,Y,0,"AMAZON DATA SERVICES, INC",Herndon,VA,135000.0,Year,No,,135000.0,False
Certified,H-1B,Associate,17-1011.00,"Architects, Except Landscape and Naval",Y,0,"BEYER BLINDER BELLE, ARCHITECTS AND PLANNERS, LLP",New York,NY,90000.0,Year,No,,90000.0,False
Certified,H-1B,Assistant Project Scientist,19-2041.00,"Environmental Scientists and Specialists, Including Health",Y,0,"UNIVERSITY OF CALIFORNIA, LOS ANGELES",Los Angeles,CA,78000.0,Year,No,,78000.0,True
Certified - Withdrawn,H-1B,Engineer I,17-2051.00,Civil Engineers,Y,1,"CHA CONSULTING, INC.",Columbus,OH,74256.0,Year,No,,74256.0,False
Certified,H-1B,Electrical Engineer II – Power System Study,17-2071.00,Electrical Engineers,Y,0,"RRC POWER AND ENERGY, LLC",San Jose,CA,96000.0,Year,No,,96000.0,True
Certified,H-1B,Engineer in Training I,17-2051.00,Civil Engineers,Y,1,"HKS, INC.",Dallas,TX,73507.2,Year,No,,73507.2,False
Certified,H-1B,Associate Engineer,17-2051.00,Civil Engineers,Y,0,"HSA & ASSOCIATES, INC.",Pasadena,CA,150000.0,Year,No,,150000.0,True
Certified,H-1B,Graduate Engineer II - Civil,17-2051.00,Civil Engineers,Y,0,"MARTINEZ MOORE ENGINEERS, LLC",Austin,TX,84996.8,Year,No,,84996.8,False
Certified - Withdrawn,H-1B,Civil Associate I,17-2051.00,Civil Engineers,Y,0,"MICHAEL BAKER INTERNATIONAL, INC.",Dearborn,MI,72530.0,Year,No,,72530.0,False
Certified - Withdrawn,H-1B,Associate,17-2051.00,Civil Engineers,Y,0,"EXPONENT, INC.",Oakland,CA,85000.0,Year,No,,85000.0,True
Certified,H-1B,Entry Level Architectural Designer,17-1011.00,"Architects, Except Landscape and Naval",Y,0,"NADAAA, INC.",Cambridge,MA,72987.0,Year,No,,72987.0,False
Certified,H-1B,Graduate Engineer II - Civil,17-2051.00,Civil Engineers,Y,1,"WALTER P. MOORE AND ASSOCIATES, INC.",Dallas,TX,74464.0,Year,No,,74464.0,False
Certified,H-1B,Project Engineer II,17-2071.00,Electrical Engineers,Y,0,ENGIE NORTH AMERICA INC.,San Jose,CA,128149.0,Year,No,,128149.0,True
Certified,H-1B,Data Centre Infrastructure Engineer I,17-2051.00,Civil Engineers,Y,0,"AMAZON DATA SERVICES, INC",Boardman,OR,140000.0,Year,No,,140000.0,False
Certified,H-1B,Structural Project Engineer 1,17-2051.00,Civil Engineers,N,0,IMEG CONSULTANTS CORP.,Los Angeles,CA,98000.0,Year,No,,98000.0,True
Certified,H-1B,Associate Commitment Analysis Engineer,17-2071.00,Electrical Engineers,Y,1,NEW YORK INDEPENDENT SYSTEM OPERATOR,Rensselaer,NY,88000.0,Year,No,,88000.0,False
Certified,H-1B,Product Development Engineer II,17-2141.00,Mechanical Engineers,Y,0,EMD MILLIPORE CORPORATION,Bedford,MA,98966.0,Year,No,,98966.0,False
Certified,H-1B,Mechanical Engineer 2,17-2141.00,Mechanical Engineers,Y,0,CAPGEMINI AMERICA INC,SOUTHFIELD,MI,87589.0,Year,No,,87589.0,False
Certified,H-1B,Engineer in Training (Civil Engineer),17-2051.00,Civil Engineers,Y,0,"ALSAL CONSTRUCTION, INC.",Dallas,TX,68550.0,Year,No,,68550.0,False
Certified,H-1B,Research Scientist I - Soil Carbon Monitoring [00069727],19-2041.00,"Environmental Scientists and Specialists, Including Health",Y,0,"WOODWELL CLIMATE RESEARCH CENTER, INC.",Falmouth,MA,79567.5,Year,No,,79567.5,False
Certified - Withdrawn,H-1B,Civil Engineer I,17-2051.00,Civil Engineers,Y,1,"MICHAEL BAKER INTERNATIONAL, INC.",Katy,TX,79394.0,Year,No,,79394.0,False
Certified,H-1B,Design Associate I,17-1011.00,"Architects, Except Landscape and Naval",Y,1,"MICHAEL BAKER INTERNATIONAL, INC.",Moon Township,PA,68640.0,Year,No,,68640.0,False
Certified - Withdrawn,H-1B,Quality Engineer II,17-2141.00,Mechanical Engineers,Y,0,"NEMAK USA, INC.",Sheboygan,WI,108122.0,Year,No,,108122.0,False
Certified,H-1B,Design Engineer II,17-2141.00,Mechanical Engineers,Y,0,HUMANSCALE CORPORATION,New York,NY,106000.18,Year,No,,106000.18,False
Certified,H-1B,Electrical Engineer II,17-2071.00,Electrical Engineers,Y,1,"NOVELIS ALR ALUMINUM, LLC",Davenport,IA,100800.0,Year,No,,100800.0,False
Certified - Withdrawn,H-1B,Transportation Engineering Associate,17-2051.01,Transportation Engineers,Y,0,"DKS ASSOCIATES, INC.",West Lake HIlls,TX,90000.04,Year,No,,90000.04,False
Certified - Withdrawn,H-1B,Associate Research Scholar,17-2081.00,Environmental Engineers,Y,0,THE TRUSTEES OF PRINCETON UNIVERSITY,Princeton,NJ,89716.0,Year,No,,89716.0,False
Certified,H-1B,Research Associate,17-2051.00,Civil Engineers,Y,1,"RUTGERS, THE STATE UNIVERSITY OF NEW JERSEY",Piscataway,NJ,105068.0,Year,No,,105068.0,False
Certified,H-1B,Associate Engineer,17-2071.00,Electrical Engineers,Y,1,"ATLANTIC CITY ELECTRIC, AN EXELON COMPANY",Berlin,NJ,78166.0,Year,No,,78166.0,False
Certified,H-1B,Intern Architect,17-1011.00,"Architects, Except Landscape and Naval",Y,1,"VCBO ARCHITECTURE, LLC",Salt Lake City,UT,29.72,Hour,No,,61817.6,False
Certified,H-1B,Structural Engineer II,17-2051.00,Civil Engineers,Y,1,UZUN AND CASE LLC,Atlanta,GA,81000.0,Year,No,,81000.0,False
Certified,H-1B,Engineer in Training I,17-2051.00,Civil Engineers,Y,1,"HKS, INC.",Chicago,IL,74505.6,Year,No,,74505.6,False
Certified,H-1B,Assistant Scientist II,19-2041.00,"Environmental Scientists and Specialists, Including Health",Y,0,THE CONNECTICUT AGRICULTURAL EXPERIMENT STATION,New Haven,CT,96139.0,Year,No,,96139.0,False
Certified,H-1B,Electrical Engineer II,17-2071.00,Electrical Engineers,Y,0,SUBSTATION ENGINEERING CO.,Skellytown,TX,109054.0,Year,No,,109054.0,False
Certified,H-1B,Research Scientist II,17-2141.00,Mechanical Engineers,Y,1,"NOVARTIS INSTITUTES FOR BIOMEDICAL RESEARCH, INC.",Cambridge,MA,80850.0,Year,No,,80850.0,False
Certified,H-1B,Transportation Engineer 2,17-2051.01,Transportation Engineers,Y,0,"ARCADIS U.S., INC.",Cary,NC,87734.4,Year,No,,87734.4,False
Certified,H-1B,Engineer I - Project Development,17-2051.00,Civil Engineers,Y,1,FREEPORT-MCMORAN MORENCI INC.,Morenci,AZ,85600.0,Year,No,,85600.0,False
Certified,H-1B,Mechanical Engineer II,17-2141.00,Mechanical Engineers,Y,0,"ELECTRIC ERA TECHNOLOGIES, INC.",Seattle,WA,130000.0,Year,No,,130000.0,False
Certified,H-1B,Engineer I,17-2051.00,Civil Engineers,Y,0,"STIVER ENGINEERING, INC.",Houston,TX,71070.0,Year,No,,71070.0,False
Certified,H-1B,Engineer II,17-2051.00,Civil Engineers,Y,0,"WOOLPERT, INC.",Sudbury,MA,140004.8,Year,No,,140004.8,False
Certified,H-1B,ENGINEER I,17-2051.00,Civil Engineers,Y,0,"H.W. LOCHNER, INC",LaPorte,IN,91499.2,Year,No,,91499.2,False
Certified,H-1B,Project Engineer I,17-2051.00,Civil Engineers,Y,0,"BARGE DESIGN SOLUTIONS, INC.",Orlando,FL,110000.0,Year,No,,110000.0,False
Certified,H-1B,Project Engineer I,17-2051.00,Civil Engineers,Y,0,IMEG CONSULTANTS CORP.,San Francisco,CA,106163.0,Year,No,,106163.0,True
Certified,H-1B,Railroad Engineer in Training (EIT),17-2051.00,Civil Engineers,Y,1,"HDR ENGINEERING, INC.",Omaha,NE,74692.8,Year,No,,74692.8,False
Certified,H-1B,Engineer II,17-2071.00,Electrical Engineers,Y,1,CARNEGIE MELLON UNIVERSITY,Pittsburgh,PA,75000.0,Year,No,,75000.0,False
Certified,H-1B,Architectural Designer ( Jr Level),17-1011.00,"Architects, Except Landscape and Naval",Y,1,HWKN ARCHITECTURE DPC,NEW YORK,NY,72000.0,Year,No,,72000.0,False
Certified,H-1B,Mechanical Engineer II,17-2141.00,Mechanical Engineers,Y,0,"ELECTRIC ERA TECHNOLOGIES, INC.",Seattle,WA,150000.0,Year,No,,150000.0,False
Certified,H-1B,Electrical Engineer 2,17-2071,Electrical Engineers,Y,0,BLACK & VEATCH CORPORATION,Houston,TX,84219.0,Year,No,,84219.0,False
Certified,H-1B,Distribution Engineer I,17-2071.00,Electrical Engineers,Y,0,"MILHOUSE ENGINEERING & CONSTRUCTION, INC.",Chicago,IL,85000.0,Year,No,,85000.0,False
Certified,H-1B,Associate,17-2051.00,Civil Engineers,Y,0,NOUS ENGINEERING INC.,Los Angeles,CA,126034.0,Year,No,,126034.0,True
Certified,H-1B,Architectural Designer (Jr Level),17-1011.00,"Architects, Except Landscape and Naval",Y,1,HWKN ARCHITECTURE DPC,NEW YORK,NY,70000.0,Year,No,,70000.0,False
Certified,H-1B,Data Centre Infrastructure Engineer I,17-2051.00,Civil Engineers,Y,0,"AMAZON DATA SERVICES, INC",Herndon,VA,136900.0,Year,No,,136900.0,False
Certified,H-1B,Test Engineer II,17-2141.00,Mechanical Engineers,Y,0,"BECTON, DICKINSON AND COMPANY",Franklin Lakes,NJ,85191.0,Year,No,,85191.0,False
Certified,H-1B,R&D Engineer I,17-2071.00,Electrical Engineers,Y,1,NEW YORK POWER AUTHORITY,White Plains,NY,110000.0,Year,No,,110000.0,False
Certified,H-1B,Architectural Designer (Jr Level),17-1011.00,"Architects, Except Landscape and Naval",Y,1,HWKN ARCHITECTURE DPC,NEW YORK,NY,75000.0,Year,No,,75000.0,False
Certified,H-1B,Junior Materials Conservation Specialist,17-1011.00,"Architects, Except Landscape and Naval",Y,1,"PAGE & TURNBULL, INC.",Los Angeles,CA,70375.03,Year,No,,70375.03,True
Certified - Withdrawn,H-1B,Battery Design Engineer II,17-2141.00,Mechanical Engineers,Y,0,"RIVIAN AUTOMOTIVE, LLC",Tustin,CA,110250.0,Year,No,,110250.0,True
Certified,H-1B,Process Engineer I,17-2141.00,Mechanical Engineers,Y,1,BRUNSWICK CORPORATION,Vonore,TN,84700.0,Year,No,,84700.0,False
Certified,H-1B,"Engineer II, Mechanical",17-2141.00,Mechanical Engineers,Y,1,"MESO SCALE DIAGNOSTICS, LLC",Gaithersburg,MD,105000.0,Year,No,,105000.0,False
Certified,H-1B,Systems Engineer II,17-2071.00,Electrical Engineers,Y,0,DSI TELECOM INC,Coppell,TX,75000.0,Year,No,,75000.0,False
Certified,H-1B,Structural Engineer II,17-2051.00,Civil Engineers,Y,0,UZUN AND CASE LLC,Atlanta,GA,98000.0,Year,No,,98000.0,False
Certified,H-1B,Transportation Engineer I,17-2051.01,Transportation Engineers,Y,0,GRESHAM SMITH,Atlanta,GA,90000.0,Year,No,,90000.0,False
Certified,H-1B,Electrical Engineer 2,17-2071.00,Electrical Engineers,Y,1,"SKYWORKS SOLUTIONS, INC.",NEWBURY PARK,CA,102258.0,Year,No,,102258.0,True
Certified,H-1B,"Modeling Engineer II, Battery",17-2141.01,Fuel Cell Engineers,Y,1,"LUCID USA, INC.",Newark,CA,118810.0,Bi-Weekly,No,,6178120.0,True
Certified,H-1B,Mechanical Engineer 1,17-2141.00,Mechanical Engineers,Y,1,"B D G WRAP-TITE, INC.",Solon,OH,67371.0,Year,No,,67371.0,False
Certified,H-1B,Design Engineer II,17-2051.00,Civil Engineers,Y,0,"MICHELS CONSTRUCTION, INC.",Lomira,WI,102669.0,Year,No,,102669.0,False
Certified - Withdrawn,H-1B,Assistant Professor of Mechanical Engineering Technology,25-1032.00,"Engineering Teachers, Postsecondary",Y,0,PURDUE UNIVERSITY,Fort Wayne,IN,69000.0,Year,No,,69000.0,False
Certified,H-1B,Junior Project Engineer,17-2051.00,Civil Engineers,Y,1,NY DEVELOPERS & MANAGEMENT LLC,Brooklyn,NY,90000.0,Year,No,,90000.0,False
Certified,H-1B,"Associate Consultant, Architecture",17-1011.00,"Architects, Except Landscape and Naval",Y,1,WSP USA INC.,New York,NY,80017.6,Year,No,,80017.6,False
Certified,H-1B,Engineer II (Project Engineer),17-2071.00,Electrical Engineers,Y,0,YOKOGAWA CORPORATION OF AMERICA,Wayne,PA,92288.6,Year,No,,92288.6,False
Certified,H-1B,Research Engineer II,17-2071.00,Electrical Engineers,Y,1,MISSISSIPPI STATE UNIVERSITY,Starkville,MS,85700.0,Year,No,,85700.0,False
Certified,H-1B,Electrical Engineer II,17-2071.00,Electrical Engineers,Y,1,BAUSCH & LOMB AMERICAS INC.,Saint Louis,MO,89981.0,Year,No,,89981.0,False
Certified,H-1B,Electrical Engineering Graduate - Designer 2,17-2071.00,Electrical Engineers,Y,0,IMEG CONSULTANTS CORP.,San Francisco,CA,108160.0,Year,No,,108160.0,True
Certified - Withdrawn,H-1B,Network Engineer II,17-2071,Electrical Engineers,Y,0,"GLOBAL TECHNOLOGY ASSOCIATES, LLC",Jackson,MS,92040.0,Year,No,,92040.0,False
Certified,H-1B,Quality Control Engineer I,17-2051.00,Civil Engineers,Y,1,"ROCKY MOUNTAIN PRECAST, LLC",Yigo,GU,48443.0,Year,No,,48443.0,False
Certified,H-1B,Quality Control Engineer I,17-2051.00,Civil Engineers,Y,1,"ROCKY MOUNTAIN PRECAST, LLC",Yigo,GU,48443.0,Year,No,,48443.0,False
Certified,H-1B,Engineering Assistant,17-2051.00,Civil Engineers,Y,0,"HARSHMAN CE GROUP, LLC",Washington,PA,32.5,Hour,No,,67600.0,False
Certified,H-1B,Assistant Project Engineer,17-2051.00,Civil Engineers,Y,1,"ARDAMAN & ASSOCIATES, INC.",Orlando,FL,82035.0,Year,No,,82035.0,False
Certified,H-1B,Junior Civil Engineer,17-2051.00,Civil Engineers,Y,1,VANTAGE AIRPORT GROUP (US) LTD.,Jamaica,NY,74589.0,Year,No,,74589.0,False
Certified,H-1B,THERMAL ENGINEER I,17-2141.00,Mechanical Engineers,Y,0,CONCEPT GROUP LLC,PALM BEACH GARDENS,FL,90000.0,Year,No,,90000.0,False
Certified,H-1B,Snr Mechanical Engineer II,17-2141.00,Mechanical Engineers,Y,0,ASM AMERICA INC.,Phoenix,AZ,115898.0,Year,No,,115898.0,False
Certified - Withdrawn,H-1B,Electrical Engineer I,17-2071.00,Electrical Engineers,Y,1,MILWAUKEE ELECTRIC TOOL CORPORATION,Brookfield,WI,82000.0,Year,No,,82000.0,False
Certified,H-1B,Data Center Infrastructure Engineer II,17-2051.00,Civil Engineers,Y,0,"AMAZON DATA SERVICES, INC",Austin,TX,140900.0,Year,No,,140900.0,False
Certified - Withdrawn,H-1B,RF Engineer II,17-2071.00,Electrical Engineers,Y,0,"GLOBAL TECHNOLOGY ASSOCIATES, LLC",Seattle,WA,92000.0,Year,No,,92000.0,False
Certified,H-1B,Semi Design Engineer II,17-2141.00,Mechanical Engineers,Y,0,SMITHS INTERCONNECT AMERICAS INC.,Irving,TX,86466.0,Year,No,,86466.0,False
Certified,H-1B,Engineer I,17-2141.00,Mechanical Engineers,Y,0,"CHA CONSULTING, INC.",Syracuse,NY,80999.98,Year,No,,80999.98,False
Certified,H-1B,Research Assistant Professor,17-2051.00,Civil Engineers,Y,1,THE UNIVERSITY OF TENNESSEE,Knoxville,TN,99999.96,Year,No,,99999.96,False
Certified,H-1B,Aviation Engineer in Training (EIT),17-2051.00,Civil Engineers,Y,0,"HDR ENGINEERING, INC.",Denver,CO,85000.0,Year,No,,85000.0,False
Certified,H-1B,DATA CENTER INFRASTRUCTURE ENGINEER II,17-2141.00,Mechanical Engineers,Y,0,"AMAZON DATA SERVICES, INC.",HERNDON,VA,143500.0,Year,No,,143500.0,False
Certified,H-1B,Controls Engineer II,17-2071.00,Electrical Engineers,Y,0,"INDUSTRIAL AUTOMATION GROUP, LLC",Modesto,CA,97906.0,Year,No,,97906.0,True
Certified - Withdrawn,H-1B,Junior Structural Designer,17-2051.00,Civil Engineers,Y,1,"SKIDMORE, OWINGS & MERRILL LLP",San Francisco,CA,83533.0,Year,No,,83533.0,True
Certified,H-1B,Project Associate,17-2051.00,Civil Engineers,Y,0,PATTERN ENERGY GROUP SERVICES LP,Richardson,TX,86528.0,Year,No,,86528.0,False
Certified,H-1B,Data Centre Infrastructure Engineer I,17-2051.00,Civil Engineers,Y,0,"AMAZON DATA SERVICES, INC",Seattle,WA,127000.0,Year,No,,127000.0,False
Certified,H-1B,GRADUATE ENGINEER,17-2051.00,Civil Engineers,Y,0,"ANLARR CONSTRUCTION, LLC",HOUSTON,TX,41.07,Hour,No,,85425.6,False
Certified,H-1B,Civil Engineer – Assistant,17-2051.00,Civil Engineers,Y,0,"HARSHMAN CE GROUP, LLC",Washington,PA,32.5,Hour,No,,67600.0,False
Certified,H-1B,"Associate, Architectural Lighting Designer",17-1011.00,"Architects, Except Landscape and Naval",Y,0,"CLINE BETTRIDGE BERNSTEIN LIGHTING DESIGN, INC.",New York,NY,92000.0,Year,No,,92000.0,False
Certified,H-1B,"Assistant Professor, Electromechanical Engineering Tech.",25-1032.00,"Engineering Teachers, Postsecondary",Y,1,"CALIFORNIA STATE POLYTECHNIC UNIVERSITY, POMONA",Pomona,CA,103008.0,Year,No,,103008.0,True
Certified,H-1B,CPS Field Engineer II,17-2141.00,Mechanical Engineers,Y,0,"CUDD PUMPING SERVICES, INC.",Odessa,TX,107037.0,Year,No,,107037.0,False
Certified - Withdrawn,H-1B,Assistant Project Scientist ,17-2051.01,Transportation Engineers,N,0,"UNIVERSITY OF CALIFORNIA, LOS ANGELES",Los Angeles,CA,41.47,Hour,No,,86257.59999999999,True
Certified,H-1B,Intern Architect II,17-1011.00,"Architects, Except Landscape and Naval",N,0,WORKSPACE 11 LLC,Brooklyn,NY,42.11,Hour,No,,87588.8,False
Certified - Withdrawn,H-1B,System Test Engineer II,17-2071.00,Electrical Engineers,Y,0,"OSSIA, INC",Redmond,WA,90000.0,Year,No,,90000.0,False
Certified,H-1B,Application Engineer II (Clean Energy),17-2071.00,Electrical Engineers,Y,0,"SENSATA TECHNOLOGIES, INC.",Troy,MI,104367.36,Year,No,,104367.36,False
Certified,H-1B,Mechanical Engineer II,17-2141.00,Mechanical Engineers,Y,0,"KINKISHARYO INTERNATIONAL, LLC",El Segundo,CA,109600.0,Year,No,,109600.0,True
Certified,H-1B,Assistant Professor of Mechanical Engineering,25-1032.00,"Engineering Teachers, Postsecondary",Y,1,MINNESOTA STATE COLLEGES AND UNIVERSITIES,Mankato,MN,81185.0,Year,No,,81185.0,False
Certified,H-1B,Research Associate,17-2141.00,Mechanical Engineers,Y,0,UNIVERSITY OF WISCONSIN-MILWAUKEE,Milwaukee,WI,65582.0,Year,No,,65582.0,False
Certified,H-1B,Associate Project Engineer,17-2141.00,Mechanical Engineers,Y,0,ABB INC.,Auburn Hills,MI,72467.0,Year,No,,72467.0,False
Certified - Withdrawn,H-1B,ASSOCIATE PRODUCT ENGINEER II,17-2141.00,Mechanical Engineers,Y,0,NEXTEER AUTOMOTIVE CORPORATION,SAGINAW,MI,87735.53,Year,No,,87735.53,False
Certified,H-1B,Engineer 1,19-2041.00,"Environmental Scientists and Specialists, Including Health",Y,0,"APEX COMPANIES, LLC",Dallas,TX,63674.0,Year,No,,63674.0,False
Certified,H-1B,Project Engineer II,17-2051.00,Civil Engineers,Y,0,FLATIRON CONSTRUCTION CORP.,San Diego,CA,112597.0,Year,No,,112597.0,True
Certified,H-1B,Transportation Engineer 2,17-2051.00,Civil Engineers,Y,0,"ARCADIS U.S., INC.",Atlanta,GA,87672.0,Year,No,,87672.0,False
Certified - Withdrawn,H-1B,Associate Systems Engineer II,17-2071.00,Electrical Engineers,Y,1,NEXTEER AUTOMOTIVE CORPORATION,SAGINAW,MI,78030.0,Year,No,,78030.0,False
Certified,H-1B,Civil Engineer I,17-2051.00,Civil Engineers,Y,0,"MICHAEL BAKER INTERNATIONAL, INC.",Hamilton,NJ,85000.0,Year,No,,85000.0,False
Certified - Withdrawn,H-1B,Mechanical Engineer I,17-2141.00,Mechanical Engineers,Y,0,"NOVELIS ALR ROLLED PRODUCTS, INC.",Uhrichsville,OH,78090.0,Year,No,,78090.0,False
Certified,H-1B,Cold Formed Steel Framing Structural Engineer I (Civil Eng),17-2051.00,Civil Engineers,Y,0,"MEYER, BORGMAN & JOHNSON, INC.",Minneapolis,MN,71760.0,Year,No,,71760.0,False
Certified,H-1B,SYSTEM ADMINISTRATOR/ENGINEER II,17-2141.00,Mechanical Engineers,Y,0,AMAZON.COM SERVICES LLC,SEATTLE,WA,143700.0,Year,No,,143700.0,False
Certified - Withdrawn,H-1B,Systems Engineer I,17-2199.05,Mechatronics Engineers,Y,1,"DYNAMIC MOTION CONTROL, INC",La Jolla,CA,90334.0,Year,No,,90334.0,True
Certified,H-1B,Research Associate,17-2141.00,Mechanical Engineers,Y,1,UNIVERSITY OF KENTUCKY,Lexington,KY,65582.0,Year,No,,65582.0,False
Certified,H-1B,Architectural Design Associate,17-1011.00,"Architects, Except Landscape and Naval",Y,0,"MZA, P.S.",Belevue,WA,66851.0,Year,No,,66851.0,False
Certified,H-1B,Architect Level I,17-1011.00,"Architects, Except Landscape and Naval",Y,0,"STUDIO PCH, INC.",Venice,CA,70000.0,Year,No,,70000.0,True
Certified,H-1B,Assistant Project Scientist,17-2081.00,Environmental Engineers,Y,1,"UNIVERSITY OF CALIFORNIA, LOS ANGELES",Los Angeles,CA,93700.0,Year,No,,93700.0,True
Certified,H-1B1 Singapore,Mechanical Engineer II,17-2141.00,Mechanical Engineers,Y,0,LENNOX INTERNATIONAL INC.,Carrollton,TX,86466.0,Year,No,,86466.0,False
Certified - Withdrawn,H-1B,Associate Research Scientist,17-2199.09,Nanosystems Engineers,Y,0,YALE UNIVERSITY,New Haven,CT,97531.0,Year,No,,97531.0,False
Certified - Withdrawn,H-1B,Assistant Professor of Civil and Environmental Engineering,25-1032.00,"Engineering Teachers, Postsecondary",Y,1,THE UNIVERSITY OF ALABAMA IN HUNTSVILLE,Huntsville,AL,100000.0,Year,No,,100000.0,False
Certified,H-1B,Junior Designer,17-1011.00,"Architects, Except Landscape and Naval",Y,0,"DI DOMENICO PARTNERS, LLP",Long Island City,NY,82500.0,Year,No,,82500.0,False
Certified - Withdrawn,H-1B,Civil Engineer II,17-2051.00,Civil Engineers,Y,0,"MICHAEL BAKER INTERNATIONAL, INC.",Little Rock ,AR,90000.0,Year,No,,90000.0,False
Certified,H-1B,Assistant Research Scientist,19-2041.00,"Environmental Scientists and Specialists, Including Health",Y,1,UNIVERSITY OF MARYLAND CENTER FOR ENVIRONMENTAL SCIENCE,College Park,MD,70000.0,Year,No,,70000.0,False
Certified,H-1B,Civil Engineer I,17-2051.00,Civil Engineers,Y,0,"MICHAEL BAKER INTERNATIONAL, INC.",Ontario,CA,93000.0,Year,No,,93000.0,True
Certified,H-1B,Jr. Mechanical Engineer,17-2141.00,Mechanical Engineers,Y,0,"AVID ENGINEERS, LLC",Boston,MA,103000.0,Year,No,,103000.0,False
Certified,H-1B,Associate,17-2199.00,"Engineers, All Other",Y,1,"FORENSIX CONSULTING, LLC",Austin,TX,80000.0,Year,No,,80000.0,False
Certified,H-1B,Data Scientist 2 - Vehicle Control Engineer,17-2141.00,Mechanical Engineers,Y,0,VISTEON CORPORATION,Van Buren Township,MI,104144.0,Year,No,,104144.0,False
Certified,H-1B,"Assistant Professor, Sustainability Studies",25-1053.00,"Environmental Science Teachers, Postsecondary",Y,1,LA SIERRA UNIVERSITY,Riverside,CA,81460.0,Year,No,,81460.0,True
Certified - Withdrawn,H-1B,Research Associate,19-2041.00,"Environmental Scientists and Specialists, Including Health",Y,1,GEORGETOWN UNIVERSITY,Washington,DC,58885.0,Year,No,,58885.0,False
Certified,H-1B,Project Engineer II,17-2071.00,Electrical Engineers,Y,0,COMPRESSOR CONTROLS LLC,HOUSTON,TX,110000.0,Year,No,,110000.0,False
Certified - Withdrawn,H-1B,Associate Environmental Consultant ,17-2081.00,Environmental Engineers,Y,1,"TRINITY CONSULTANTS, INC.",Ventura,CA,83375.21,Year,No,,83375.21,True
Certified - Withdrawn,H-1B,Scientist 2,17-2141.00,Mechanical Engineers,Y,0,"TRIAD NATIONAL SECURITY, LLC",Los Alamos,NM,140000.0,Year,No,,140000.0,False
Certified,H-1B,Assistant Professor of Mechanical Engineering,25-1032.00,"Engineering Teachers, Postsecondary",Y,1,KING'S COLLEGE,Wilkes-Barre,PA,88000.0,Year,No,,88000.0,False
Certified,H-1B,Engineer I,17-2141.00,Mechanical Engineers,Y,0,"SAMSUNG AUSTIN SEMICONDUCTOR, LLC.",Austin,TX,89419.0,Year,No,,89419.0,False
Certified - Withdrawn,H-1B,Data Research Analyst 1,17-2199.08,Robotics Engineers,Y,1,"THE LELAND STANFORD, JR UNIVERSITY",Stanford,CA,88610.0,Year,No,,88610.0,True
Certified,H-1B,Graduate Engineer II - Diagnostics,17-2051.00,Civil Engineers,Y,0,"WALTER P. MOORE AND ASSOCIATES, INC.",New York,NY,92500.2,Year,No,,92500.2,False
Certified,H-1B,Assistant Professor of Mechanical Engineering,25-1032.00,"Engineering Teachers, Postsecondary",Y,1,KING'S COLLEGE,Wilkes-Barre,PA,91325.0,Year,No,,91325.0,False
Certified,H-1B,Assistant System Planning Engineer II,17-2071.00,Electrical Engineers,Y,1,NEW YORK POWER AUTHORITY,Marcy,NY,80000.0,Year,No,,80000.0,False
Certified,H-1B,Region Engineer I,17-2141.00,Mechanical Engineers,Y,0,"CUDD PUMPING SERVICES, INC.",Odessa,TX,107037.0,Year,No,,107037.0,False
Certified,H-1B,"Assistant Professor, Civil Engineering",25-1032.00,"Engineering Teachers, Postsecondary",Y,0,"MONTANA TECHNOLOGICAL UNIVERSITY, WHICH IS PART OF THE UNIVERSITY OF MONTANA",Butte,MT,45000.0,Year,No,,45000.0,False
Certified,H-1B,Research Associate,19-2041.00,"Environmental Scientists and Specialists, Including Health",Y,1,THE UNIVERSITY OF VIRGINIA,Charlottesville,VA,66950.0,Year,No,,66950.0,False
Certified,H-1B,Engineer in Training (EIT),17-2051.00,Civil Engineers,Y,0,"OMEGA ENGINEERS, INC.",Houston,TX,87360.0,Year,No,,87360.0,False
Certified - Withdrawn,H-1B,Environmental Engineer in Training,17-2081.00,Environmental Engineers,Y,0,STANTEC CONSULTING SERVICES INC.,Walnut Creek,CA,101004.8,Year,No,,101004.8,True
Certified,H-1B,DATA CENTER INFRASTRUCTURE ENGINEER II,17-2141.00,Mechanical Engineers,Y,0,"AMAZON DATA SERVICES, INC.",HERNDON,VA,143500.0,Year,No,,143500.0,False
Certified,H-1B,Project Engineer I,17-2051.00,Civil Engineers,Y,0,"WDP & ASSOCIATES CONSULTING ENGINEERS, INC.",Manassas,VA,99153.0,Year,No,,99153.0,False
Certified,H-1B,Mechanical Engineer 2,17-2141.00,Mechanical Engineers,Y,0,EMC CORPORATION,Hopkinton,MA,107150.9,Year,No,,107150.9,False
Certified - Withdrawn,H-1B,Engineer II,17-2051.00,Civil Engineers,Y,1,"ATKINS NORTH AMERICA, INC.",Henderson,NV,80080.0,Year,No,,80080.0,False
Certified,H-1B,ASSOCIATE RESEARCH SCIENTIST,17-2141.00,Mechanical Engineers,Y,0,THE DOW CHEMICAL COMPANY,Freeport,TX,125008.0,Year,No,,125008.0,False
Certified,H-1B,Structural Engineer 1,17-2051,Civil Engineers,Y,0,TRANSYSTEMS CORPORATION,Fort Worth,TX,85009.6,Year,No,,85009.6,False
Certified,H-1B,Junior Project Engineer,17-2051.00,Civil Engineers,Y,1,NY DEVELOPERS & MANAGEMENT INC,Brooklyn,NY,115000.0,Year,No,,115000.0,False
Certified,H-1B,Wiring Systems Engineer II,17-2071.00,Electrical Engineers,Y,0,LEAR CORPORATION,Southfield,MI,100776.0,Year,No,,100776.0,False
Certified,H-1B,Junior Designer,17-1011.00,"Architects, Except Landscape and Naval",Y,0,WEISS TURKUS PROJECTS LLC,New York,NY,72553.0,Year,No,,72553.0,False
Certified,H-1B,Data Center Infrastructure Engineer II,17-2051.00,Civil Engineers,Y,0,"AMAZON DATA SERVICES, INC",Austin,TX,146200.0,Year,No,,146200.0,False
Certified,H-1B,Research Assistant Professor,17-2081.00,Environmental Engineers,Y,0,WASHINGTON STATE UNIVERSITY,Pullman,WA,89096.16,Year,No,,89096.16,False
Certified,H-1B,Region Engineer I,17-2141.00,Mechanical Engineers,Y,0,"CUDD PUMPING SERVICES, INC.",Odessa,TX,107037.0,Year,No,,107037.0,False
Certified,H-1B,Robotics Engineer II,17-2199.08,Robotics Engineers,Y,0,PICKNIK INC.,Boulder,CO,115000.0,Year,No,,115000.0,False
Certified,H-1B,System Validation Engineer II,17-2141.00,Mechanical Engineers,Y,1,"AVEVA DRUG DELIVERY SYSTEMS, INC.",Miramar,FL,90000.0,Year,No,,90000.0,False
Certified,H-1B,Energy Modeler (Building Performance Analyst II),17-2081.00,Environmental Engineers,Y,0,"THE GREEN ENGINEER, INC.",Concord,MA,108118.0,Year,No,,108118.0,False
Certified,H-1B,Associate Traffic Engineer,17-2051.01,Transportation Engineers,Y,0,WSP USA INC.,Houston,TX,87505.6,Year,No,,87505.6,False
Certified,H-1B,Technical Specialist II,17-2141.00,Mechanical Engineers,Y,0,GULFSTREAM AEROSPACE CORPORATION,Savannah,GA,158340.0,Year,No,,158340.0,False
Certified - Withdrawn,H-1B,Assistant Professor of Mechanical Engineering,25-1032.00,"Engineering Teachers, Postsecondary",Y,0,BOISE STATE UNIVERSITY,Boise,ID,96969.6,Year,No,,96969.6,False
Certified,H-1B,Research Scientist II,17-2081.00,Environmental Engineers,Y,0,IOWA STATE UNIVERSITY OF SCIENCE AND TECHNOLOGY,Ames,IA,59301.0,Year,No,,59301.0,False
Certified - Withdrawn,H-1B,SCADA Engineer II,17-2199.05,Mechatronics Engineers,Y,0,TESCO CONTROLS LLC,Sacramento,CA,113000.0,Year,No,,113000.0,True
Certified,H-1B,MARINE STRUCTURAL EIT,17-2051.00,Civil Engineers,Y,1,"JACOBS CIVIL CONSULTANTS, INC.",New York,NY,92000.0,Year,No,,92000.0,False
Certified,H-1B,Junior Project Engineer,17-2051.00,Civil Engineers,Y,1,NY DEVELOPERS & MANAGEMENT INC,Brooklyn,NY,115000.0,Year,No,,115000.0,False
Certified,H-1B,Propulsion Hardware in the Loop Simulation Engineer II,17-2141.02,Automotive Engineers,Y,0,DETROIT DIESEL CORPORATION,Detroit,MI,107000.0,Year,No,,107000.0,False
Certified,H-1B,Research Assistant Professor,17-2071.00,Electrical Engineers,Y,0,THE UNIVERSITY OF TENNESSEE,Knoxville,TN,77106.0,Year,No,,77106.0,False
Certified,H-1B,Associate Professor of Mechanical Engineering,25-1032.00,"Engineering Teachers, Postsecondary",Y,0,GEORGIA SOUTHERN UNIVERSITY,STATESBORO,GA,108133.0,Year,No,,108133.0,False
Certified,H-1B,Assistant Professor of Civil Engineering,25-1032.00,"Engineering Teachers, Postsecondary",Y,1,UNIVERSITY OF MOUNT UNION,Alliance,OH,76500.0,Year,No,,76500.0,False
Certified,H-1B,Electrical Engineer II,17-2071.00,Electrical Engineers,Y,0,MILWAUKEE ELECTRIC TOOL CORPORATION,Brookfield,WI,92000.0,Year,No,,92000.0,False
Certified,H-1B,"Assistant Professor, Mechanical Engineering",25-1032.00,"Engineering Teachers, Postsecondary",Y,1,THE UNIVERSITY OF ALABAMA,Tuscaloosa,AL,105000.0,Year,No,,105000.0,False
Certified,H-1B,Geomechanical Engineer II,17-2151.00,"Mining and Geological Engineers, Including Mining Safety Engineers",Y,0,FREEPORT MINERALS CORPORATION,Phoenix,AZ,105000.0,Year,No,,105000.0,False
Certified,H-1B,I&C (Instrumentation & Controls) Engineer 2,17-2141.00,Mechanical Engineers,Y,0,"STRATA SOLAR, LLC",Durham,NC,83470.0,Year,No,,83470.0,False
Certified,H-1B,Associate Consultant - Architectural Engineering,17-1011.00,"Architects, Except Landscape and Naval",Y,1,"RIMKUS CONSULTING GROUP, INC.",New York,NY,85000.0,Year,No,,85000.0,False
Certified,H-1B,SYSTEM ADMINISTRATOR/ENGINEER II,17-2141.00,Mechanical Engineers,Y,0,AMAZON.COM SERVICES LLC,SEATTLE,WA,140000.0,Year,No,,140000.0,False
Certified - Withdrawn,H-1B,Design Engineer II,17-2141.00,Mechanical Engineers,Y,0,"GOKEN AMERICA, LLC",Dublin,OH,31.17,Hour,No,,64833.600000000006,False
Certified,H-1B,Electrical Engineer I,17-2071.00,Electrical Engineers,Y,0,SUNGROW USA CORPORATION,Houston,TX,98000.0,Year,No,,98000.0,False
Certified,H-1B,Engineer II,17-2051.00,Civil Engineers,Y,0,"RUMMEL, KLEPPER & KAHL, LLP",Fairfax,VA,45.25,Hour,No,,94120.0,False
Certified,H-1B,Structural Engineering Graduate - Designer 1,17-2051.00,Civil Engineers,Y,0,IMEG CONSULTANTS CORP.,Pasadena,CA,73000.0,Year,No,,73000.0,True
Certified,H-1B,Controls Engineer II,17-2199.05,Mechatronics Engineers,Y,0,"E-TECHNOLOGIES GROUP, LLC.",Modesto,CA,120000.0,Year,No,,120000.0,True
Certified,H-1B,"Assistant Professor, Civil Engineering",25-1032.00,"Engineering Teachers, Postsecondary",Y,1,UNIVERSITY OF SOUTH FLORIDA,Tampa,FL,100000.0,Year,No,,100000.0,False
Certified,H-1B,Junior Scheduler,17-2051.00,Civil Engineers,Y,0,"DACK CONSULTING SOLUTIONS, INC.",White Plains,NY,95000.0,Year,No,,95000.0,False
Certified,H-1B,SOEST Assistant Researcher (Climate Variability & Change),19-2041.01,Climate Change Policy Analysts,Y,1,RESEARCH CORPORATION OF THE UNIVERSITY OF HAWAII,Honolulu,HI,30.57,Hour,No,,63585.6,False
Certified,H-1B,I&C (Instrumentation & Controls) Engineer 2,17-2071.00,Electrical Engineers,Y,0,"STRATA SOLAR, LLC",Durham,NC,83470.0,Year,No,,83470.0,False
Certified,H-1B,Project Engineer I,17-2199.00,"Engineers, All Other",Y,1,BOCCARD LIFE SCIENCES INC.,Riverton,UT,85000.0,Year,No,,85000.0,False
Certified,H-1B,Electrical Engineer II,17-2071.00,Electrical Engineers,Y,0,SYSCON INTERNATIONAL INC.,South Bend,IN,84178.0,Year,No,,84178.0,False
Certified,H-1B,Field Service Engineer II,17-2071.00,Electrical Engineers,Y,0,"RS&A, INC.",Rural Hall,NC,82200.19,Year,No,,82200.19,False
Certified,H-1B,HIGHWAY ENGINEERING PROFESSIONAL ASSOCIATE,17-2051.00,Civil Engineers,Y,0,JACOBS ENGINEERING GROUP INC.,ATLANTA,GA,106250.0,Year,No,,106250.0,False
Certified,H-1B,System Development Engineer II,17-2199.05,Mechatronics Engineers,Y,0,AMAZON.COM SERVICES LLC,Madison,WI,134400.0,Year,No,,134400.0,False
Certified - Withdrawn,H-1B,Project Engineer I,17-2051.00,Civil Engineers,Y,0,"WDP & ASSOCIATES CONSULTING ENGINEERS, INC.",Manassas,VA,99153.0,Year,No,,99153.0,False
Certified,H-1B,CPS Field Engineer II,17-2141.00,Mechanical Engineers,Y,0,"CUDD PUMPING SERVICES, INC.",Odessa,TX,107037.0,Year,No,,107037.0,False
Certified,H-1B,"Assistant Professor, Civil Engineering",25-1032.00,"Engineering Teachers, Postsecondary",Y,0,OREGON INSTITUTE OF TECHNOLOGY,Klamath Falls,OR,86508.05,Year,No,,86508.05,False
Certified - Withdrawn,H-1B,TTI Assistant Research Scientist,17-2051.00,Civil Engineers,Y,1,TEXAS A&M TRANSPORTATION INSTITUTE,Bryan,TX,73500.12,Year,No,,73500.12,False
Certified,H-1B,Project Engineer I,17-2051.00,Civil Engineers,Y,0,"GREENLIGHT LOT, INC.",Loveland,OH,64200.0,Year,No,,64200.0,False
Certified,H-1B,"Associate Consultant, Electrical Engineer",17-2071.00,Electrical Engineers,Y,0,WSP USA BUILDINGS INC.,Chicago,IL,95680.0,Year,No,,95680.0,False
Certified,H-1B,Mechanical Engineer II,17-2141.00,Mechanical Engineers,Y,1,VOITH HYDRO INC.,YORK,PA,88200.06,Year,No,,88200.06,False
Certified,H-1B,"Associate Consultant, Structure Engineering",17-2051.00,Civil Engineers,Y,0,WSP USA INC.,Seattle,WA,86008.0,Year,No,,86008.0,False
Certified,H-1B,Engineer I,17-2141.00,Mechanical Engineers,Y,0,"SUBARU OF AMERICA, INC.",Van Buren Township,MI,80000.0,Year,No,,80000.0,False
Certified,H-1B,Manufacturing Engineer II,17-2141.00,Mechanical Engineers,Y,0,"RESTOR3D, INC.",Wilmington,MA,106090.0,Year,No,,106090.0,False
Certified,H-1B,Product Support Engineer II,17-2141.00,Mechanical Engineers,Y,0,ASM AMERICA INC.,Phoenix,AZ,87090.0,Year,No,,87090.0,False
Certified,H-1B,Electrical Engineer 1,17-2071.00,Electrical Engineers,Y,0,ENERSYS DELAWARE INC.,Reading,PA,89343.0,Year,No,,89343.0,False
Certified,H-1B,Engineer I,17-2051.00,Civil Engineers,Y,0,"WOOLPERT, INC.",Farmers Branch,TX,98966.4,Year,No,,98966.4,False
Certified,H-1B,Mechanical Engineer II,17-2141.00,Mechanical Engineers,Y,0,ASM AMERICA INC.,Phoenix,AZ,87090.0,Year,No,,87090.0,False
Certified,H-1B,Research Scientist II,19-2041.00,"Environmental Scientists and Specialists, Including Health",Y,0,THE UNIVERSITY OF ALABAMA IN HUNTSVILLE,Huntsville,AL,89250.0,Year,No,,89250.0,False
Certified,H-1B,Associate,17-1011.00,"Architects, Except Landscape and Naval",Y,0,COOPER ROBERTSON,New York,NY,88000.0,Year,No,,88000.0,False
Certified,H-1B,Utility Electrical Engineer II,17-2071.00,Electrical Engineers,Y,0,"NEW LEAF ENERGY, INC.",Lowell,MA,113214.0,Year,No,,113214.0,False
Certified,H-1B,Assistant Professor of Mechanical Engineering,25-1032.00,"Engineering Teachers, Postsecondary",Y,0,EMBRY-RIDDLE AERONAUTICAL UNIVERSITY,Daytona Beach,FL,72521.0,Year,No,,72521.0,False
Certified,H-1B,Data Center Infrastructure Engineer II,17-2051.00,Civil Engineers,Y,0,"AMAZON DATA SERVICES, INC",Herndon,VA,130400.0,Year,No,,130400.0,False
Certified,H-1B,Civil Engineer I,17-2051,Civil Engineers,Y,0,TRANSYSTEMS CORPORATION,Fort Lauderdale,FL,77417.6,Year,No,,77417.6,False
Certified,H-1B,Data Centre Infrastructure Engineer I,17-2051.00,Civil Engineers,Y,0,"AMAZON DATA SERVICES, INC",Boardman,OR,126200.0,Year,No,,126200.0,False
Certified,H-1B,"Engineer II, DSP",17-2071.00,Electrical Engineers,Y,0,SHURE INCORPORATED,Niles,IL,93122.0,Year,No,,93122.0,False
Certified,H-1B,Assistant Professor of Mechanical Engineering Technology,25-1032.00,"Engineering Teachers, Postsecondary",Y,1,INDIANA STATE UNIVERSITY,Terre Haute,IN,76000.0,Year,No,,76000.0,False
Certified,H-1B,Data Center Infrastructure Engineer II,17-2051.00,Civil Engineers,Y,0,AMAZON.COM SERVICES LLC,Austin,TX,150000.0,Year,No,,150000.0,False
Certified,H-1B,Electrical Engineer II,17-2071.00,Electrical Engineers,Y,0,REHABILITATION INSTITUTE OF CHICAGO,Chicago,IL,83762.0,Year,No,,83762.0,False
Certified,H-1B,Mechanical Engineer 2,17-2112.00,Industrial Engineers,Y,0,"METHODE ELECTRONICS, INC.",Southfield,MI,115000.0,Year,No,,115000.0,False
Certified - Withdrawn,H-1B,Design Engineer II,17-2141.00,Mechanical Engineers,Y,0,"GOKEN AMERICA, LLC",Dublin,OH,30.0,Hour,No,,62400.0,False
Certified,H-1B,Data Center Infrastructure Engineer II,17-2051.00,Civil Engineers,Y,0,"AMAZON DATA SERVICES, INC",Herndon,VA,137800.0,Year,No,,137800.0,False
Certified,H-1B,Assistant Research Technologist FSC,17-2199.11,Solar Energy Systems Engineers,N,0,ARIZONA STATE UNIVERSITY,Mesa,AZ,30.56,Hour,No,,63564.799999999996,False
Certified,H-1B,Automation Engineer II,17-2071.00,Electrical Engineers,Y,0,"NOR-CAL CONTROLS ES, INC.",El Dorado Hills,CA,113600.0,Year,No,,113600.0,True
Certified,H-1B,Data Centre Infrastructure Engineer I,17-2071.00,Electrical Engineers,Y,0,"AMAZON DATA SERVICES, INC",Herndon,VA,126200.0,Year,No,,126200.0,False
Certified,H-1B,CPS Field Engineer II,17-2141.00,Mechanical Engineers,Y,0,"CUDD PUMPING SERVICES, INC.",Odessa,TX,107037.0,Year,No,,107037.0,False
Certified,H-1B,"Designer, Architectural Associate",17-1011.00,"Architects, Except Landscape and Naval",Y,0,"ARCHEO DESIGN STUDIO, INC.",Chicago,IL,80000.0,Year,No,,80000.0,False
Certified,H-1B,Architectural Associate,17-1011.00,"Architects, Except Landscape and Naval",Y,0,BECKNELL SERVICES LLC,La Grange,IL,68000.0,Year,No,,68000.0,False
Certified,H-1B,PRODUCIBILITY ENGINEER II,17-2071.00,Electrical Engineers,Y,0,"INTELLIGRATED SYSTEMS, INC.",Mason,OH,93363.0,Year,No,,93363.0,False
Certified - Withdrawn,H-1B,Structural Durability Engineer II,17-2141.00,Mechanical Engineers,Y,0,"RIVIAN AUTOMOTIVE, LLC",Plymouth,MI,136000.0,Year,No,,136000.0,False
Certified - Withdrawn,H-1B,Associate,17-2071.00,Electrical Engineers,Y,1,"ARUP US, INC.",New York,NY,150000.0,Year,No,,150000.0,False
Certified,H-1B,Structural Engineer in Training,17-2051.00,Civil Engineers,Y,0,"ERICKSEN, ROED AND ASSOCIATES, INC.",Saint Paul,MN,74000.0,Year,No,,74000.0,False
Certified,H-1B,Technical Services Specialist II,17-2141.00,Mechanical Engineers,Y,0,"COSETTE PHARMACEUTICALS NC LABORATORIES, LLC",Lincolnton,NC,67870.0,Year,No,,67870.0,False
Certified,H-1B,Civil Engineer I,17-2051.00,Civil Engineers,Y,0,"MICHAEL BAKER INTERNATIONAL, INC.",Ontario,CA,79428.0,Year,No,,79428.0,True
Certified,H-1B,Civil Associate I,17-2051.00,Civil Engineers,Y,0,"MICHAEL BAKER INTERNATIONAL, INC.",Hamilton,NJ,83038.0,Year,No,,83038.0,False
Certified - Withdrawn,H-1B,Architectural Intern (Project Technician),17-1011.00,"Architects, Except Landscape and Naval",Y,0,"NICHOLS, MELBURG & ROSSETTO, AIA & ASSOCIATES, INC.",Redding,CA,31.06,Hour,No,,64604.799999999996,True
Certified,H-1B,Structural Engineer 2,17-2051,Civil Engineers,Y,0,TRANSYSTEMS CORPORATION,Fort Worth,TX,112008.0,Year,No,,112008.0,False
Certified,H-1B,Assistant Professor of Mechanical Engineering,25-1032,"Engineering Teachers, Postsecondary",Y,0,VANDERBILT UNIVERSITY,Nashville,TN,111395.0,Year,No,,111395.0,False
Certified - Withdrawn,H-1B,"Associate Consultant, Structural Engineering",17-2051.00,Civil Engineers,Y,1,WSP USA BUILDINGS INC.,Los Angeles,CA,91520.0,Year,No,,91520.0,True
Certified,H-1B,Assistant Research Engineer,17-2051.00,Civil Engineers,Y,0,TEXAS A&M TRANSPORTATION INSTITUTE,Bryan,TX,88816.0,Year,No,,88816.0,False
Certified - Withdrawn,H-1B,Engineer (Systems Engineer II),17-2141.00,Mechanical Engineers,Y,0,MOTIONAL AD INC.,Pittsburgh,PA,104816.0,Year,No,,104816.0,False
Certified - Withdrawn,H-1B,Junior Mechanical Designer,17-2141.00,Mechanical Engineers,Y,0,"ENGENIUM GROUP, LLC",Baltimore,MD,86000.0,Year,No,,86000.0,False
Certified,H-1B,SOEST Assistant Researcher (Climate Variability & Change),19-2041.01,Climate Change Policy Analysts,Y,1,RESEARCH CORPORATION OF THE UNIVERSITY OF HAWAII,Honolulu,HI,30.57,Hour,No,,63585.6,False
Certified - Withdrawn,H-1B,Research Scientist II,19-2041.00,"Environmental Scientists and Specialists, Including Health",Y,0,THE UNIVERSITY OF ALABAMA IN HUNTSVILLE,Huntsville,AL,89250.0,Year,No,,89250.0,False
Certified - Withdrawn,H-1B,"Associate, Sustainable Energies - KBGFJG162173-1",13-2051.00,Financial Analysts,Y,1,"CPPIB AMERICA, INC.",New York,NY,130021.0,Year,No,,130021.0,False
Certified,H-1B,Scientist I,17-2141.00,Mechanical Engineers,Y,1,UNIVERSITY OF WISCONSIN SYSTEM,Madison,WI,73958.0,Year,No,,73958.0,False
Certified,H-1B,Chassis Engineer II,17-2141.00,Mechanical Engineers,N,0,"ROUSH MANAGEMENT, LLC",Allen Park,MI,42.11,Hour,No,,87588.8,False
Certified,H-1B,Data Center Infrastructure Engineer II,17-2051.00,Civil Engineers,Y,0,"AMAZON DATA SERVICES, INC",Austin,TX,150000.0,Year,No,,150000.0,False
Certified,H-1B,Controls Engineer II,17-2071.00,Electrical Engineers,Y,0,"FMH CONVEYORS, LLC",Downers Grove,IL,93122.0,Year,No,,93122.0,False
Certified,H-1B,Structural Engineer II,17-2051.00,Civil Engineers,Y,0,"RSE ASSOCIATES, INC.",Watertown,MA,126922.0,Year,No,,126922.0,False
Certified,H-1B,"Assistant Professor - Environment, Geography Sustainability",25-1064.00,"Geography Teachers, Postsecondary",Y,1,WESTERN MICHIGAN UNIVERSITY,Kalamazoo,MI,70000.0,Year,No,,70000.0,False
Certified,H-1B,Associate – Structure,17-2051.00,Civil Engineers,Y,0,"THORNTON TOMASETTI, INC.",Chicago,IL,125000.0,Year,No,,125000.0,False
Certified - Withdrawn,H-1B,Validation Engineer II,17-2141.00,Mechanical Engineers,Y,0,"RIVIAN AUTOMOTIVE, LLC",Tustin,CA,111384.0,Year,No,,111384.0,True
Certified,H-1B,Junior Designer,17-1011.00,"Architects, Except Landscape and Naval",Y,0,"DI DOMENICO PARTNERS, LLP",Long Island City,NY,82500.0,Year,No,,82500.0,False
Certified,H-1B,Data Centre Infrastructure Engineer I,17-2051.00,Civil Engineers,Y,0,"AMAZON DATA SERVICES, INC",Herndon,VA,126200.0,Year,No,,126200.0,False
Certified,H-1B,Associate,17-2141.00,Mechanical Engineers,Y,0,STRESS ENGINEERING SERVICES INC.,Houston,TX,120000.0,Year,No,,120000.0,False
Certified,H-1B,Structural Engineer II,17-2051.00,Civil Engineers,Y,0,BRINDLEY ENGINEERING,Lisle,IL,70824.0,Year,No,,70824.0,False
Certified - Withdrawn,H-1B,Project Engineer II,17-2051.00,Civil Engineers,Y,0,FLATIRON CONSTRUCTION CORP.,Denver,CO,98077.04,Year,No,,98077.04,False
Certified,H-1B,Assistant Project Scientist,17-2071.00,Electrical Engineers,Y,1,"UNIVERSITY OF CALIFORNIA, DAVIS",Davis,CA,100300.0,Year,No,,100300.0,True
Certified - Withdrawn,H-1B,Mechanical Engineer II,17-2141.00,Mechanical Engineers,Y,1,"RIVIAN AUTOMOTIVE, LLC",Irvine,CA,97000.0,Year,No,,97000.0,True
Certified,H-1B,Data Centre Infrastructure Engineer I,17-2051.00,Civil Engineers,Y,0,"AMAZON DATA SERVICES, INC",Herndon,VA,130200.0,Year,No,,130200.0,False
Certified,H-1B,Data Center Infrastructure Engineer II,17-2051.00,Civil Engineers,Y,0,"AMAZON DATA SERVICES, INC",Columbus,OH,143000.0,Year,No,,143000.0,False
Certified,H-1B,Engineering Design Associate,17-2071.00,Electrical Engineers,Y,0,"BURNS ENGINEERING, INC.",Washington,DC,107000.0,Year,No,,107000.0,False
Certified - Withdrawn,H-1B,Engineer II,17-2051.00,Civil Engineers,Y,0,ATKINS NORTH AMERICA INC.,Dallas,TX,92250.0,Year,No,,92250.0,False
Certified,H-1B,Data Center Infrastructure Engineer II,17-2051.00,Civil Engineers,Y,0,"AMAZON DATA SERVICES, INC",Herndon,VA,146100.0,Year,No,,146100.0,False
Certified,H-1B,Civil Engineer I,17-2051,Civil Engineering,Y,0,TRANSYSTEMS CORPORATION,Overland Park,KS,83200.0,Year,No,,83200.0,False
Certified - Withdrawn,H-1B,Propulsion Systems Engineer II,17-2071.00,Electrical Engineers,Y,0,"RIVIAN AUTOMOTIVE, LLC",Irvine,CA,105000.0,Year,No,,105000.0,True
Certified,H-1B,Robotics Engineer 1,17-2199.08,Robotics Engineers,Y,0,SUREFIRE PILOTLESS BURNER SYSTEMS LLC,Plano,TX,105000.0,Year,No,,105000.0,False
Certified - Withdrawn,H-1B,Engineer II,17-2051.00,Civil Engineers,Y,0,ATKINSRÉALIS USA INC.,Reno,NV,96750.0,Year,No,,96750.0,False
Certified - Withdrawn,H-1B,Post Masters Research Associate (Energy & Climate Analysis),19-2041.01,Climate Change Policy Analysts,Y,1,BATTELLE MEMORIAL INSTITUTE,College Park,MD,60630.0,Year,No,,60630.0,False
Certified,H-1B,Data Center Infrastructure Engineer II,17-2051.00,Civil Engineers,Y,0,"AMAZON DATA SERVICES, INC",Herndon,VA,143500.0,Year,No,,143500.0,False
Certified,H-1B,Applications Engineer II,17-2141.00,Mechanical Engineers,Y,0,"YANMAR MASTRY ENGINE CENTER, LLC",Clearwater,FL,76000.0,Year,No,,76000.0,False
Certified,H-1B,Data Centre Infrastructure Engineer I,17-2051.00,Civil Engineers,Y,0,"AMAZON DATA SERVICES, INC",Herndon,VA,68640.0,Year,No,,68640.0,False
Certified,H-1B,Mechanical Engineer 2,17-2141.00,Mechanical Engineers,Y,0,EMC CORPORATION,Marlborough,MA,107150.9,Year,No,,107150.9,False
Certified,H-1B,Graduate - Mechanical Engineer,17-2141.00,Mechanical Engineers,Y,1,KENNECOTT UTAH COPPER LLC,Magna,UT,64376.0,Year,No,,64376.0,False
Certified,H-1B,Design Associate - Architecture,17-1011.00,"Architects, Except Landscape and Naval",Y,0,THE HASKELL COMPANY,Jacksonville,FL,61774.46,Year,No,,61774.46,False
Certified,H-1B,FIELD SERVICE ENGINEER II,17-2141.00,Mechanical Engineers,Y,0,"INTELLIGRATED SERVICES, LLC",BROOMFIELD,CO,91640.0,Year,No,,91640.0,False
Certified,H-1B,"Associate Consultant, Civil Engineering",17-2051.00,Civil Engineers,Y,0,WSP USA INC.,Jacksonville,FL,74297.6,Year,No,,74297.6,False
Certified - Withdrawn,H-1B,Associate/Designer,17-1011.00,"Architects, Except Landscape and Naval",Y,1,BOOTH HANSEN LTD,Chicago,IL,56930.0,Year,No,,56930.0,False
Certified,H-1B,Assistant Professor of Mechanical Engineering,25-1032.00,"Engineering Teachers, Postsecondary",Y,0,ALFRED UNIVERSITY,Alfred,NY,85230.0,Year,No,,85230.0,False
Certified,H-1B,Environmental Geoscience Graduate - KBGFJG235426-4,19-2041.00,"Environmental Scientists and Specialists, Including Health",Y,1,KENNECOTT UTAH COPPER LLC,South Jordan,UT,86000.0,Year,No,,86000.0,False
Certified,H-1B,Assistant Professor of Civil Engineering,25-1032.00,"Engineering Teachers, Postsecondary",Y,1,THE COOPER UNION FOR THE ADVANCEMENT OF SCIENCE AND ART,New York,NY,100000.0,Year,No,,100000.0,False
Certified,H-1B,Environmental Scientist II,19-2041.00,"Environmental Scientists and Specialists, Including Health",Y,0,AECOM TECHNICAL SERVICES INC,Long Beach,CA,83691.0,Year,No,,83691.0,True
Certified,H-1B,"Engineer I, Water Waste Water Engineering",17-2051.02,Water/Wastewater Engineers,Y,0,AECOM TECHNICAL SERVICES INC,Chicago,IL,110240.0,Year,No,,110240.0,False
Certified,H-1B,"Assistant Professor of Research, Dept. of Civil Engineering",25-1032.00,"Engineering Teachers, Postsecondary",Y,1,UNIVERSITY OF TEXAS AT ARLINGTON,Cumming,GA,66000.0,Year,No,,66000.0,False
Certified,H-1B,"R&D Sustaining Engineer II, MDR",17-2141.00,Mechanical Engineers,Y,0,"ARROW INTERNATIONAL, INC.",Maple Grove,MN,97781.0,Year,No,,97781.0,False
Certified,H-1B,Mechanical Engineer I,17-2144.00,"Mechanical Engineers, R&D",Y,1,BROOKHAVEN NATIONAL LABORATORY,Upton,NY,170000.0,Year,No,,170000.0,False
Certified - Withdrawn,H-1B,Engineer II,17-2051.00,Civil Engineers,Y,0,ATKINS NORTH AMERICA INC.,Henderson,NV,84000.0,Year,No,,84000.0,False
Certified - Withdrawn,H-1B,Research Associate (Environmental Scientist),19-2041.00,"Environmental Scientists and Specialists, Including Health",Y,1,UNIVERSITY OF COLORADO,Boulder,CO,72999.96,Year,No,,72999.96,False
Certified,H-1B,CPS Field Engineer II,17-2141.00,Mechanical Engineers,Y,0,"CUDD PUMPING SERVICES, INC.",Odessa,TX,94806.0,Year,No,,94806.0,False
Certified,H-1B,Electrical and Controls Engineer 2 - KBGFJG186219-3,15-1211.00,Computer Systems Analysts,Y,1,U.S. BORAX INC.,Boron,CA,104000.0,Year,No,,104000.0,True
Certified - Withdrawn,H-1B,Project Engineer II,17-2051.00,Civil Engineers,Y,0,FLATIRON CONSTRUCTION CORP.,Denver,CO,110000.0,Year,No,,110000.0,False
Certified,H-1B,Engineer in Training,17-2141.00,Mechanical Engineers,Y,0,MURRAY PLUMBING & HEATING CORP.,Rancho Dominguez,CA,97700.0,Year,No,,97700.0,True
Certified,H-1B,Mechanical Engineer 2,17-2141.00,Mechanical Engineers,Y,0,CAPGEMINI AMERICA INC,DETROIT,MI,108251.0,Year,No,,108251.0,False
Certified - Withdrawn,H-1B,Reliability Engineer II,17-2071.00,Electrical Engineers,Y,0,MILWAUKEE ELECTRIC TOOL CORPORATION,Brookfield,WI,83970.0,Year,No,,83970.0,False
Certified,H-1B,Assistant Professor of Population Med. Sustainable Ag. Food,25-1041.00,"Agricultural Sciences Teachers, Postsecondary",Y,0,TRUSTEES OF THE UNIVERSITY OF PENNSYLVANIA,Kennett Square,PA,140000.0,Year,No,,140000.0,False
Certified,H-1B,"Engineer 2, Controls Vehicle",17-2071.00,Electrical Engineers,Y,0,"R.H. SHEPPARD CO., INC.",Shelby Township,MI,96204.0,Year,No,,96204.0,False
Certified,H-1B,Engineer 2,17-2051.00,Civil Engineers,Y,0,"KIEWIT ENERGY GROUP, INC.",Houston,TX,103816.96,Year,No,,103816.96,False
Certified,H-1B,Project Engineer I,17-2199.03,"Energy Engineers, Except Wind and Solar",Y,0,TRC ENVIRONMENTAL CORPORATION,Arlington,TX,81868.8,Year,No,,81868.8,False
Certified,H-1B,DATA CENTER INFRASTRUCTURE ENGINEER II,17-2051.00,Civil Engineers,Y,0,"AMAZON DATA SERVICES, INC.",HERNDON,VA,130400.0,Year,No,,130400.0,False
Certified,H-1B,Graduate - Mechanical Engineer - KBGFJG275985-1,17-2141.00,Mechanical Engineers,Y,1,KENNECOTT UTAH COPPER LLC,South Jordan,UT,87300.0,Year,No,,87300.0,False
Certified,H-1B,Research Associate (Environmental Sciences),19-2041.00,"Environmental Scientists and Specialists, Including Health",Y,0,UNIVERSITY OF COLORADO,Boulder,CO,100727.04,Year,No,,100727.04,False
Certified,H-1B,Assistant Research Scientist,19-2041.02,Environmental Restoration Planners,Y,0,UNIVERSITY OF MARYLAND CENTER FOR ENVIRONMENTAL SCIENCE,Annapolis,MD,92183.38,Year,No,,92183.38,False
Certified,H-1B,Lab Engineer I,17-2199.08,Robotics Engineers,Y,0,AMAZON.COM SERVICES LLC,Sunnyvale,CA,136344.0,Year,No,,136344.0,True
Certified,H-1B,Project Design Engineer II,17-2141.00,Mechanical Engineers,Y,0,"CLIPPARD INSTRUMENT LABORATORY, INC",Cincinnati,OH,82742.0,Year,No,,82742.0,False
Certified,H-1B,Scientist I,19-2041.00,"Environmental Scientists and Specialists, Including Health",Y,0,THE UNIVERSITY OF ALABAMA AT BIRMINGHAM,Birmingham,AL,80000.0,Year,No,,80000.0,False
Certified - Withdrawn,H-1B,Electrical Engineering Associate,17-2071.00,Electrical Engineers,Y,0,"BURNS ENGINEERING, INC.",Philadelphia,PA,73341.0,Year,No,,73341.0,False
Certified - Withdrawn,H-1B,JUNIOR DESIGNER,17-1011.00,"Architects, Except Landscape and Naval",Y,0,PLATT BYARD DOVELL WHITE ARCHITECTS LLP,NEW YORK,NY,75000.0,Year,No,,75000.0,False
Certified,H-1B,Bridge Engineer in Training (EIT),17-2051.00,Civil Engineers,Y,0,"HDR ENGINEERING, INC.",Walnut Creek,CA,105019.2,Year,No,,105019.2,True
Certified - Withdrawn,H-1B,Civil Structural Engineering Associate II,17-2051.00,Civil Engineers,Y,0,"AUDUBON ENGINEERING OPERATIONS, LLC",Houston,TX,83200.0,Year,No,,83200.0,False
Certified,H-1B,Data Centre Infrastructure Engineer I,17-2051.00,Civil Engineers,Y,0,"AMAZON DATA SERVICES, INC",Austin,TX,126200.0,Year,No,,126200.0,False
Certified,H-1B,Firmware Engineer II,17-2071.00,Electrical Engineers,Y,1,MILWAUKEE ELECTRIC TOOL CORPORATION,Chicago,IL,108150.0,Year,No,,108150.0,False
Certified,H-1B,Junior Designer,17-1011.00,"Architects, Except Landscape and Naval",Y,0,"SKIDMORE, OWINGS & MERRILL LLP",Chicago,IL,61006.0,Year,No,,61006.0,False
Certified,H-1B,Data Centre Infrastructure Engineer I,17-2051.00,Civil Engineers,Y,0,"AMAZON DATA SERVICES, INC",Herndon,VA,130000.0,Year,No,,130000.0,False
Certified,H-1B,Assistant Engineer,17-2051.00,Civil Engineers,Y,0,"PEOPLES ASSOCIATES STRUCTURAL ENGINEERS, INC.",San Jose,CA,93001.0,Year,No,,93001.0,True
Certified,H-1B,Assistant Professor of Civil Engineering,25-1032.00,"Engineering Teachers, Postsecondary",Y,1,UNIVERSITY OF MOUNT UNION,Alliance,OH,80000.0,Year,No,,80000.0,False
Certified,H-1B,Engineer II,17-2071.00,Electrical Engineers,Y,1,"HITACHI ASTEMO AMERICAS, INC",Sunbury,OH,105000.0,Year,No,,105000.0,False
Certified,H-1B,Electrical Engineer II,17-2071.00,Electrical Engineers,Y,0,AVIDYNE CORPORATION,Melbourne,FL,88982.0,Year,No,,88982.0,False
